cond,opponent,wins,losses,pure_winrate,p_raw,p_holm,significant
BT-v1,BT-v2,0,43,0.0,2.2737367544323206e-13,7.048583938740194e-12,True
BT-v1,BT-v3,0,48,0.0,7.105427357601002e-15,2.5579538487363607e-13,True
BT-v2,BT-v2,20,20,0.5,1.0,1.0,False
BT-v2,BT-v3,117,0,1.0,1.2037062152420224e-35,6.500013562306921e-34,True
BT-v3,BT-v2,0,117,0.0,1.2037062152420224e-35,6.500013562306921e-34,True
BT-v3,BT-v3,3,3,0.5,1.0,1.0,False
BTO-s0-b300,BT-v2,5,50,0.09090909090909091,2.1358426138817774e-10,5.1260222733162655e-09,True
BTO-s0-b300,BT-v3,132,0,1.0,3.6734198463196485e-40,2.204051907791789e-38,True
BTO-s1-b300,BT-v2,2,52,0.037037037037037035,1.6497914145929826e-13,5.279332526697544e-12,True
BTO-s1-b300,BT-v3,120,0,1.0,1.504632769052528e-36,8.57640678359941e-35,True
BTO-s2-b300,BT-v2,4,44,0.08333333333333333,1.5138326148189662e-09,3.179048491119829e-08,True
BTO-s2-b300,BT-v3,133,2,0.9851851851851852,4.2157084511325866e-37,2.4451109016569e-35,True
POOL-s0-b100,BT-v2,29,96,0.232,1.4292764071780264e-09,3.144408095791658e-08,True
POOL-s0-b100,BT-v3,179,0,1.0,2.61012178719941e-54,2.375210826351463e-52,True
POOL-s0-b1000,BT-v2,88,36,0.7096774193548387,3.3919214577622724e-06,5.087882186643408e-05,True
POOL-s0-b1000,BT-v3,189,0,1.0,2.5489470578119236e-57,2.7528628224368775e-55,True
POOL-s0-b200,BT-v2,34,76,0.3090909090909091,7.692818848583552e-05,0.0010769946388016973,True
POOL-s0-b200,BT-v3,184,0,1.0,8.156630584998156e-56,8.238196890848137e-54,True
POOL-s0-b300,BT-v2,55,102,0.3503184713375796,0.0002187649988710087,0.002406414987581096,True
POOL-s0-b300,BT-v3,182,0,1.0,3.2626522339992623e-55,3.132146144639292e-53,True
POOL-s0-b400,BT-v2,72,33,0.6857142857142857,0.0001783572223101363,0.0021402866677216357,True
POOL-s0-b400,BT-v3,155,0,1.0,4.3790577010150533e-47,3.0653403907105373e-45,True
POOL-s0-b500,BT-v2,65,92,0.4140127388535032,0.03764523991642198,0.2918672000668785,False
POOL-s0-b500,BT-v3,191,0,1.0,6.372367644529809e-58,7.00960440898279e-56,True
POOL-s0-b600,BT-v2,79,42,0.6528925619834711,0.0009830284971268928,0.009830284971268928,True
POOL-s0-b600,BT-v3,185,0,1.0,4.078315292499078e-56,4.20066475127405e-54,True
POOL-s0-b700,BT-v2,62,67,0.4806201550387597,0.7248543669717582,1.0,False
POOL-s0-b700,BT-v3,178,0,1.0,5.22024357439882e-54,4.489409473982985e-52,True
POOL-s0-b800,BT-v2,83,31,0.7280701754385965,1.1803379442916355e-06,1.8885407108666168e-05,True
POOL-s0-b800,BT-v3,185,0,1.0,4.078315292499078e-56,4.20066475127405e-54,True
POOL-s0-b900,BT-v2,112,20,0.8484848484848485,1.0363075244891659e-16,4.145230097956664e-15,True
POOL-s0-b900,BT-v3,189,0,1.0,2.5489470578119236e-57,2.7528628224368775e-55,True
POOL-s1-b100,BT-v2,3,190,0.015544041450777202,1.9090625746026406e-52,1.4890688081900597e-50,True
POOL-s1-b100,BT-v3,162,2,0.9878048780487805,1.15728573735224e-45,7.985271587730456e-44,True
POOL-s1-b1000,BT-v2,7,31,0.18421052631578946,0.00011616700794547796,0.0015101711032912135,True
POOL-s1-b1000,BT-v3,159,2,0.9875776397515528,8.923698521349738e-45,5.978878009304325e-43,True
POOL-s1-b200,BT-v2,30,131,0.18633540372670807,2.980983867581446e-16,1.162583708356764e-14,True
POOL-s1-b200,BT-v3,184,0,1.0,8.156630584998156e-56,8.238196890848137e-54,True
POOL-s1-b300,BT-v2,38,124,0.2345679012345679,7.62584161972628e-12,2.058977237326096e-10,True
POOL-s1-b300,BT-v3,181,0,1.0,6.525304467998525e-55,6.199039244598598e-53,True
POOL-s1-b400,BT-v2,36,127,0.22085889570552147,4.2346353699373125e-13,1.2703906109811937e-11,True
POOL-s1-b400,BT-v3,193,0,1.0,1.5930919111324523e-58,1.7842629404683466e-56,True
POOL-s1-b500,BT-v2,3,126,0.023255813953488372,1.0517441830394712e-33,5.363895333501303e-32,True
POOL-s1-b500,BT-v3,104,3,0.9719626168224299,2.5177481866260118e-27,1.1329866839817053e-25,True
POOL-s1-b600,BT-v2,7,121,0.0546875,5.890695503260465e-28,2.7097199314998136e-26,True
POOL-s1-b600,BT-v3,114,1,0.991304347826087,5.585196838722984e-33,2.792598419361492e-31,True
POOL-s1-b700,BT-v2,13,93,0.12264150943396226,4.542762798571596e-16,1.7262498634572064e-14,True
POOL-s1-b700,BT-v3,134,4,0.9710144927536232,8.552879677427434e-35,4.447497432262266e-33,True
POOL-s1-b800,BT-v2,13,85,0.1326530612244898,3.9846743192350404e-14,1.3946360117322642e-12,True
POOL-s1-b800,BT-v3,139,0,1.0,2.8698592549372254e-42,1.808011330610452e-40,True
POOL-s1-b900,BT-v2,41,109,0.2733333333333333,2.613846398298242e-08,4.96630815676666e-07,True
POOL-s1-b900,BT-v3,165,3,0.9821428571428571,4.225175945596205e-45,2.8731196430054196e-43,True
POOL-s2-b100,BT-v2,3,182,0.016216216216216217,4.304359995901132e-50,3.1852263969668375e-48,True
POOL-s2-b100,BT-v3,179,0,1.0,2.61012178719941e-54,2.375210826351463e-52,True
POOL-s2-b1000,BT-v2,20,100,0.16666666666666666,5.50839085025408e-14,1.8177689805838464e-12,True
POOL-s2-b1000,BT-v3,187,0,1.0,1.0195788231247695e-56,1.0603619760497602e-54,True
POOL-s2-b200,BT-v2,3,186,0.015873015873015872,2.8685085504498045e-51,2.2087515838463495e-49,True
POOL-s2-b200,BT-v3,183,0,1.0,1.6313261169996311e-55,1.5986995946596385e-53,True
POOL-s2-b300,BT-v2,9,157,0.05421686746987952,4.794187446718861e-36,2.684744970162562e-34,True
POOL-s2-b300,BT-v3,189,0,1.0,2.5489470578119236e-57,2.7528628224368775e-55,True
POOL-s2-b400,BT-v2,26,31,0.45614035087719296,0.5966417603730826,1.0,False
POOL-s2-b400,BT-v3,139,0,1.0,2.8698592549372254e-42,1.808011330610452e-40,True
POOL-s2-b500,BT-v2,30,88,0.2542372881355932,8.553538707156113e-08,1.4541015802165393e-06,True
POOL-s2-b500,BT-v3,183,0,1.0,1.6313261169996311e-55,1.5986995946596385e-53,True
POOL-s2-b600,BT-v2,31,110,0.2198581560283688,1.438425109833297e-11,3.596062774583243e-10,True
POOL-s2-b600,BT-v3,188,0,1.0,5.0978941156238473e-57,5.35278882140504e-55,True
POOL-s2-b700,BT-v2,35,110,0.2413793103448276,3.1877570240121074e-10,7.331841155227847e-09,True
POOL-s2-b700,BT-v3,193,0,1.0,1.5930919111324523e-58,1.7842629404683466e-56,True
POOL-s2-b800,BT-v2,34,121,0.21935483870967742,1.2102142864323582e-12,3.509621430653839e-11,True
POOL-s2-b800,BT-v3,190,0,1.0,1.2744735289059618e-57,1.3891761465074984e-55,True
POOL-s2-b900,BT-v2,34,128,0.20987654320987653,4.995060992910147e-14,1.69832073758945e-12,True
POOL-s2-b900,BT-v3,184,0,1.0,8.156630584998156e-56,8.238196890848137e-54,True
POOL-s3-b100,BT-v2,11,163,0.06321839080459771,7.186402318736348e-36,3.952521275304992e-34,True
POOL-s3-b100,BT-v3,181,0,1.0,6.525304467998525e-55,6.199039244598598e-53,True
POOL-s3-b1000,BT-v2,13,89,0.12745098039215685,4.301653981910124e-15,1.591611973306746e-13,True
POOL-s3-b1000,BT-v3,164,1,0.9939393939393939,7.098863070004872e-48,5.1111814104035076e-46,True
POOL-s3-b200,BT-v2,8,173,0.04419889502762431,1.6698959111277125e-41,1.0186365057879046e-39,True
POOL-s3-b200,BT-v3,179,0,1.0,2.61012178719941e-54,2.375210826351463e-52,True
POOL-s3-b300,BT-v2,24,158,0.13186813186813187,2.2083656165742886e-25,9.49597215126944e-24,True
POOL-s3-b300,BT-v3,181,1,0.9945054945054945,5.97065358821865e-53,4.8362294064571065e-51,True
POOL-s3-b400,BT-v2,45,115,0.28125,2.9783449483190746e-08,5.361020906974334e-07,True
POOL-s3-b400,BT-v3,174,0,1.0,8.352389719038111e-53,6.681911775230489e-51,True
POOL-s3-b500,BT-v2,10,184,0.05154639175257732,1.3836553561964267e-42,8.855394279657131e-41,True
POOL-s3-b500,BT-v3,148,5,0.9673202614379085,1.1851321278320514e-37,6.992279554209103e-36,True
POOL-s3-b600,BT-v2,67,71,0.4855072463768116,0.7985445343004951,1.0,False
POOL-s3-b600,BT-v3,181,0,1.0,6.525304467998525e-55,6.199039244598598e-53,True
POOL-s3-b700,BT-v2,24,98,0.19672131147540983,8.341401161083558e-12,2.168764301881725e-10,True
POOL-s3-b700,BT-v3,178,0,1.0,5.22024357439882e-54,4.489409473982985e-52,True
POOL-s3-b800,BT-v2,39,52,0.42857142857142855,0.20817442238117598,1.0,False
POOL-s3-b800,BT-v3,108,0,1.0,6.162975822039155e-33,3.019858152799186e-31,True
POOL-s3-b900,BT-v2,31,96,0.2440944881889764,6.327437536723091e-09,1.2654875073446182e-07,True
POOL-s3-b900,BT-v3,173,0,1.0,1.6704779438076223e-52,1.3196775756080216e-50,True
POOL-s4-b100,BT-v2,18,162,0.1,3.740079731944358e-30,1.7578374740138482e-28,True
POOL-s4-b100,BT-v3,187,4,0.9790575916230366,3.4977172149731774e-50,2.623287911229883e-48,True
POOL-s4-b1000,BT-v2,34,18,0.6538461538461539,0.03648340000835981,0.2918672000668785,False
POOL-s4-b1000,BT-v3,175,1,0.9943181818181818,3.695932450674364e-51,2.808908662512517e-49,True
POOL-s4-b200,BT-v2,20,176,0.10204081632653061,2.366672042838482e-32,1.1360025805624713e-30,True
POOL-s4-b200,BT-v3,178,4,0.978021978021978,1.475682890876291e-47,1.0477348525221666e-45,True
POOL-s4-b300,BT-v2,22,158,0.12222222222222222,1.4588452820485694e-26,6.418919241013705e-25,True
POOL-s4-b300,BT-v3,181,3,0.9836956521739131,8.46988598261501e-50,6.183016767308957e-48,True
POOL-s4-b400,BT-v2,15,119,0.11194029850746269,2.8651216342875742e-21,1.203351086400781e-19,True
POOL-s4-b400,BT-v3,142,0,1.0,3.587324068671532e-43,2.3317606446364956e-41,True
POOL-s4-b500,BT-v2,8,184,0.041666666666666664,1.315434622901097e-44,8.68186851114724e-43,True
POOL-s4-b500,BT-v3,179,0,1.0,2.61012178719941e-54,2.375210826351463e-52,True
POOL-s4-b600,BT-v2,3,192,0.015384615384615385,4.92255841988461e-53,4.03649790430538e-51,True
POOL-s4-b600,BT-v3,179,0,1.0,2.61012178719941e-54,2.375210826351463e-52,True
POOL-s4-b700,BT-v2,29,143,0.1686046511627907,2.613644246565302e-19,1.071594141091774e-17,True
POOL-s4-b700,BT-v3,176,0,1.0,2.088097429759528e-53,1.733120866700408e-51,True
POOL-s4-b800,BT-v2,33,118,0.2185430463576159,2.0451544091314493e-12,5.7264323455680576e-11,True
POOL-s4-b800,BT-v3,181,0,1.0,6.525304467998525e-55,6.199039244598598e-53,True
POOL-s4-b900,BT-v2,66,106,0.38372093023255816,0.0028336257642690636,0.025502631878421573,True
POOL-s4-b900,BT-v3,177,0,1.0,1.044048714879764e-53,8.770009204990017e-52,True
