cond,score,surv_time,viol_total,wez_time,score_heldout,d_star,d_star_090,d_star_095,d_star_099,fidelity_at_4,n_leaves,n_samples,family
POOL-s0-b500,0.7050000000000001,85.0864999999973,0.14663002181839688,2.849999999999996,0.9775,17.0,7.0,17.0,17.0,0.854001420869697,4462.0,25913,Pool
POOL-s0-b300,0.66875,87.99199999999712,0.1383487677178969,2.636249999999996,0.955,17.0,6.0,17.0,17.0,0.8598882996709661,3212.0,27156,Pool
POOL-s2-b500,0.65625,90.59062499999698,0.15484436489114306,2.496374999999997,0.9575,17.0,17.0,17.0,17.0,0.8267415000130249,2808.0,26867,Pool
BT-v2,0.64625,101.60124999999621,0.10049144181910204,1.493624999999998,0.7925,4.0,2.0,4.0,17.0,0.9523549886445596,16.0,31978,BT
POOL-s0-b100,0.64,96.54699999999661,0.16726487504473578,2.085249999999997,0.9475,5.0,3.0,5.0,17.0,0.9427397481276012,32.0,29229,Pool
POOL-s1-b300,0.61875,90.07162499999703,0.17281916129724628,2.128249999999997,0.9525,10.0,4.0,10.0,17.0,0.9174992113292701,512.0,28268,Pool
BTO-s2-b300,0.61375,105.52249999999607,0.055714238362253685,1.7084999999999977,0.8275,3.0,3.0,3.0,17.0,0.9780720611892695,8.0,31317,BTO
BTO-s0-b300,0.60875,104.67299999999608,0.05484142407281422,1.6372499999999979,0.83,5.0,3.0,5.0,17.0,0.9464720178901403,30.0,31096,BTO
BTO-s1-b300,0.5875,108.50387499999592,0.058977176109823976,1.584124999999998,0.8,3.0,3.0,3.0,17.0,0.9678445923904943,8.0,32558,BTO
POOL-s3-b300,0.5575,88.57637499999709,0.19042554066098782,2.071624999999997,0.95,17.0,6.0,17.0,17.0,0.8925351411477548,3233.0,27196,Pool
POOL-s4-b300,0.5525,86.95587499999719,0.18390271631210092,2.0931249999999975,0.945,17.0,7.0,17.0,17.0,0.8603118308598647,2947.0,25476,Pool
POOL-s2-b300,0.55125,91.60074999999692,0.17589488287931568,2.132624999999997,0.9725,17.0,4.0,17.0,17.0,0.9036738150775907,3231.0,28198,Pool
POOL-s4-b100,0.5487500000000001,87.73412499999714,0.1931763886143621,2.046874999999997,0.9575,17.0,5.0,17.0,17.0,0.8781360479173234,3463.0,26125,Pool
POOL-s3-b100,0.53625,84.61487499999731,0.21854808539581425,1.999124999999997,0.9525,17.0,6.0,17.0,17.0,0.8601085004700302,3940.0,26078,Pool
POOL-s4-b500,0.50375,83.84187499999737,0.18312507036154343,2.148124999999997,0.9475,17.0,5.0,17.0,17.0,0.8973300349645303,3931.0,25226,Pool
POOL-s2-b100,0.5,86.50437499999722,0.1834300108443795,2.032874999999997,0.9475,17.0,5.0,17.0,17.0,0.8913263000401852,3529.0,26034,Pool
POOL-s1-b500,0.4725,90.24562499999699,0.15716091699117574,1.5456249999999983,0.7525,8.0,4.0,8.0,17.0,0.9084040970836473,197.0,27020,Pool
POOL-s1-b100,0.46625,77.8592499999977,0.24167685380564863,1.8834999999999975,0.9,6.0,2.0,6.0,17.0,0.9408348968812781,63.0,23340,Pool
POOL-s3-b500,0.46125000000000005,78.25387499999766,0.2728739763669238,2.051624999999997,0.8575,17.0,17.0,17.0,17.0,0.5492106870064326,3730.0,22848,Pool
BT-v1,0.38625,98.32937499999636,0.0046903643040209966,0.011375000000000001,0.38,1.0,1.0,1.0,3.0,0.995244845451407,2.0,28033,BT
BT-v3,0.35375,104.41774999999606,0.008046191442581535,0.33125,0.5,5.0,3.0,5.0,17.0,0.940203613933418,28.0,31234,BT
