cond,opponent,n_seeds,score,score_lo,score_hi,pure_winrate,draw_rate,wez_time,damage,surv_time,viol_deck,viol_over_g,viol_total
BT-v2,BT-v2,100,0.5,0.4038315303659957,0.5961684696340044,0.5,0.8,0.22624999999999987,5.65625,103.3004999999961,0.0973824357900131,0.03844683390066541,0.14419935231795045
BTO-s2-b300,BT-v2,100,0.4,0.3094012864324589,0.4979974132089382,0.08333333333333333,0.76,0.29449999999999993,7.3625,110.15449999999579,0.0,0.05241363575846339,0.060045307689592445
BT-v1,BT-v2,100,0.3925,0.30247316610231484,0.49048043601218705,0.0,0.785,0.013500000000000002,0.3375,99.45474999999631,0.001856004247839295,0.0,0.004407818957311172
BTO-s0-b300,BT-v2,100,0.3875,0.2978668011592316,0.4854567359373401,0.09090909090909091,0.725,0.28399999999999986,7.1,107.66924999999588,0.0,0.05040933725917982,0.05769910765467409
BTO-s1-b300,BT-v2,100,0.375,0.2863947163440663,0.47285365820768,0.037037037037037035,0.73,0.2587499999999999,6.46875,111.49474999999573,0.0,0.05434362607648777,0.05998314962178987
POOL-s0-b100,BT-v2,100,0.3325,0.2478731142338281,0.42951970766551206,0.232,0.375,0.38799999999999996,9.7,101.43699999999635,0.19344721257502737,0.0482557902395649,0.2588319501371503
BT-v3,BT-v2,100,0.2075,0.13957775780983547,0.2970634386412512,0.0,0.415,0.19724999999999995,4.93125,99.90199999999633,0.0,0.0,0.006485938748405246
POOL-s4-b100,BT-v2,100,0.14,0.08526343659939134,0.22137188210963837,0.1,0.1,0.27899999999999997,6.975,94.07974999999676,0.21063783066369002,0.06947169292475193,0.2936085472662277
POOL-s3-b100,BT-v2,100,0.12,0.06999406437019488,0.19812099426711424,0.06321839080459771,0.13,0.27675,6.91875,87.38799999999712,0.19740782777391241,0.12996726130291905,0.3450279318559656
POOL-s2-b100,BT-v2,100,0.0525,0.02307361839045469,0.11503556250479748,0.016216216216216217,0.075,0.3114999999999999,7.7875,90.02374999999704,0.20882492991077659,0.07321906165327279,0.2902090525336365
POOL-s1-b100,BT-v2,100,0.0325,0.01155426336494032,0.08803465745859129,0.015544041450777202,0.035,0.23899999999999988,5.975,75.9804999999978,0.19072227045415643,0.16172850309618897,0.3605949143476969
POOL-s4-b100,BT-v3,100,0.9575,0.8982452994149738,0.9829056497256343,0.9790575916230366,0.045,3.814749999999994,95.36875,81.3884999999975,0.0018312059176104286,0.07889436487404755,0.09274422996249648
POOL-s3-b100,BT-v3,100,0.9525,0.8915570781114754,0.9799638060112025,1.0,0.095,3.721499999999994,93.0375,81.84174999999749,0.004491989750109889,0.0738546961371925,0.0920682389356629
POOL-s0-b100,BT-v3,100,0.9475,0.8849644374952025,0.9769263816095454,1.0,0.105,3.7824999999999944,94.5625,91.6569999999969,0.000310283687943262,0.06020450364077048,0.07569779995232122
POOL-s2-b100,BT-v3,100,0.9475,0.8849644374952025,0.9769263816095454,1.0,0.105,3.7542499999999945,93.85625,82.9849999999974,0.0014914911973213129,0.06506517742556321,0.0766509691551225
POOL-s1-b100,BT-v3,100,0.9,0.8256343384950866,0.9447708629393249,0.9878048780487805,0.18,3.527999999999995,88.2,79.7379999999976,0.017650173427781437,0.09738701170842204,0.12275879326360035
BTO-s0-b300,BT-v3,100,0.83,0.7445199523239887,0.8910643388594006,1.0,0.34,2.990499999999996,74.7625,101.67674999999626,0.0,0.04429171849856567,0.05198374049095435
BTO-s2-b300,BT-v3,100,0.8275,0.7417139237210709,0.8890553349533534,0.9851851851851852,0.325,3.1224999999999956,78.0625,100.89049999999635,0.0,0.04194214828516797,0.05138316903491493
BTO-s1-b300,BT-v3,100,0.8,0.7111708344068411,0.8666330666689674,1.0,0.4,2.909499999999996,72.7375,105.5129999999961,0.0,0.04938713062775882,0.057971202597858075
BT-v2,BT-v3,100,0.7925,0.7029365613587488,0.8604222421901645,1.0,0.415,2.760999999999996,69.025,99.90199999999633,0.0,0.050297592571848376,0.05678353132025362
BT-v3,BT-v3,100,0.5,0.4038315303659957,0.5961684696340044,0.5,0.97,0.46525,11.63125,108.9334999999958,0.0,0.0,0.009606444136757826
BT-v1,BT-v3,100,0.38,0.2909759925247873,0.47790244704488916,0.0,0.76,0.009250000000000001,0.23125,97.20399999999641,0.002281367590392992,0.0,0.00497290965073082
