cond,d_star,n_train,n_fresh
BT-v1,1.0,28033,100465
RL-s0-b0-a1.00,2.0,31100,107341
BT-v2,4.0,31978,104933
BT-v3,5.0,31234,105166
RL-s0-b300-a1.00,3.0,35287,119279
RL-s1-b300-a1.00,17.0,33946,108001
RL-s2-b300-a1.00,6.0,34197,118141
RL-s3-b300-a1.00,6.0,34483,115212
RL-s4-b300-a1.00,5.0,35346,115128
RL-s6-b300-a1.00,5.0,35436,118030
RL-s5-b300-a1.00,5.0,34646,117428
RL-s7-b300-a1.00,7.0,35273,117463
RL-s10-b300-a1.00,17.0,29785,105201
RL-s9-b300-a1.00,4.0,35098,118146
RL-s8-b300-a1.00,7.0,34562,119166
RL-s11-b300-a1.00,3.0,33975,116650
RL-s12-b300-a1.00,8.0,32583,111917
RL-s13-b300-a1.00,9.0,34332,117385
RL-s15-b300-a1.00,4.0,34409,115392
RL-s14-b300-a1.00,11.0,31033,109067
RL-s16-b300-a1.00,17.0,35019,112508
RL-s17-b300-a1.00,4.0,33996,116414
RL-s18-b300-a1.00,9.0,34247,116321
RL-s19-b300-a1.00,5.0,35146,117242
BTO-s1-b300,3.0,32558,107608
BTO-s0-b300,5.0,31096,106380
BTO-s2-b300,3.0,31317,106512
HYB-s0-b300-a0.50,6.0,32079,110102
HYB-s1-b300-a0.50,17.0,30681,105817
HYB-s11-b300-a0.50,17.0,29519,109942
SHD-s1-b300,17.0,31322,106158
SHD-s0-b300,7.0,33311,115154
SHD-s11-b300,17.0,29581,109784
RES-s0-b200,6.0,31879,110263
RES-s1-b200,17.0,33169,112546
RES-s2-b200,6.0,34471,109250
GATE-s0-b200,17.0,31602,104787
GATE-s1-b200,17.0,33271,115015
GATE-s2-b200,17.0,34307,115454
