cond,depth,iteration,n_data,n_leaves,r2_on_policy_before,r2_train_after
RL-s3-b300-a1.00,4,1,57434,16,0.5041328069055352,0.8570974192713613
RL-s3-b300-a1.00,4,2,83699,16,0.6065957945501638,0.8564213041358819
RL-s3-b300-a1.00,4,3,110849,16,0.54606087702862,0.8499111517482674
RL-s3-b300-a1.00,8,1,63925,227,0.6312787786396207,0.9679769291292994
RL-s3-b300-a1.00,8,2,97669,230,0.8701365801472358,0.9721200603482578
RL-s3-b300-a1.00,8,3,130858,246,0.8973532971504474,0.9666507039553065
RL-s3-b300-a1.00,16,1,69359,9279,0.743019664381757,0.9989606126178648
RL-s3-b300-a1.00,16,2,101892,11893,0.9319332478873709,0.9987404116218169
RL-s3-b300-a1.00,16,3,135709,12466,0.943038943296086,0.9978817350814778
RL-s1-b300-a1.00,4,1,56022,16,0.5033074871053387,0.8474643535582532
RL-s1-b300-a1.00,4,2,86269,16,0.7689363442982916,0.8414975760685871
RL-s1-b300-a1.00,4,3,112895,16,0.7791213986850978,0.8397344532947855
RL-s1-b300-a1.00,8,1,56222,237,0.4073237042118066,0.9341751267958123
RL-s1-b300-a1.00,8,2,89368,239,0.8925570407188093,0.9389269989483396
RL-s1-b300-a1.00,8,3,122405,253,0.8815679943528442,0.9301999773763464
RL-s1-b300-a1.00,16,1,66011,8829,0.7276489944001254,0.9968955917742607
RL-s1-b300-a1.00,16,2,98908,12002,0.8952296282298645,0.9968751655511332
RL-s1-b300-a1.00,16,3,132696,11596,0.9287401601858651,0.9962680987318043
RL-s2-b300-a1.00,4,1,54694,16,0.3390787745253151,0.8673736680528594
RL-s2-b300-a1.00,4,2,83538,16,0.7322488412927094,0.8616959750844605
RL-s2-b300-a1.00,4,3,115777,16,0.7900722769141572,0.85135478954748
RL-s2-b300-a1.00,8,1,59809,249,0.22555388935158133,0.9663772942171294
RL-s2-b300-a1.00,8,2,93618,249,0.8900989827890567,0.9522777041955676
RL-s2-b300-a1.00,8,3,127741,254,0.9057057859882005,0.9599533829551941
RL-s2-b300-a1.00,16,1,66328,8844,0.6992394288511398,0.9988341364742386
RL-s2-b300-a1.00,16,2,99941,10473,0.9440825604544572,0.9980537014449015
RL-s2-b300-a1.00,16,3,134696,11615,0.9338927670002243,0.9976623482276923
RL-s0-b300-a1.00,4,1,58209,16,0.3728676058398679,0.9147936316987194
RL-s0-b300-a1.00,4,2,88557,16,0.8695028224246648,0.9116705794758939
RL-s0-b300-a1.00,4,3,118244,16,0.8677376906942658,0.9111797869216031
RL-s0-b300-a1.00,8,1,62574,236,0.28829269195345886,0.9860338361674962
RL-s0-b300-a1.00,8,2,96572,242,0.9107123283672613,0.9804499320956084
RL-s0-b300-a1.00,8,3,131037,250,0.9453116987984331,0.977612588135711
RL-s0-b300-a1.00,16,1,66246,9450,0.7465891116451375,0.9985652296437358
RL-s0-b300-a1.00,16,2,101215,11487,0.9617873672570076,0.9988089804255229
RL-s0-b300-a1.00,16,3,137275,10334,0.9358610582767218,0.9982796158396925
RL-s4-b300-a1.00,4,1,60737,16,0.26696930367202776,0.8937743033282625
RL-s4-b300-a1.00,4,2,91174,16,0.786463483560609,0.8885133781181246
RL-s4-b300-a1.00,4,3,123645,16,0.801646535780762,0.8701764349050587
RL-s4-b300-a1.00,8,1,62120,221,0.1971277578440836,0.9713753838043159
RL-s4-b300-a1.00,8,2,95211,190,0.9120208011792036,0.9673918113295413
RL-s4-b300-a1.00,8,3,127802,209,0.8525177459640148,0.9592138211920862
RL-s4-b300-a1.00,16,1,60880,9055,0.19859604758372715,0.9996887073365132
RL-s4-b300-a1.00,16,2,95408,13190,0.8879436016617662,0.9992099372738095
RL-s4-b300-a1.00,16,3,129577,13416,0.9458811162191972,0.9985775973598443
RL-s6-b300-a1.00,4,1,62656,16,0.38675605135356167,0.9153964147691804
RL-s6-b300-a1.00,4,2,90298,16,0.7392385481782088,0.8949793259810851
RL-s6-b300-a1.00,4,3,116818,16,0.8222687735713313,0.8854555102703541
RL-s6-b300-a1.00,8,1,58680,247,0.46604124425557886,0.9834687943309207
RL-s6-b300-a1.00,8,2,92994,247,0.6965911547433019,0.9739897914311283
RL-s6-b300-a1.00,8,3,127352,235,0.9285458427694631,0.9681793691549468
RL-s6-b300-a1.00,16,1,65210,9448,0.6462295084434171,0.999349743668934
RL-s6-b300-a1.00,16,2,100465,11994,0.9345860848686095,0.998854143755191
RL-s6-b300-a1.00,16,3,135976,11919,0.9665547449831129,0.9978725762074948
RL-s7-b300-a1.00,4,1,56423,16,0.2940887314330732,0.8961858644723962
RL-s7-b300-a1.00,4,2,83530,16,0.7234259096207087,0.8761207593910082
RL-s7-b300-a1.00,4,3,112103,16,0.80879232699411,0.8702936199985183
RL-s7-b300-a1.00,8,1,61851,243,0.5850644623037016,0.9533630647437856
RL-s7-b300-a1.00,8,2,96895,242,0.9049727826683366,0.9531777445615749
RL-s7-b300-a1.00,8,3,131043,250,0.9093642179043488,0.9540035427229112
RL-s7-b300-a1.00,16,1,67995,9528,0.7389996472847008,0.9980968045486712
RL-s7-b300-a1.00,16,2,102524,11448,0.9176941978899876,0.9985278312387099
RL-s7-b300-a1.00,16,3,137502,12076,0.9439270088387601,0.9980901607901107
RL-s5-b300-a1.00,4,1,58873,16,0.16350764412129207,0.9022441485392992
RL-s5-b300-a1.00,4,2,88524,16,0.804935679121966,0.8906611964238705
RL-s5-b300-a1.00,4,3,109889,16,0.8499388255581136,0.889257389300717
RL-s5-b300-a1.00,8,1,62551,245,0.6192095346943316,0.9686253148517463
RL-s5-b300-a1.00,8,2,97393,253,0.8419981378268794,0.9647439671438554
RL-s5-b300-a1.00,8,3,132677,252,0.9221081035856437,0.9653641638004806
RL-s5-b300-a1.00,16,1,68209,9579,0.7839712746872318,0.9989984060872716
RL-s5-b300-a1.00,16,2,101395,11179,0.9413613727704216,0.9978328275732711
RL-s5-b300-a1.00,16,3,136823,12477,0.9602595262397683,0.9976808168441041
RL-s8-b300-a1.00,4,1,55872,16,-0.2625064502722926,0.8390940615783019
RL-s8-b300-a1.00,4,2,83062,16,0.7222322989901471,0.821006808138487
RL-s8-b300-a1.00,4,3,109047,16,0.7450924901784622,0.8097586053863125
RL-s8-b300-a1.00,8,1,57480,255,-0.28896521748196285,0.9403069161965371
RL-s8-b300-a1.00,8,2,93055,251,0.8844119245355592,0.9356252220438721
RL-s8-b300-a1.00,8,3,127552,256,0.8876095256272791,0.9364059069483937
RL-s8-b300-a1.00,16,1,69451,7784,0.6449370230030494,0.9985713490691837
RL-s8-b300-a1.00,16,2,104379,8022,0.9117497245457192,0.9977168290690661
RL-s8-b300-a1.00,16,3,140085,9513,0.9256336497929578,0.9968191805355404
RL-s10-b300-a1.00,4,1,47375,16,-0.703058760487714,0.8713542589531243
RL-s10-b300-a1.00,4,2,76945,16,-0.0941994258468882,0.8430806855557449
RL-s10-b300-a1.00,4,3,109050,16,0.6125735440375671,0.815599192916616
RL-s10-b300-a1.00,8,1,49751,249,-0.6462264457989373,0.965570393170076
RL-s10-b300-a1.00,8,2,81974,251,0.3330408389310188,0.9430806175972823
RL-s10-b300-a1.00,8,3,111819,253,0.7457153080220713,0.935379957130452
RL-s10-b300-a1.00,16,1,57502,11183,0.1408220967658086,0.9975831496492101
RL-s10-b300-a1.00,16,2,88244,13038,0.8771737070080946,0.9961452965397137
RL-s10-b300-a1.00,16,3,119932,14721,0.8270835196474485,0.9946433809906507
RL-s9-b300-a1.00,4,1,60214,16,-0.041523265041955505,0.9183309247192866
RL-s9-b300-a1.00,4,2,92143,16,0.8064260037732446,0.9070373680809498
RL-s9-b300-a1.00,4,3,119431,16,0.8395582867922322,0.9048344554752105
RL-s9-b300-a1.00,8,1,67333,232,0.6859986334320421,0.9829451352221318
RL-s9-b300-a1.00,8,2,96499,249,0.8404254398132928,0.9811021926844051
RL-s9-b300-a1.00,8,3,131957,251,0.9651447627644412,0.9787950716972916
RL-s9-b300-a1.00,16,1,69633,8937,0.7560584701496607,0.9991302538211463
RL-s9-b300-a1.00,16,2,103929,9396,0.9715263384315387,0.999035912960408
RL-s9-b300-a1.00,16,3,138598,12754,0.9535744749540213,0.998844721507107
RL-s11-b300-a1.00,4,1,58673,16,0.30200166728552064,0.8827160101635136
RL-s11-b300-a1.00,4,2,85400,16,0.7054781017161001,0.8578881383483553
RL-s11-b300-a1.00,4,3,111592,16,0.8139710819013565,0.8503996194130479
RL-s11-b300-a1.00,8,1,62636,230,0.5591096118972002,0.9550488868006914
RL-s11-b300-a1.00,8,2,97036,246,0.9335228689454489,0.9597407043172195
RL-s11-b300-a1.00,8,3,130841,223,0.9016471848965045,0.9456888288317892
RL-s11-b300-a1.00,16,1,67714,9356,0.7236378104026974,0.9983571794473545
RL-s11-b300-a1.00,16,2,103155,9630,0.9555654855262102,0.998420600790459
RL-s11-b300-a1.00,16,3,138917,10195,0.9307922146256804,0.997666329147686
RL-s13-b300-a1.00,4,1,60803,16,-1.9585874715646725,0.8734365904891068
RL-s13-b300-a1.00,4,2,88192,16,0.7012632074709579,0.8477953585114759
RL-s13-b300-a1.00,4,3,114291,16,0.7147070564129279,0.8310911785438919
RL-s13-b300-a1.00,8,1,50632,249,-1.7658297106005152,0.9668550437576999
RL-s13-b300-a1.00,8,2,82755,248,0.7200537694227931,0.9423351202328744
RL-s13-b300-a1.00,8,3,116833,247,0.8614981626272784,0.9365928248693371
RL-s13-b300-a1.00,16,1,64932,9374,-0.030674382289404355,0.9985649241856801
RL-s13-b300-a1.00,16,2,99242,11346,0.9122436958784186,0.9975597011360231
RL-s13-b300-a1.00,16,3,133155,11416,0.9245200028404207,0.9964381616876585
RL-s12-b300-a1.00,4,1,49902,16,-2.510231441727881,0.8156975893738027
RL-s12-b300-a1.00,4,2,76518,16,0.5774698255046392,0.7808647583520341
RL-s12-b300-a1.00,4,3,103327,16,0.6518952355441232,0.7694999116014178
RL-s12-b300-a1.00,8,1,61372,250,-1.255716624952612,0.9320769969919298
RL-s12-b300-a1.00,8,2,93751,249,0.8313125032090408,0.918084828782648
RL-s12-b300-a1.00,8,3,127118,252,0.8605096971228202,0.918735209446563
RL-s12-b300-a1.00,16,1,63835,8218,0.2810005963969359,0.9961440862712854
RL-s12-b300-a1.00,16,2,97269,7833,0.8976707440484407,0.9958721291294724
RL-s12-b300-a1.00,16,3,130064,9305,0.8858457109492394,0.9952146471421821
RL-s14-b300-a1.00,4,1,59164,16,-0.12402704172287658,0.8577725848427422
RL-s14-b300-a1.00,4,2,94161,16,0.7388915427791011,0.8375517410920267
RL-s14-b300-a1.00,4,3,124842,16,0.7754271946569391,0.8358841227973871
RL-s14-b300-a1.00,8,1,63712,248,0.5476067342217632,0.9437586713115776
RL-s14-b300-a1.00,8,2,95640,247,0.8609621820457743,0.9326140284897795
RL-s14-b300-a1.00,8,3,129442,248,0.8885476850143786,0.9284707215537954
RL-s14-b300-a1.00,16,1,65506,11519,0.7463792209283535,0.9982995128078599
RL-s14-b300-a1.00,16,2,98039,12898,0.9055805689375751,0.9968354221632132
RL-s14-b300-a1.00,16,3,130740,14236,0.9474865296534107,0.996145330514741
RL-s15-b300-a1.00,4,1,57526,16,0.5762204127381785,0.8928669477463348
RL-s15-b300-a1.00,4,2,89665,16,0.8292086980415632,0.8957109768029957
RL-s15-b300-a1.00,4,3,122288,16,0.856629955443607,0.8943472897348803
RL-s15-b300-a1.00,8,1,67598,239,0.701230700471127,0.9832291759812677
RL-s15-b300-a1.00,8,2,101295,251,0.8888066895644403,0.9814477443802946
RL-s15-b300-a1.00,8,3,135193,251,0.9455893829212214,0.9809220538466815
RL-s15-b300-a1.00,16,1,69876,9300,0.6748256941068631,0.9988349667681459
RL-s15-b300-a1.00,16,2,103509,10958,0.9728865758517931,0.9986725628303239
RL-s15-b300-a1.00,16,3,137701,11919,0.9656084081413727,0.9983813158626601
RL-s16-b300-a1.00,4,1,64790,16,-0.09628514067578857,0.8247869508350651
RL-s16-b300-a1.00,4,2,94232,16,0.6677939836878308,0.816302873183872
RL-s16-b300-a1.00,4,3,116377,16,0.6866108493539497,0.7956414952803498
RL-s16-b300-a1.00,8,1,67164,236,-0.29382674772803985,0.9409134453118654
RL-s16-b300-a1.00,8,2,93518,247,0.5769127903454734,0.9427174063377346
RL-s16-b300-a1.00,8,3,126454,249,0.8892255104330198,0.934730794704425
RL-s16-b300-a1.00,16,1,66054,10886,0.6484675113777432,0.9980163275758264
RL-s16-b300-a1.00,16,2,99854,13188,0.8836861259245866,0.9979628939707584
RL-s16-b300-a1.00,16,3,132596,12723,0.9326832890431057,0.997306721572889
RL-s17-b300-a1.00,4,1,54844,16,0.28924011102857655,0.8875437858333436
RL-s17-b300-a1.00,4,2,82042,16,0.6159567967085713,0.8510266462335948
RL-s17-b300-a1.00,4,3,103704,16,0.7527202723963429,0.8341417478239511
RL-s17-b300-a1.00,8,1,65467,242,0.46282373549825745,0.9701866205584231
RL-s17-b300-a1.00,8,2,99738,244,0.9253029529470729,0.9676115054743522
RL-s17-b300-a1.00,8,3,133690,246,0.9476528920090367,0.9675177611113658
RL-s17-b300-a1.00,16,1,67152,9862,0.7321975816439474,0.998654536029497
RL-s17-b300-a1.00,16,2,101611,11984,0.9549216520733455,0.9986213233441137
RL-s17-b300-a1.00,16,3,136540,12362,0.9705752829321947,0.9979780298364576
RL-s18-b300-a1.00,4,1,54535,16,-0.5663689027870138,0.9209749000472297
RL-s18-b300-a1.00,4,2,86135,16,0.08674496303801767,0.8636528237320714
RL-s18-b300-a1.00,4,3,118893,16,0.6389505935027967,0.8492515939246513
RL-s18-b300-a1.00,8,1,63448,243,0.23453018907577225,0.9632341937959558
RL-s18-b300-a1.00,8,2,96387,252,0.7591539665855059,0.9451420937632085
RL-s18-b300-a1.00,8,3,126851,245,0.422495561253831,0.9323388514101231
RL-s18-b300-a1.00,16,1,67641,9816,0.4096385844240515,0.9966822687798266
RL-s18-b300-a1.00,16,2,100332,11354,0.8695791503334044,0.9944595469671366
RL-s18-b300-a1.00,16,3,134704,12796,0.8976636238754566,0.9925650665260657
RL-s19-b300-a1.00,4,1,57725,16,0.29239955673962886,0.8489737994855102
RL-s19-b300-a1.00,4,2,84130,16,0.6276047404672787,0.8353698532530326
RL-s19-b300-a1.00,4,3,110838,16,0.7516213026300488,0.8345626469273323
RL-s19-b300-a1.00,8,1,59180,238,0.2770212203000786,0.9754468934126828
RL-s19-b300-a1.00,8,2,92233,225,0.8150864479152586,0.9438307676329224
RL-s19-b300-a1.00,8,3,124281,235,0.8774576304087186,0.9553162171128018
RL-s19-b300-a1.00,16,1,67076,8354,0.5433636179421151,0.9988145499299206
RL-s19-b300-a1.00,16,2,101133,9879,0.9399292291899362,0.9978964163428058
RL-s19-b300-a1.00,16,3,136782,10197,0.9396350105371793,0.9974229893672121
BT-v2,4,1,60460,16,0.8625548860261028,0.9315668225190129
BT-v2,4,2,92397,16,0.9186380074829025,0.9283071393371622
BT-v2,4,3,121538,16,0.9442960020449882,0.9321599075073371
BT-v2,8,1,59260,242,0.8406354952962208,0.9919865024537351
BT-v2,8,2,89194,245,0.9741107663328679,0.9880377678778216
BT-v2,8,3,120198,248,0.9764981087260389,0.9914650513133596
BT-v2,16,1,63084,14568,0.921054384961449,0.9999801252992793
BT-v2,16,2,95888,12473,0.993060514790287,0.999943311520524
BT-v2,16,3,127917,15583,0.9850080328998123,0.9999392809904045
RL-s0-b0-a1.00,4,1,57538,16,0.8593994597983979,0.9572486481249183
RL-s0-b0-a1.00,4,2,88090,16,0.9508854334398865,0.9589350995022307
RL-s0-b0-a1.00,4,3,122583,16,0.9459397311561656,0.9567510311041441
RL-s0-b0-a1.00,8,1,57708,246,0.7275124684631915,0.9840200623315669
RL-s0-b0-a1.00,8,2,89648,251,0.9760118022649867,0.9834554762245947
RL-s0-b0-a1.00,8,3,121385,252,0.9748957653688886,0.9857949513045049
RL-s0-b0-a1.00,16,1,60260,9958,0.8181579949065254,0.9997309102102282
RL-s0-b0-a1.00,16,2,91456,10911,0.9852401397485705,0.999612437505147
RL-s0-b0-a1.00,16,3,120357,12168,0.9805848102904942,0.9995861502810164
