cond,depth,n_leaves,r2_train,r2_fresh
BT-v1,1,2,0.9707551564591664,0.9845702198082538
BT-v1,2,4,0.9875337410312869,0.993252316880064
BT-v1,3,8,0.99283830508392,0.9938806067505348
BT-v1,4,13,0.9963087011779195,0.9954093344074028
BT-v1,6,27,0.9986385364771627,0.9952563437315972
BT-v1,8,36,0.9999999999999999,0.9945525386491729
BT-v1,12,51,0.9999999999999999,0.9945566683805769
BT-v1,16,52,0.9999999999999999,0.995061320489191
RL-s0-b0-a1.00,1,2,0.9195333624084057,0.9336817571046659
RL-s0-b0-a1.00,2,4,0.9547323076255864,0.9541185306519364
RL-s0-b0-a1.00,3,8,0.9683869394832342,0.965722148460159
RL-s0-b0-a1.00,4,16,0.9775675102871633,0.9722524097024188
RL-s0-b0-a1.00,6,63,0.9887825969454987,0.974865652136461
RL-s0-b0-a1.00,8,228,0.9949587431903851,0.9777084018468835
RL-s0-b0-a1.00,12,1398,0.9994336925632165,0.9768132261880279
RL-s0-b0-a1.00,16,4767,0.999943796497053,0.9768336820892409
BT-v2,1,2,0.8889786784181444,0.8887060728437093
BT-v2,2,4,0.9181611419824949,0.9023170070517783
BT-v2,3,8,0.9432525773312646,0.9264935300113789
BT-v2,4,16,0.9577690765804852,0.9398306476719395
BT-v2,6,63,0.9826745185203853,0.9592455098038217
BT-v2,8,221,0.9932423134921408,0.9594263852935967
BT-v2,12,1459,0.99944291596987,0.9582027915990665
BT-v2,16,4387,0.9999766667599794,0.956335842768746
BT-v3,1,2,0.6901540317672338,0.6924728403251106
BT-v3,2,4,0.8280028736320345,0.8257718666708299
BT-v3,3,8,0.9317447871253995,0.9191211155219773
BT-v3,4,16,0.9469960997565423,0.9391305960057431
BT-v3,5,30,0.9670553948832906,0.9524016786192583
BT-v3,6,54,0.9776868260881789,0.9610078954453718
BT-v3,8,166,0.9909205123217661,0.968689653606016
BT-v3,12,1082,0.9987232853704342,0.9666553370792076
BT-v3,16,3428,0.9999746165738966,0.9641719487915988
RL-s0-b300-a1.00,1,2,0.912234258500416,0.9194712281600963
RL-s0-b300-a1.00,2,4,0.9348604398292348,0.9420202028520483
RL-s0-b300-a1.00,3,8,0.951979476583539,0.9557160049385096
RL-s0-b300-a1.00,4,16,0.971374369685315,0.9685977842955128
RL-s0-b300-a1.00,6,64,0.9867949979353168,0.9745548569087615
RL-s0-b300-a1.00,8,232,0.9947028216545137,0.977106034893478
RL-s0-b300-a1.00,12,1562,0.9993855661236816,0.9782799926989274
RL-s0-b300-a1.00,16,6553,0.9999439117059089,0.9768272636335095
RL-s1-b300-a1.00,1,2,0.8536762974134317,0.8744356007963859
RL-s1-b300-a1.00,2,4,0.8724314637058744,0.8945791173413866
RL-s1-b300-a1.00,3,8,0.8867732238049026,0.9058788878401238
RL-s1-b300-a1.00,4,16,0.9055082910274571,0.9180097556783008
RL-s1-b300-a1.00,6,61,0.9367002268582001,0.9302476435143582
RL-s1-b300-a1.00,8,206,0.9649423689554183,0.934585322552841
RL-s1-b300-a1.00,12,1200,0.9933886201947472,0.9354485454001978
RL-s1-b300-a1.00,16,3551,0.9992158880065414,0.9321056885342993
RL-s2-b300-a1.00,1,2,0.824435532793042,0.8514751201775274
RL-s2-b300-a1.00,2,4,0.8605775107696443,0.8732086385120813
RL-s2-b300-a1.00,3,8,0.8999900462858074,0.9042503841269701
RL-s2-b300-a1.00,4,16,0.9232946947196873,0.9175215022816297
RL-s2-b300-a1.00,6,64,0.9624623891235482,0.9478024370894896
RL-s2-b300-a1.00,8,213,0.9844210158536487,0.949346370656277
RL-s2-b300-a1.00,12,1264,0.9980391767890311,0.9445368538131295
RL-s2-b300-a1.00,16,4099,0.9997931712482374,0.9519484535698236
RL-s3-b300-a1.00,1,2,0.8885124617521838,0.8979886155499183
RL-s3-b300-a1.00,2,4,0.9044907449389563,0.9149180743587078
RL-s3-b300-a1.00,3,8,0.9181019168473492,0.9263897097226277
RL-s3-b300-a1.00,4,16,0.9375361481285662,0.9390399363657831
RL-s3-b300-a1.00,6,63,0.9604495309961284,0.9530495871880411
RL-s3-b300-a1.00,8,205,0.9827921560404836,0.9570796663857503
RL-s3-b300-a1.00,12,1200,0.9980038546543065,0.957772891030013
RL-s3-b300-a1.00,16,4321,0.9998328110554159,0.9566457992716143
RL-s4-b300-a1.00,1,2,0.8918646316745902,0.9073001258893623
RL-s4-b300-a1.00,2,4,0.9126837826647696,0.9269715518465445
RL-s4-b300-a1.00,3,8,0.9404153945591045,0.9486320472617944
RL-s4-b300-a1.00,4,16,0.9545040875099676,0.9580514190825692
RL-s4-b300-a1.00,5,32,0.9684446269704102,0.969205115134366
RL-s4-b300-a1.00,6,64,0.9768774571275718,0.970733819093547
RL-s4-b300-a1.00,8,242,0.9892281123208659,0.9624691951904527
RL-s4-b300-a1.00,12,1591,0.9984866378699463,0.9610809493387248
RL-s4-b300-a1.00,16,5263,0.9998854426482321,0.9624696717419208
RL-s6-b300-a1.00,1,2,0.8914722142135173,0.8881738657440071
RL-s6-b300-a1.00,2,4,0.914936573675511,0.9182643810446046
RL-s6-b300-a1.00,3,8,0.9349644312515862,0.9248324730900256
RL-s6-b300-a1.00,4,16,0.9551216068034313,0.9465864180232519
RL-s6-b300-a1.00,5,32,0.9743713218317828,0.9656846789582403
RL-s6-b300-a1.00,6,63,0.9811220444814449,0.9693345572105498
RL-s6-b300-a1.00,8,223,0.9920611887954932,0.971116647278767
RL-s6-b300-a1.00,12,1419,0.9989216434238368,0.9715683523045445
RL-s6-b300-a1.00,16,4832,0.9998440800927874,0.9721280965632753
RL-s5-b300-a1.00,1,2,0.904834330290453,0.9146066046057929
RL-s5-b300-a1.00,2,4,0.9249662975741636,0.9341444341896152
RL-s5-b300-a1.00,3,8,0.9362995456579483,0.9406081951916607
RL-s5-b300-a1.00,4,16,0.9500106464303324,0.9523336402438184
RL-s5-b300-a1.00,5,32,0.9680283086916833,0.959155589456612
RL-s5-b300-a1.00,6,64,0.9777726101015529,0.9635322251881914
RL-s5-b300-a1.00,8,229,0.9902310573997937,0.965591628077014
RL-s5-b300-a1.00,12,1421,0.9992286194106846,0.9634072980430354
RL-s5-b300-a1.00,16,5456,0.9999252234825358,0.9635623835178074
RL-s7-b300-a1.00,1,2,0.8509469994194715,0.8745118395508552
RL-s7-b300-a1.00,2,4,0.883901693854348,0.9003198767007312
RL-s7-b300-a1.00,3,8,0.9142985971442147,0.8842385685786206
RL-s7-b300-a1.00,4,16,0.9367622133055472,0.9226381264767706
RL-s7-b300-a1.00,6,61,0.9665364982364976,0.9340014450488836
RL-s7-b300-a1.00,7,112,0.9756451210596719,0.9349485140355389
RL-s7-b300-a1.00,8,206,0.9837965611020612,0.9323734251282533
RL-s7-b300-a1.00,12,1146,0.9968461005188017,0.9273460479794466
RL-s7-b300-a1.00,16,3763,0.999635823664376,0.9311562495991552
RL-s10-b300-a1.00,1,2,0.6539287621450234,0.7260304998507734
RL-s10-b300-a1.00,2,4,0.8118046925788543,0.8351517392572783
RL-s10-b300-a1.00,3,8,0.8677509087343875,0.8775696630422279
RL-s10-b300-a1.00,4,16,0.896673764538947,0.8944279132471876
RL-s10-b300-a1.00,6,64,0.9455691092132671,0.9138371656154343
RL-s10-b300-a1.00,8,243,0.9752299497243327,0.9165505314730185
RL-s10-b300-a1.00,12,1826,0.996439885175524,0.9138718150585442
RL-s10-b300-a1.00,16,5539,0.9995952035700073,0.9153276175544727
RL-s9-b300-a1.00,1,2,0.9172895064837764,0.9258550640544787
RL-s9-b300-a1.00,2,4,0.9314782366834347,0.9376356999974151
RL-s9-b300-a1.00,3,8,0.9449173047449445,0.9487554862651444
RL-s9-b300-a1.00,4,16,0.9640121729333411,0.9587500466194271
RL-s9-b300-a1.00,6,64,0.9859326524203796,0.9746061791013505
RL-s9-b300-a1.00,8,223,0.9929834729732925,0.9756125876206027
RL-s9-b300-a1.00,12,1505,0.9985886599884035,0.9752661572762866
RL-s9-b300-a1.00,16,6273,0.9997760650378325,0.9748520500659166
RL-s8-b300-a1.00,1,2,0.7500418337478368,0.804646050999648
RL-s8-b300-a1.00,2,4,0.848322633094828,0.8150674764606103
RL-s8-b300-a1.00,3,8,0.8874521746987903,0.8942419717362073
RL-s8-b300-a1.00,4,16,0.9144211619873708,0.9137093654574263
RL-s8-b300-a1.00,6,63,0.9511031847980362,0.9361335614862104
RL-s8-b300-a1.00,7,114,0.9667425771195218,0.934275656189073
RL-s8-b300-a1.00,8,199,0.9788204881887815,0.9232189446928971
RL-s8-b300-a1.00,12,1226,0.9968893716685453,0.9201226365294842
RL-s8-b300-a1.00,16,4465,0.9996611146454785,0.9217438831594346
RL-s11-b300-a1.00,1,2,0.9063675262100958,0.9167825289714006
RL-s11-b300-a1.00,2,4,0.9272052192520267,0.9325341113296687
RL-s11-b300-a1.00,3,8,0.9495028942402302,0.9502028405687727
RL-s11-b300-a1.00,4,16,0.9651761101330035,0.9555289092421899
RL-s11-b300-a1.00,6,63,0.9823842939646854,0.9635397535696888
RL-s11-b300-a1.00,8,209,0.9918816087739094,0.9656497868048975
RL-s11-b300-a1.00,12,1251,0.9980758124528555,0.9645398681327786
RL-s11-b300-a1.00,16,4334,0.999540590538314,0.9635805470552997
RL-s12-b300-a1.00,1,2,0.6997416515901614,0.7598294595004854
RL-s12-b300-a1.00,2,4,0.8386756410373263,0.657686614745939
RL-s12-b300-a1.00,3,8,0.8803933322133078,0.8692053732402765
RL-s12-b300-a1.00,4,16,0.9057775138235464,0.8659815905947033
RL-s12-b300-a1.00,6,61,0.9421914705088159,0.9159518834228346
RL-s12-b300-a1.00,8,212,0.9675597542616077,0.9185539202504504
RL-s12-b300-a1.00,12,1279,0.9943451428180028,0.9259400760731282
RL-s12-b300-a1.00,16,4216,0.9991306969266577,0.9278579325132393
RL-s13-b300-a1.00,1,2,0.7278390603112167,0.7661802670158687
RL-s13-b300-a1.00,2,4,0.83009504000276,0.8222874128605195
RL-s13-b300-a1.00,3,8,0.8902409227316197,0.8834868964837669
RL-s13-b300-a1.00,4,16,0.9153722730396887,0.9003030089745708
RL-s13-b300-a1.00,6,64,0.955804407660467,0.9364165575638196
RL-s13-b300-a1.00,8,219,0.980926207389092,0.9417844919321515
RL-s13-b300-a1.00,9,383,0.989020089967419,0.934364994071729
RL-s13-b300-a1.00,12,1367,0.9973258419488638,0.9399873895886951
RL-s13-b300-a1.00,16,4283,0.9997219994612337,0.9291003886413945
RL-s15-b300-a1.00,1,2,0.9033257582586484,0.9078339603452771
RL-s15-b300-a1.00,2,4,0.9211402992358064,0.9296431762489739
RL-s15-b300-a1.00,3,8,0.9376477864267505,0.9458202058744367
RL-s15-b300-a1.00,4,16,0.96180373548857,0.964276602128341
RL-s15-b300-a1.00,6,64,0.9816387348719613,0.9785412244838098
RL-s15-b300-a1.00,8,244,0.9917336154989187,0.980518681875357
RL-s15-b300-a1.00,12,1616,0.9988498651537723,0.978752217600936
RL-s15-b300-a1.00,16,5706,0.9998574024679824,0.9776804075489864
RL-s14-b300-a1.00,1,2,0.7058036292997051,0.7227584338333435
RL-s14-b300-a1.00,2,4,0.8479155583967153,0.850233258835968
RL-s14-b300-a1.00,3,8,0.8785536367706925,0.8947260133486842
RL-s14-b300-a1.00,4,16,0.9041478882467532,0.914536594653764
RL-s14-b300-a1.00,6,64,0.9424154618577412,0.9401094262289362
RL-s14-b300-a1.00,8,232,0.9663025451693565,0.9483985220852483
RL-s14-b300-a1.00,11,968,0.9891148981910083,0.9489619440477862
RL-s14-b300-a1.00,12,1438,0.9928829504338325,0.9503339247399699
RL-s14-b300-a1.00,16,4499,0.9988099265964455,0.9508221486675758
RL-s16-b300-a1.00,1,2,0.723172075853355,0.7448501807720685
RL-s16-b300-a1.00,2,4,0.81749980255997,0.7867815108622452
RL-s16-b300-a1.00,3,8,0.8720031334165788,0.8571773459829499
RL-s16-b300-a1.00,4,16,0.9007726553342259,0.8556418985307508
RL-s16-b300-a1.00,6,63,0.9462080120590544,0.9050426901924541
RL-s16-b300-a1.00,8,233,0.9722246300110585,0.9058571105808803
RL-s16-b300-a1.00,12,1330,0.9937985552402139,0.9005801144624291
RL-s16-b300-a1.00,16,3876,0.9988487142460615,0.8981075155614269
RL-s17-b300-a1.00,1,2,0.8929347498808617,0.895135257881171
RL-s17-b300-a1.00,2,4,0.9173059976722189,0.923888860659316
RL-s17-b300-a1.00,3,8,0.9356101388170488,0.9411740421891386
RL-s17-b300-a1.00,4,16,0.954874388335055,0.9534483956437116
RL-s17-b300-a1.00,6,64,0.9821933041885639,0.9728375222728528
RL-s17-b300-a1.00,8,223,0.9925593237756504,0.9742410221974449
RL-s17-b300-a1.00,12,1399,0.9989114131335829,0.9762581166109758
RL-s17-b300-a1.00,16,4856,0.9998862494577214,0.9758703591716301
RL-s18-b300-a1.00,1,2,0.8499702013670888,0.864433770236188
RL-s18-b300-a1.00,2,4,0.8959956975955423,0.906443599891008
RL-s18-b300-a1.00,3,8,0.9168411069250229,0.9237126850811497
RL-s18-b300-a1.00,4,16,0.937982931493773,0.9365661628500142
RL-s18-b300-a1.00,6,64,0.9635231057162486,0.9493216219716852
RL-s18-b300-a1.00,8,229,0.9840792238356363,0.9517306005702435
RL-s18-b300-a1.00,9,394,0.9891791255731733,0.9526296980413961
RL-s18-b300-a1.00,12,1456,0.9971296092198456,0.951936567643222
RL-s18-b300-a1.00,16,4034,0.999473465817989,0.9510753351669246
RL-s19-b300-a1.00,1,2,0.8890625998049052,0.8923945415087327
RL-s19-b300-a1.00,2,4,0.9153832899523677,0.9217413499168109
RL-s19-b300-a1.00,3,8,0.9301813405334433,0.9354783843854125
RL-s19-b300-a1.00,4,16,0.9477280814011546,0.9429684066014925
RL-s19-b300-a1.00,5,32,0.9613719924012518,0.9568604448911877
RL-s19-b300-a1.00,6,63,0.9731451640702038,0.9573676151431956
RL-s19-b300-a1.00,8,232,0.9855130917697997,0.9579003127833231
RL-s19-b300-a1.00,12,1396,0.9978321225644411,0.9535013968338147
RL-s19-b300-a1.00,16,4322,0.9996978299764985,0.9570556058772991
BTO-s1-b300,1,2,0.8106507188964487,0.8043418211776514
BTO-s1-b300,2,4,0.8882547963435515,0.8827681857215498
BTO-s1-b300,3,8,0.9575590759094443,0.9534065742971972
BTO-s1-b300,4,14,0.9705233481353936,0.9643863362184029
BTO-s1-b300,6,50,0.9868389831322278,0.9774907802189586
BTO-s1-b300,8,168,0.9954534910483486,0.980155348494959
BTO-s1-b300,12,1111,0.9991358294184203,0.979331726027397
BTO-s1-b300,16,3972,0.9999716826969767,0.9761422245760648
BTO-s0-b300,1,2,0.7615300519463735,0.7569545962579669
BTO-s0-b300,2,4,0.8505757355558377,0.8561487698964052
BTO-s0-b300,3,8,0.9357471108276829,0.9331962405180338
BTO-s0-b300,4,14,0.9492017635611077,0.9445314820465642
BTO-s0-b300,5,26,0.9620484415218907,0.955905903929863
BTO-s0-b300,6,50,0.975681221340576,0.9634756172559378
BTO-s0-b300,8,167,0.9928389419806481,0.9772454355394125
BTO-s0-b300,12,1196,0.9995338967818919,0.9793579959209612
BTO-s0-b300,16,4055,0.9999611452089864,0.9785729209883125
BTO-s2-b300,1,2,0.7861089299498134,0.7795270265413251
BTO-s2-b300,2,4,0.8716515470913015,0.8780966534459372
BTO-s2-b300,3,8,0.9654336456167356,0.962641042543654
BTO-s2-b300,4,15,0.9799225027122817,0.9766712220452014
BTO-s2-b300,6,52,0.9898375005322552,0.9809601845072283
BTO-s2-b300,8,177,0.9968184321981004,0.9817934470098205
BTO-s2-b300,12,1322,0.9998713438680713,0.9739401040377159
BTO-s2-b300,16,5241,0.9999768920505148,0.9829439444742207
HYB-s0-b300-a0.50,1,2,0.8802741227638815,0.8973042067302258
HYB-s0-b300-a0.50,2,4,0.9020456101378397,0.9100717899300131
HYB-s0-b300-a0.50,3,8,0.9196991005941897,0.9214037895632029
HYB-s0-b300-a0.50,4,16,0.9434114621824377,0.9426363479102854
HYB-s0-b300-a0.50,6,63,0.9727441424289954,0.9563908497486021
HYB-s0-b300-a0.50,8,208,0.9874616825588716,0.957055932975265
HYB-s0-b300-a0.50,12,1017,0.9985471474718389,0.9542272439597544
HYB-s0-b300-a0.50,16,3016,0.9998994055938031,0.9507289320262824
HYB-s1-b300-a0.50,1,2,0.8536331821566799,0.8705640222679385
HYB-s1-b300-a0.50,2,4,0.8712437555226552,0.8798304133352528
HYB-s1-b300-a0.50,3,8,0.8878576584711942,0.8944640708194777
HYB-s1-b300-a0.50,4,16,0.9107484331271164,0.9141450038522568
HYB-s1-b300-a0.50,6,63,0.9473417709759608,0.9335392603336088
HYB-s1-b300-a0.50,8,221,0.9830676057263152,0.9281992754117584
HYB-s1-b300-a0.50,12,1366,0.9978251537006855,0.917765776316955
HYB-s1-b300-a0.50,16,4167,0.999711640553621,0.9168167360001953
HYB-s11-b300-a0.50,1,2,0.859494742931886,0.8856074549164257
HYB-s11-b300-a0.50,2,4,0.8765797419616097,0.8966685331499148
HYB-s11-b300-a0.50,3,8,0.9036810580710744,0.9120985947830744
HYB-s11-b300-a0.50,4,16,0.9246261402971787,0.9248673208862217
HYB-s11-b300-a0.50,6,63,0.9552563160755931,0.9286181762453918
HYB-s11-b300-a0.50,8,201,0.978975727972394,0.920393224119178
HYB-s11-b300-a0.50,12,1122,0.9970823077923886,0.9078438491201648
HYB-s11-b300-a0.50,16,4249,0.9997578537461019,0.9074965311570153
SHD-s1-b300,1,2,0.644401684967175,0.6805642732705871
SHD-s1-b300,2,4,0.7657833269807325,0.6920543431061384
SHD-s1-b300,3,8,0.8076313250806574,0.7919631259131098
SHD-s1-b300,4,16,0.8444837600919781,0.8356266315276615
SHD-s1-b300,6,59,0.9157704088141179,0.8952339227728874
SHD-s1-b300,8,195,0.9582327460421947,0.9148392350695487
SHD-s1-b300,12,1155,0.9923328220548564,0.9125667875021781
SHD-s1-b300,16,3337,0.9983904801554756,0.9048712862527214
SHD-s0-b300,1,2,0.82216695652415,0.8641219667843415
SHD-s0-b300,2,4,0.8617044234539701,0.8831218502923536
SHD-s0-b300,3,8,0.8963625878296883,0.9017806053453175
SHD-s0-b300,4,16,0.9239876730197923,0.9159194784883019
SHD-s0-b300,6,64,0.9712108520662512,0.9575358676267638
SHD-s0-b300,7,118,0.9832498000868672,0.9492454795291355
SHD-s0-b300,8,200,0.9896611952191127,0.9506201361295197
SHD-s0-b300,12,1077,0.998842793452378,0.9468619570114288
SHD-s0-b300,16,3527,0.9998559302533541,0.9436100248506826
SHD-s11-b300,1,2,0.7226004161584737,0.7525574219478471
SHD-s11-b300,2,4,0.8112740285392089,0.8399240144740128
SHD-s11-b300,3,8,0.8885379400467107,0.9027731360871246
SHD-s11-b300,4,15,0.915793289753505,0.9135507080099543
SHD-s11-b300,6,57,0.9583856439641127,0.945497205560161
SHD-s11-b300,8,194,0.9792153964502937,0.941109022273302
SHD-s11-b300,12,1154,0.9974846383839714,0.9391516701264043
SHD-s11-b300,16,3023,0.9996558290309246,0.9427830318488324
RES-s0-b200,1,2,0.8491784461216847,0.8619472304617367
RES-s0-b200,2,4,0.8827956150262234,0.8895736124013985
RES-s0-b200,3,8,0.9081730496809488,0.9005928174185841
RES-s0-b200,4,16,0.931910528742205,0.9245405467431311
RES-s0-b200,6,63,0.9724459887440147,0.9543508403877665
RES-s0-b200,8,220,0.9914182478862441,0.9536586747989367
RES-s0-b200,12,1351,0.9989538750277003,0.9521448399852427
RES-s0-b200,16,4681,0.9999205229126172,0.9484715185427767
RES-s1-b200,1,2,0.8529174341265156,0.8516951610454888
RES-s1-b200,2,4,0.8860336660552542,0.8876938754742209
RES-s1-b200,3,8,0.907987650504158,0.9071283435305405
RES-s1-b200,4,16,0.9335630149754871,0.9223037367092418
RES-s1-b200,6,64,0.9793520406183345,0.9534688587773948
RES-s1-b200,8,234,0.9921563775757724,0.909086258908345
RES-s1-b200,12,1807,0.9992494831540629,0.9019809291100898
RES-s1-b200,16,8096,0.9999492494926677,0.8970657820083446
RES-s2-b200,1,2,0.8609640779826262,0.8493094688938807
RES-s2-b200,2,4,0.8885671905598989,0.8808450079323136
RES-s2-b200,3,8,0.9100456924614876,0.8957571282956838
RES-s2-b200,4,16,0.9363984911340991,0.9178484365105365
RES-s2-b200,6,64,0.9791879136062354,0.9365949985893018
RES-s2-b200,8,230,0.9967475342005037,0.9384910444470977
RES-s2-b200,12,1713,0.9997443952049122,0.9340318138109329
RES-s2-b200,16,5416,0.9999607980124321,0.930738213680544
GATE-s0-b200,1,2,0.8780857379020945,0.8859924699761347
GATE-s0-b200,2,4,0.8931125122408442,0.8967798013030154
GATE-s0-b200,3,8,0.9126878890521167,0.9153826879710599
GATE-s0-b200,4,16,0.93128202217053,0.9322381437071607
GATE-s0-b200,6,64,0.9562779403418799,0.9323503515128022
GATE-s0-b200,8,213,0.9762868162979513,0.9238514429261522
GATE-s0-b200,12,1189,0.9941536539661359,0.9080405846100008
GATE-s0-b200,16,3528,0.998145967294336,0.9029862484336829
GATE-s1-b200,1,2,0.8801776286277746,0.9078681233813981
GATE-s1-b200,2,4,0.8939410734167884,0.9229012372916053
GATE-s1-b200,3,8,0.9062584106059318,0.926991748432083
GATE-s1-b200,4,16,0.9202300097178137,0.9366096593984999
GATE-s1-b200,6,63,0.9486911221382256,0.9442534938832277
GATE-s1-b200,8,214,0.97706306413389,0.9484833173595706
GATE-s1-b200,12,1188,0.9981717640025954,0.9351736441863208
GATE-s1-b200,16,3225,0.9998144404173025,0.9353058574440107
GATE-s2-b200,1,2,0.8924653113527916,0.9046114795709288
GATE-s2-b200,2,4,0.9083565571755574,0.9192638745469544
GATE-s2-b200,3,8,0.9214758946918009,0.9280512589690524
GATE-s2-b200,4,16,0.9319495615233233,0.9346620191454182
GATE-s2-b200,6,58,0.9585538131774469,0.9396439557122506
GATE-s2-b200,8,197,0.9820262173118661,0.9338544031069425
GATE-s2-b200,12,1149,0.9983366304369953,0.9188210691259348
GATE-s2-b200,16,3465,0.9998321685446917,0.9206024490237483
