cond,depth,states,unexplained,time_head_on,err_head_on,time_offensive,err_offensive,time_defensive,err_defensive,time_neutral,err_neutral
RL-s2-b300-a1.00,8,tree-visited,0.8968951996359398,0.03460820895522388,0.023760304253808325,0.18358208955223881,0.12793814161618403,0.6288712686567164,0.7248937042029749,0.1529384328358209,0.12340784992703271
RL-s2-b300-a1.00,8,original-visited,0.07069802298595534,0.06983034900473377,0.4032929031323071,0.3487401134926935,0.43173191456377435,0.2803504748463732,0.007245234807689235,0.3010790626561995,0.15772994749622926
RL-s2-b300-a1.00,16,tree-visited,0.3105520972796307,0.05367916899919139,0.20570067087448424,0.37028052497356473,0.3466919126010596,0.25452509796603845,0.2747717213459305,0.3215152080612054,0.17283569517852587
RL-s2-b300-a1.00,16,original-visited,0.06892681636214633,0.06983034900473377,0.46418048866639516,0.3487401134926935,0.43629721877953515,0.2803504748463732,0.002410550043507048,0.3010790626561995,0.09711174251056261
RL-s1-b300-a1.00,8,tree-visited,0.595766420113746,0.03338342200381757,0.031057988657878895,0.21999756325386832,0.20765086747875353,0.5638224424318726,0.6172649250084359,0.18279657231044147,0.14402621885493186
RL-s1-b300-a1.00,8,original-visited,0.08453474601233506,0.10344524263304501,0.41033695981445706,0.4439818208473831,0.5571598050711427,0.07673361677173435,0.008644243658797502,0.3758393197478376,0.02385899145560269
RL-s1-b300-a1.00,16,tree-visited,0.2422292979595554,0.0591747146619842,0.11949991517760208,0.3412057360257536,0.4321530107478993,0.33646473514779046,0.3644814404822911,0.2631548141644718,0.08386563359220763
RL-s1-b300-a1.00,16,original-visited,0.0818174741405667,0.10344524263304501,0.3508414314839048,0.4439818208473831,0.6267935887277702,0.07673361677173435,0.014320224273119282,0.3758393197478376,0.008044755515205665
RL-s0-b300-a1.00,8,tree-visited,0.5478799127219521,0.021142492420615926,0.012895017201911683,0.14795755544917824,0.11283064989649698,0.6278522419020265,0.6641977837145161,0.20304771022817936,0.21007654918707516
RL-s0-b300-a1.00,8,original-visited,0.023193816824218186,0.0627270934850576,0.4424489308555872,0.4430893163957975,0.5282584179511577,0.1415655015069149,0.005090500739103693,0.35261808861222993,0.024202150454151406
RL-s0-b300-a1.00,16,tree-visited,0.23714441506307793,0.04239770407408503,0.06273161312256167,0.3353649516257877,0.49840657882551653,0.36261427852895056,0.38791866192082,0.25962306577117666,0.05094314613110173
RL-s0-b300-a1.00,16,original-visited,0.02384011656846042,0.0627270934850576,0.4490177439926448,0.4430893163957975,0.5301126458922789,0.1415655015069149,0.0016262680671562887,0.35261808861222993,0.019243342047920102
RL-s3-b300-a1.00,8,tree-visited,0.3024403585800188,0.028180542563143125,0.16933246677033617,0.18229653882132835,0.4504009805950824,0.6598748830682881,0.27838516780650646,0.12964803554724041,0.10188138482807503
RL-s3-b300-a1.00,8,original-visited,0.0508732358478298,0.09721664275466284,0.4147776979037774,0.43004304160688667,0.541016504237099,0.06886657101865136,0.00947685703632365,0.40387374461979914,0.03472894082279981
RL-s3-b300-a1.00,16,tree-visited,0.15452389847626904,0.07485783800605426,0.23690208228489607,0.3711488952386341,0.5235405781100261,0.19435878575268056,0.1655001623154256,0.35963448100263107,0.0740571772896523
RL-s3-b300-a1.00,16,original-visited,0.05150473641020584,0.09721664275466284,0.39947443443362407,0.43004304160688667,0.580382772222984,0.06886657101865136,0.002393591583733775,0.40387374461979914,0.017749201759658193
RL-s4-b300-a1.00,8,tree-visited,0.6768245497413299,0.023729782715242606,0.0070251488914454315,0.1996814246038229,0.11062225219157294,0.5778876000653488,0.6944393413532121,0.1987011926155857,0.18791325756376961
RL-s4-b300-a1.00,8,original-visited,0.04772573981759516,0.057054784923637386,0.4288689719648399,0.3124281911167157,0.5386015167464498,0.3787305590584279,0.00902574857491926,0.251786464901219,0.0235037627137909
RL-s4-b300-a1.00,16,tree-visited,0.9216330029648737,0.03516547039838142,0.007651696054700431,0.19369911845464619,0.06209637751872638,0.5590828074570066,0.8135409588826397,0.21205260368996579,0.11671096754393347
RL-s4-b300-a1.00,16,original-visited,0.04890178209296346,0.057054784923637386,0.43386962300957527,0.3124281911167157,0.5554640080632823,0.3787305590584279,0.002989347938124902,0.251786464901219,0.0076770209890174865
RL-s5-b300-a1.00,8,tree-visited,0.32920354079578507,0.03814900043146843,0.03420818343420064,0.25212138645189125,0.1948565747409526,0.456853156910686,0.6123116297762164,0.2528764562059543,0.15862361204863024
RL-s5-b300-a1.00,8,original-visited,0.03807302833528832,0.08011750948347167,0.49545650896091203,0.38529990587832635,0.4776456610909865,0.19976612190182824,0.00584134565274865,0.3348164627363737,0.021056484295352756
RL-s5-b300-a1.00,16,tree-visited,0.21754063044006772,0.06295347185772948,0.09042542669007464,0.3955663959986415,0.37118890850536884,0.20025317237333662,0.3267790418505706,0.3412269597702924,0.21160662295398588
RL-s5-b300-a1.00,16,original-visited,0.039975390921010885,0.08011750948347167,0.5228804550232522,0.38529990587832635,0.4518477696364608,0.19976612190182824,0.005712375581892823,0.3348164627363737,0.019559399758394252
RL-s6-b300-a1.00,8,tree-visited,0.6216715041712497,0.022892286666097206,0.005707619756951214,0.11591355599214145,0.0408535220285657,0.7056461945844367,0.8357577050877909,0.1555479627573247,0.11768115312669222
RL-s6-b300-a1.00,8,original-visited,0.031505466714775034,0.07367023530408745,0.3900399574455723,0.335386006045027,0.5452618847235629,0.2915454365695884,0.0212899334093398,0.29939832208129713,0.04340822442152515
RL-s6-b300-a1.00,16,tree-visited,0.3285415503606718,0.04824243223636483,0.03805465582441159,0.3202532480379872,0.19333694844447963,0.3648354547253182,0.7051015041885657,0.26666886500032977,0.0635068915425431
RL-s6-b300-a1.00,16,original-visited,0.031657855321401036,0.07367023530408745,0.41958373484377987,0.335386006045027,0.5309481810460569,0.2915454365695884,0.011768295937810761,0.29939832208129713,0.03769978817235243
RL-s7-b300-a1.00,8,tree-visited,0.42879785544275295,0.051771339843909615,0.06255162807489699,0.3160625995995587,0.2922136253273878,0.35357332570587996,0.5398766096487051,0.2785927348506517,0.10535813694900996
RL-s7-b300-a1.00,8,original-visited,0.09119913491036517,0.04732474964234621,0.39775324328770906,0.5295278969957081,0.5801144437783259,0.09559370529327611,0.0035097835185015406,0.32755364806866955,0.018622529415463485
RL-s7-b300-a1.00,16,tree-visited,0.3028041601639738,0.044088584050220876,0.10026249869282149,0.4389386189258312,0.4465673972520807,0.21701348523599162,0.2533870060294893,0.29995931178795626,0.19978309802560845
RL-s7-b300-a1.00,16,original-visited,0.09422922756759095,0.04732474964234621,0.3859073382353873,0.5295278969957081,0.6009815542203526,0.09559370529327611,0.002366824681318713,0.32755364806866955,0.010744282862941367
RL-s8-b300-a1.00,8,tree-visited,1.5347375903807177,0.024000379452639567,0.009250761571110622,0.2142958781957027,0.1759603561491568,0.5926101598444244,0.7300238621359465,0.1690935825072333,0.08476502014378606
RL-s8-b300-a1.00,8,original-visited,0.08000631223071408,0.060397085812802405,0.30259597615352823,0.3862688393304043,0.5378303511747682,0.20696846671486568,0.012304743232645276,0.3463656081419276,0.14726892943905845
RL-s8-b300-a1.00,16,tree-visited,0.2830781861854169,0.047393775059855196,0.13827653066378653,0.36149652407188393,0.353730429929112,0.26693974096402917,0.33375209228063196,0.3241699599042317,0.17424094712646943
RL-s8-b300-a1.00,16,original-visited,0.0958368738818052,0.060397085812802405,0.29718047792908053,0.3862688393304043,0.47038331979314246,0.20696846671486568,0.03168754431063375,0.3463656081419276,0.20074865796714317
RL-s10-b300-a1.00,8,tree-visited,1.5429263633958157,0.02248102715860818,0.009767552402832601,0.09140375161090163,0.03514745636561402,0.7050737434967305,0.8049785029108382,0.18104147773375973,0.15010648832071533
RL-s10-b300-a1.00,8,original-visited,0.09876523212729096,0.06157338440803008,0.2779394404067469,0.33812158615308224,0.701763076308343,0.35667163226218346,0.009012972783923365,0.24363339717670426,0.011284510500986649
RL-s10-b300-a1.00,16,tree-visited,0.8380469425335891,0.0319001386962552,0.037743569501154414,0.30035039053945545,0.27158109829747734,0.46328199138623255,0.5720802112841943,0.2044674793780568,0.11859512091717402
RL-s10-b300-a1.00,16,original-visited,0.09780883496162113,0.06157338440803008,0.23629366116586295,0.33812158615308224,0.752509322511082,0.35667163226218346,0.005719923768968691,0.24363339717670426,0.00547709255408614
RL-s9-b300-a1.00,8,tree-visited,0.29889264834310175,0.036493088655862725,0.03692712586327391,0.31002740705433746,0.2275730582307231,0.3700548141086749,0.504755628341759,0.28342469018112487,0.23074418756424397
RL-s9-b300-a1.00,8,original-visited,0.06655751521510449,0.06696112573968685,0.15130370517364067,0.459809167869985,0.8378418790113771,0.1112715535547439,0.0011028406923429188,0.36195815283558425,0.009751575122639201
RL-s9-b300-a1.00,16,tree-visited,0.182707700160627,0.04872300939700121,0.06227659491122119,0.3813297198574248,0.35808332201406157,0.23863669838277315,0.39790796108449406,0.3313105723628008,0.18173212199022312
RL-s9-b300-a1.00,16,original-visited,0.068351481805772,0.06696112573968685,0.15101626974673754,0.459809167869985,0.8386180038005331,0.1112715535547439,0.0008751772843144449,0.36195815283558425,0.009490549168414825
RL-s11-b300-a1.00,8,tree-visited,0.3744904066915027,0.050428044741610945,0.06150259484268483,0.41604699118915206,0.5987996753399668,0.25132787602324563,0.2465909450829152,0.28219708804599136,0.09310678473443315
RL-s11-b300-a1.00,8,original-visited,0.042840854013591154,0.062093401486988845,0.23801722549229773,0.5346770446096655,0.7155059916037133,0.051057156133828996,0.023520002373530673,0.35217239776951675,0.02295678053045826
RL-s11-b300-a1.00,16,tree-visited,0.2578655180673944,0.05799933852491055,0.11686497489719339,0.5150485582849755,0.8289229968945188,0.10956432845244896,0.0340933729505139,0.317387774737665,0.0201186552577741
RL-s11-b300-a1.00,16,original-visited,0.04505083143059743,0.062093401486988845,0.23460708177758016,0.5346770446096655,0.713225709556416,0.051057156133828996,0.0343687456559328,0.35217239776951675,0.017798463010070997
RL-s12-b300-a1.00,8,tree-visited,2.1201456526567717,0.035247359062859536,0.017732537585349085,0.2867900847191716,0.20130850782718446,0.4693023742286372,0.640584345288164,0.20866018198933167,0.14037460929930246
RL-s12-b300-a1.00,8,original-visited,0.07894340118808808,0.10366539923954372,0.4527837860777674,0.4278022813688213,0.45653942226506083,0.11540684410646387,0.013031061731540778,0.3531254752851711,0.07764572992563108
RL-s12-b300-a1.00,16,tree-visited,0.60063252448158,0.07093754091920912,0.07514262091415451,0.3685347649600629,0.2390364033824203,0.26243943957051197,0.6278844500909057,0.29808825455021604,0.057936525612519725
RL-s12-b300-a1.00,16,original-visited,0.07033173155985836,0.10366539923954372,0.5021716084134673,0.4278022813688213,0.4263019746085622,0.11540684410646387,0.016518342702466184,0.3531254752851711,0.05500807427550439
RL-s13-b300-a1.00,8,tree-visited,2.235730472716295,0.011573747353563868,0.0040268726553555415,0.20569277816984238,0.11478842204082028,0.6280404610679841,0.7874779127989517,0.15469301340860975,0.09370679250487252
RL-s13-b300-a1.00,8,original-visited,0.0690260139509915,0.04796578825705039,0.535061807677323,0.2996417013407305,0.4169283033797251,0.3950242718446602,0.030967249281564843,0.25736823855755897,0.017042639661387006
RL-s13-b300-a1.00,16,tree-visited,1.229531366215821,0.030209598554922296,0.03401242690939983,0.2600828428166558,0.2702614073765587,0.5061197795010745,0.5569024183355937,0.20358777912734746,0.13882374737844777
RL-s13-b300-a1.00,16,original-visited,0.07978593161507973,0.04796578825705039,0.4545647424289517,0.2996417013407305,0.4177221994045282,0.3950242718446602,0.05488353318937459,0.25736823855755897,0.07282952497714552
RL-s14-b300-a1.00,8,tree-visited,0.4940868708826084,0.05556447212146503,0.09023761736320665,0.36885693191666935,0.3578013464547702,0.3052354508394055,0.49260802795236663,0.2703431451224601,0.0593530082296564
RL-s14-b300-a1.00,8,original-visited,0.06507145876038516,0.07003332008681563,0.27369988264844136,0.38746064255800444,0.6305297073662401,0.27456974291566044,0.035331295452580326,0.26793629443951944,0.06043911453273816
RL-s14-b300-a1.00,16,tree-visited,0.24988109560493757,0.05842545868214567,0.15073620008843985,0.3597993174459645,0.5144539051066144,0.322288014467812,0.24414471822843783,0.2594872094040778,0.0906651765765079
RL-s14-b300-a1.00,16,original-visited,0.06565624450137485,0.07003332008681563,0.28069829901691984,0.38746064255800444,0.6152042910578744,0.27456974291566044,0.05683176309137338,0.26793629443951944,0.04726564683383252
RL-s15-b300-a1.00,8,tree-visited,0.35055881404951,0.043163511538592256,0.04599643664052374,0.37110423818101484,0.2764036266822466,0.2908948781565442,0.5655685883283148,0.2948373721238487,0.11203134834891479
RL-s15-b300-a1.00,8,original-visited,0.03206042075571061,0.0743277958554547,0.1928282319316993,0.4088599646058115,0.7184917384077748,0.18793172346863046,0.052793106081196486,0.3288805160701033,0.03588692357932928
RL-s15-b300-a1.00,16,tree-visited,0.33089658593016574,0.062074952973520475,0.03467955785415596,0.3661409347417161,0.21088918944884688,0.2365214874837216,0.48334145217336183,0.3352626248010418,0.2710898005236352
RL-s15-b300-a1.00,16,original-visited,0.02903058418022067,0.0743277958554547,0.26021427323647955,0.4088599646058115,0.6815063428104214,0.18793172346863046,0.03375011051896131,0.3288805160701033,0.02452927343413778
RL-s17-b300-a1.00,8,tree-visited,0.42006150873420517,0.03400748524542968,0.02513225939184729,0.20008636821649634,0.22302607294272292,0.5651360299409817,0.5228150149186774,0.20077011659709226,0.22902665274675238
RL-s17-b300-a1.00,8,original-visited,0.026433365458563972,0.06650400045395222,0.37107791074037855,0.33501673948816885,0.5447377272203499,0.29021732962605684,0.011524305432549183,0.30826193043182204,0.07266005660672238
RL-s17-b300-a1.00,16,tree-visited,0.31463650409656957,0.07924944136643301,0.10118280313643947,0.3874621200526493,0.33070018271703133,0.1822828981603355,0.3933075504507166,0.3510055404205822,0.17480946369581252
RL-s17-b300-a1.00,16,original-visited,0.025364455552284153,0.06650400045395222,0.3817361072231369,0.33501673948816885,0.5763796155475077,0.29021732962605684,0.007319972283644339,0.30826193043182204,0.034564304945711236
RL-s16-b300-a1.00,8,tree-visited,1.3661861995879079,0.02295484943787731,0.011821964360236779,0.23930882406102014,0.3026695373712536,0.5809565123088603,0.5568390647481376,0.15677981419224235,0.1286694335203721
RL-s16-b300-a1.00,8,original-visited,0.09479784058430393,0.046059456415424284,0.39961690337368466,0.3873558789531403,0.4628043764108404,0.3013722991197131,0.08272793208954193,0.26521236551172234,0.054850788125932984
RL-s16-b300-a1.00,16,tree-visited,0.3238952444494673,0.04829472329472329,0.16791230214468403,0.3540862290862291,0.4329028981738178,0.3728120978120978,0.3271362518036174,0.22480694980694982,0.07204854787788088
RL-s16-b300-a1.00,16,original-visited,0.10294040381939018,0.046059456415424284,0.40871162346074974,0.3873558789531403,0.48051930959232325,0.3013722991197131,0.06599700050363655,0.26521236551172234,0.044772066443290535
RL-s18-b300-a1.00,8,tree-visited,0.7096949269626258,0.030562392094919736,0.028428586440118128,0.2506703890092936,0.24363624674155515,0.4863534511258862,0.5424806188669933,0.23241376776990044,0.18545454795133343
RL-s18-b300-a1.00,8,original-visited,0.054048219676213205,0.053400637619553666,0.47033292675797683,0.3200495926319518,0.4664298785808089,0.35485299326957137,0.01982392697761463,0.27169677647892315,0.04341326768359955
RL-s18-b300-a1.00,16,tree-visited,0.6277236217965754,0.04816145031640157,0.03668914525496921,0.2966649563878912,0.3387556006770095,0.40478878057123313,0.4729109257670751,0.2503848127244741,0.15164432830094615
RL-s18-b300-a1.00,16,original-visited,0.05172269153583682,0.053400637619553666,0.4668386559995969,0.3200495926319518,0.49932935530197625,0.35485299326957137,0.010743749151688596,0.27169677647892315,0.023088239546738224
RL-s19-b300-a1.00,8,tree-visited,0.8171469121733634,0.023989250286527288,0.014243681490645244,0.18914753191321187,0.09699324628499192,0.5726988894597479,0.7277787851889294,0.214164328340513,0.16098428703543327
RL-s19-b300-a1.00,8,original-visited,0.04994765968814616,0.06228499510557964,0.3371545185051147,0.46024332261222206,0.6220571101738861,0.08161096350160817,0.0037363670008417754,0.39586071878059015,0.03705200432015761
RL-s19-b300-a1.00,16,tree-visited,0.36938486791179764,0.04022074338581399,0.05833808801407806,0.3479954552832332,0.258418295933467,0.3172212303197533,0.548082657850421,0.2945625710111995,0.13516095820203392
RL-s19-b300-a1.00,16,original-visited,0.04592092550423697,0.06228499510557964,0.34881053008236196,0.46024332261222206,0.6351525961819269,0.08161096350160817,0.006889029779594822,0.39586071878059015,0.00914784395611626
RL-s0-b0-a1.00,8,tree-visited,0.30156725495502323,0.047841687506795696,0.046280874100454186,0.4010728135986372,0.41127872434903234,0.30361349715486935,0.40129756108076114,0.24747200173969772,0.14114284046975245
RL-s0-b0-a1.00,8,original-visited,0.023610046040134343,0.049089315281971364,0.6702911579317035,0.5499821434369014,0.2982140368268471,0.11804811532093114,0.023724658991008132,0.2828804259601961,0.007770146250441338
RL-s0-b0-a1.00,16,tree-visited,0.17694597281488192,0.053199416815162805,0.1377925170811527,0.4425076947999352,0.5451022548116413,0.25605054268589017,0.25002532765437263,0.24824234569901182,0.0670799004528333
RL-s0-b0-a1.00,16,original-visited,0.025620948965299116,0.049089315281971364,0.6377198669176114,0.5499821434369014,0.32586999344450285,0.11804811532093114,0.029942250857500307,0.2828804259601961,0.006467888780385353
BT-v2,8,tree-visited,0.1632786707097945,0.06492301347264229,0.47841883537052227,0.5284575199340116,0.42847035066182737,0.1332829254880396,0.06022606191373195,0.2733365411053066,0.032884752053918435
BT-v2,8,original-visited,0.040401590442522416,0.04827283555889913,0.667593725963253,0.5381480784903768,0.32543327017125795,0.12469437652811736,0.0030396353092687683,0.28888470942260674,0.003933368556220437
BT-v2,16,tree-visited,0.08182466425696812,0.052312018662320645,0.6416294760801448,0.5312689738919247,0.3455080905096896,0.12133704023263989,0.0056024068097599595,0.29508196721311475,0.007260026600405588
BT-v2,16,original-visited,0.04146811357205473,0.04827283555889913,0.5968147376502592,0.5381480784903768,0.4006184332723163,0.12469437652811736,0.0011516580556721894,0.28888470942260674,0.0014151710217523861
