cond,depth,score,delta,sd,n,se,lo,hi,n_leaves,r2_train,r2_fresh,d_star,group
BT-v1,1,0.2325,0.02125,0.13182743349630313,100,0.013182743349630313,-0.004588176965275411,0.04708817696527541,2,0.9707551564591664,0.9845702198082538,1.0,BT-v1
BT-v1,2,0.2875,0.07625,0.17488722917724134,100,0.017488722917724134,0.041972103081260696,0.1105278969187393,4,0.9875337410312868,0.993252316880064,1.0,BT-v1
BT-v1,3,0.27125,0.06,0.16993016985298004,100,0.016993016985298003,0.02669368670881591,0.09330631329118408,8,0.99283830508392,0.9938806067505348,1.0,BT-v1
BT-v1,4,0.22,0.00875,0.09275354277314532,100,0.009275354277314532,-0.009429694383536483,0.026929694383536484,13,0.9963087011779196,0.9954093344074028,1.0,BT-v1
BT-v1,6,0.22375,0.0125,0.08238092110201345,100,0.008238092110201345,-0.003646660535994637,0.02864666053599464,27,0.9986385364771628,0.9952563437315972,1.0,BT-v1
BT-v1,8,0.2175,0.00625,0.0625,100,0.00625,-0.006,0.018500000000000003,36,1.0,0.9945525386491728,1.0,BT-v1
BT-v1,12,0.21875,0.0075,0.06604826823902153,100,0.006604826823902153,-0.00544546057484822,0.02044546057484822,51,1.0,0.9945566683805768,1.0,BT-v1
BT-v1,16,0.22375,0.0125,0.08427498280790525,100,0.008427498280790525,-0.004017896630349429,0.02901789663034943,52,1.0,0.995061320489191,1.0,BT-v1
BT-v2,1,0.215,-0.4425,0.18414078386611774,100,0.018414078386611774,-0.4785915936377591,-0.4064084063622409,2,0.8889786784181444,0.8887060728437093,4.0,BT-v2
BT-v2,2,0.4775,-0.18,0.21120744745057135,100,0.021120744745057134,-0.22139665970031197,-0.13860334029968802,4,0.9181611419824948,0.9023170070517784,4.0,BT-v2
BT-v2,3,0.545,-0.1125,0.18844459036110228,100,0.018844459036110227,-0.14943513971077604,-0.07556486028922396,8,0.9432525773312646,0.9264935300113788,4.0,BT-v2
BT-v2,4,0.66625,0.00875,0.18739896267621445,100,0.018739896267621445,-0.02798019668453803,0.04548019668453803,16,0.9577690765804852,0.9398306476719396,4.0,BT-v2
BT-v2,6,0.5325,-0.125,0.22261644325628965,100,0.022261644325628965,-0.16863282287823278,-0.08136717712176722,63,0.9826745185203852,0.9592455098038216,4.0,BT-v2
BT-v2,8,0.5525,-0.105,0.22802401078603435,100,0.022802401078603436,-0.14969270611406274,-0.06030729388593726,221,0.9932423134921408,0.9594263852935968,4.0,BT-v2
BT-v2,12,0.61625,-0.04125,0.21908253944782796,100,0.021908253944782796,-0.08419017773177428,0.001690177731774281,1459,0.99944291596987,0.9582027915990664,4.0,BT-v2
BT-v2,16,0.695,0.0375,0.1642821851681927,100,0.01642821851681927,0.005300691707034233,0.06969930829296576,4387,0.9999766667599794,0.956335842768746,4.0,BT-v2
BT-v3,1,0.29625,-0.04625,0.24402907489465142,100,0.024402907489465143,-0.09407969867935168,0.0015796986793516835,2,0.6901540317672338,0.6924728403251106,5.0,BT-v3
BT-v3,2,0.195,-0.1475,0.19814480471706455,100,0.019814480471706454,-0.18633638172454464,-0.10866361827545534,4,0.8280028736320345,0.8257718666708299,5.0,BT-v3
BT-v3,3,0.1675,-0.175,0.19623990677255485,100,0.019623990677255485,-0.21346302172742074,-0.13653697827257924,8,0.9317447871253997,0.9191211155219772,5.0,BT-v3
BT-v3,4,0.22625,-0.11625,0.20042174598238158,100,0.020042174598238156,-0.1555326622125468,-0.07696733778745321,16,0.9469960997565424,0.9391305960057432,5.0,BT-v3
BT-v3,5,0.3025,-0.04,0.2024783315505013,100,0.02024783315505013,-0.07968575298389825,-0.00031424701610174854,30,0.9670553948832906,0.9524016786192584,5.0,BT-v3
BT-v3,6,0.29,-0.0525,0.1873357866764836,100,0.01873357866764836,-0.08921781418859079,-0.015782185811409208,54,0.9776868260881788,0.9610078954453718,5.0,BT-v3
BT-v3,8,0.2725,-0.07,0.2004729257016866,100,0.02004729257016866,-0.10929269343753058,-0.030707306562469436,166,0.990920512321766,0.968689653606016,5.0,BT-v3
BT-v3,12,0.2375,-0.105,0.17291324385075277,100,0.017291324385075277,-0.13889099579474753,-0.07110900420525246,1082,0.9987232853704342,0.9666553370792076,5.0,BT-v3
BT-v3,16,0.34,-0.0025,0.1588905664953465,100,0.01588905664953465,-0.033642551033087914,0.028642551033087917,3428,0.9999746165738966,0.9641719487915988,5.0,BT-v3
BTO-s0-b300,1,0.21375,-0.345,0.21254827140385704,100,0.021254827140385704,-0.38665946119515593,-0.303340538804844,2,0.7615300519463735,0.7569545962579669,5.0,BTO
BTO-s0-b300,2,0.22375,-0.335,0.2032563192452606,100,0.02032563192452606,-0.3748382385720711,-0.29516176142792894,4,0.8505757355558377,0.8561487698964052,5.0,BTO
BTO-s0-b300,3,0.3925,-0.16625,0.2176369590846095,100,0.021763695908460952,-0.20890684398058346,-0.12359315601941655,8,0.9357471108276828,0.9331962405180338,5.0,BTO
BTO-s0-b300,4,0.55625,-0.0025,0.16474268273629486,100,0.016474268273629487,-0.034789565816313796,0.029789565816313795,14,0.9492017635611076,0.9445314820465642,5.0,BTO
BTO-s0-b300,5,0.47,-0.08875,0.18231033454197842,100,0.018231033454197843,-0.12448282557022777,-0.053017174429772225,26,0.9620484415218908,0.955905903929863,5.0,BTO
BTO-s0-b300,6,0.495,-0.06375,0.16807642411544327,100,0.016807642411544328,-0.09669297912662689,-0.03080702087337312,50,0.975681221340576,0.9634756172559378,5.0,BTO
BTO-s0-b300,8,0.4525,-0.10625,0.20747931015263701,100,0.0207479310152637,-0.14691594478991685,-0.06558405521008315,167,0.992838941980648,0.9772454355394125,5.0,BTO
BTO-s0-b300,12,0.52625,-0.0325,0.1681937615196872,100,0.01681937615196872,-0.06546597725785869,0.00046597725785868516,1196,0.999533896781892,0.9793579959209612,5.0,BTO
BTO-s0-b300,16,0.54875,-0.01,0.17196135342194496,100,0.017196135342194496,-0.043704425270701217,0.023704425270701213,4055,0.9999611452089864,0.9785729209883124,5.0,BTO
BTO-s1-b300,1,0.22375,-0.3525,0.22778855603964457,100,0.022778855603964455,-0.3971465569837703,-0.30785344301622963,2,0.8106507188964487,0.8043418211776514,3.0,BTO
BTO-s1-b300,2,0.2175,-0.35875,0.1991577911043797,100,0.01991577911043797,-0.3977849270564584,-0.3197150729435416,4,0.8882547963435515,0.8827681857215498,3.0,BTO
BTO-s1-b300,3,0.4025,-0.17375,0.23961709248319704,100,0.023961709248319703,-0.2207149501267066,-0.12678504987329337,8,0.9575590759094444,0.9534065742971972,3.0,BTO
BTO-s1-b300,4,0.48,-0.09625,0.18874167986211132,100,0.01887416798621113,-0.1332433692529738,-0.05925663074702619,14,0.9705233481353936,0.9643863362184028,3.0,BTO
BTO-s1-b300,6,0.44125,-0.135,0.15859229221975182,100,0.015859229221975184,-0.16608408927507137,-0.10391591072492865,50,0.9868389831322278,0.9774907802189586,3.0,BTO
BTO-s1-b300,8,0.41125,-0.165,0.1748736917915559,100,0.01748736917915559,-0.19927524359114496,-0.13072475640885506,168,0.9954534910483486,0.980155348494959,3.0,BTO
BTO-s1-b300,12,0.48625,-0.09,0.15699192541804383,100,0.015699192541804383,-0.12077041738193658,-0.05922958261806341,1111,0.9991358294184204,0.979331726027397,3.0,BTO
BTO-s1-b300,16,0.53875,-0.0375,0.1652401069029336,100,0.01652401069029336,-0.06988706095297498,-0.005112939047025013,3972,0.9999716826969768,0.9761422245760648,3.0,BTO
BTO-s2-b300,1,0.23625,-0.35875,0.2560227805126218,100,0.025602278051262178,-0.40893046498047386,-0.30856953501952616,2,0.7861089299498134,0.7795270265413251,3.0,BTO
BTO-s2-b300,2,0.23375,-0.36125,0.22883584937591392,100,0.022883584937591392,-0.4061018264776791,-0.3163981735223209,4,0.8716515470913015,0.8780966534459372,3.0,BTO
BTO-s2-b300,3,0.46,-0.135,0.1967860449187073,100,0.01967860449187073,-0.17357006480406664,-0.09642993519593338,8,0.9654336456167356,0.962641042543654,3.0,BTO
BTO-s2-b300,4,0.56125,-0.03375,0.18365588017603007,100,0.018365588017603008,-0.0697465525145019,0.0022465525145018914,15,0.9799225027122817,0.9766712220452014,3.0,BTO
BTO-s2-b300,6,0.48,-0.115,0.17915345264872684,100,0.017915345264872685,-0.15011407671915047,-0.07988592328084954,52,0.9898375005322552,0.9809601845072284,3.0,BTO
BTO-s2-b300,8,0.465,-0.13,0.19211081608427377,100,0.019211081608427376,-0.16765371995251765,-0.09234628004748235,177,0.9968184321981004,0.9817934470098204,3.0,BTO
BTO-s2-b300,12,0.5025,-0.0925,0.1791005868276824,100,0.01791005868276824,-0.12760371501822576,-0.05739628498177425,1322,0.9998713438680712,0.973940104037716,3.0,BTO
BTO-s2-b300,16,0.5725,-0.0225,0.15628661187224277,100,0.015628661187224276,-0.05313217592695958,0.00813217592695958,5241,0.9999768920505148,0.9829439444742208,3.0,BTO
GATE-s0-b200,1,0.28,-0.4125,0.27322660517924996,100,0.027322660517924997,-0.46605241461513297,-0.358947585384867,2,0.8780857379020945,0.8859924699761347,17.0,게이팅형
GATE-s0-b200,2,0.28625,-0.40625,0.2844757494413223,100,0.02844757494413223,-0.46200724689049916,-0.35049275310950084,4,0.8931125122408442,0.8967798013030154,17.0,게이팅형
GATE-s0-b200,3,0.42,-0.2725,0.2985550217465803,100,0.029855502174658027,-0.3310167842623297,-0.2139832157376703,8,0.9126878890521168,0.91538268797106,17.0,게이팅형
GATE-s0-b200,4,0.465,-0.2275,0.24706611800622655,100,0.024706611800622655,-0.27592495912922044,-0.1790750408707796,16,0.93128202217053,0.9322381437071608,17.0,게이팅형
GATE-s0-b200,6,0.5,-0.1925,0.22642645471309092,100,0.022642645471309092,-0.23687958512376583,-0.14812041487623417,64,0.95627794034188,0.9323503515128022,17.0,게이팅형
GATE-s0-b200,8,0.56,-0.1325,0.23625070145799348,100,0.02362507014579935,-0.17880513748576674,-0.08619486251423328,213,0.9762868162979512,0.9238514429261522,17.0,게이팅형
GATE-s0-b200,12,0.5425,-0.15,0.22402989519123098,100,0.022402989519123097,-0.19390985945748127,-0.10609014054251872,1189,0.994153653966136,0.9080405846100008,17.0,게이팅형
GATE-s0-b200,16,0.66625,-0.02625,0.22979940198250112,100,0.02297994019825011,-0.07129068278857022,0.018790682788570216,3528,0.998145967294336,0.9029862484336828,17.0,게이팅형
GATE-s1-b200,1,0.29875,-0.485,0.3400274795787641,100,0.03400274795787641,-0.5516453859974377,-0.41835461400256224,2,0.8801776286277746,0.907868123381398,17.0,게이팅형
GATE-s1-b200,2,0.215,-0.56875,0.3170128689673482,100,0.03170128689673482,-0.6308845223176003,-0.5066154776823997,4,0.8939410734167884,0.9229012372916052,17.0,게이팅형
GATE-s1-b200,3,0.2875,-0.49625,0.30590516042021454,100,0.030590516042021454,-0.5562074114423621,-0.436292588557638,8,0.9062584106059318,0.926991748432083,17.0,게이팅형
GATE-s1-b200,4,0.39625,-0.3875,0.26020824993326663,100,0.026020824993326662,-0.4385008169869203,-0.33649918301307974,16,0.9202300097178135,0.9366096593985,17.0,게이팅형
GATE-s1-b200,6,0.55125,-0.2325,0.2562476903074031,100,0.025624769030740308,-0.28272454730025104,-0.182275452699749,63,0.9486911221382256,0.9442534938832275,17.0,게이팅형
GATE-s1-b200,8,0.67125,-0.1125,0.21504345344298872,100,0.021504345344298872,-0.15464851687482578,-0.07035148312517422,214,0.97706306413389,0.9484833173595706,17.0,게이팅형
GATE-s1-b200,12,0.56125,-0.2225,0.2061093413847626,100,0.020610934138476263,-0.2628974309114135,-0.18210256908858652,1188,0.9981717640025954,0.9351736441863208,17.0,게이팅형
GATE-s1-b200,16,0.72875,-0.055,0.14792333531702542,100,0.014792333531702543,-0.08399297372213699,-0.026007026277863016,3225,0.9998144404173024,0.9353058574440108,17.0,게이팅형
GATE-s2-b200,1,0.2825,-0.4975,0.31880260508675434,100,0.031880260508675436,-0.5599853105970038,-0.43501468940299615,2,0.8924653113527916,0.9046114795709288,17.0,게이팅형
GATE-s2-b200,2,0.21,-0.57,0.31797973380564853,100,0.03179797338056485,-0.632324027825907,-0.5076759721740929,4,0.9083565571755574,0.9192638745469544,17.0,게이팅형
GATE-s2-b200,3,0.23875,-0.54125,0.299965801922873,100,0.0299965801922873,-0.6000432971768831,-0.4824567028231169,8,0.9214758946918008,0.9280512589690524,17.0,게이팅형
GATE-s2-b200,4,0.36375,-0.41625,0.2665334657858903,100,0.026653346578589032,-0.4684905592940345,-0.3640094407059655,16,0.9319495615233232,0.9346620191454182,17.0,게이팅형
GATE-s2-b200,6,0.49125,-0.28875,0.2361671799143286,100,0.02361671799143286,-0.3350387672632084,-0.2424612327367916,58,0.9585538131774468,0.9396439557122506,17.0,게이팅형
GATE-s2-b200,8,0.5525,-0.2275,0.22500000000000003,100,0.022500000000000003,-0.2716,-0.1834,197,0.982026217311866,0.9338544031069425,17.0,게이팅형
GATE-s2-b200,12,0.585,-0.195,0.21417565716302145,100,0.021417565716302146,-0.2369784288039522,-0.1530215711960478,1149,0.9983366304369952,0.9188210691259348,17.0,게이팅형
GATE-s2-b200,16,0.62125,-0.15875,0.2040120007858519,100,0.02040120007858519,-0.19873635215402696,-0.11876364784597303,3465,0.9998321685446916,0.9206024490237484,17.0,게이팅형
HYB-s0-b300-a0.50,1,0.26125,-0.37625,0.2911223275462732,100,0.02911223275462732,-0.4333099761990695,-0.3191900238009304,2,0.8802741227638815,0.8973042067302258,6.0,혼합 α=0.5
HYB-s0-b300-a0.50,2,0.2575,-0.38,0.2924340554170748,100,0.029243405541707478,-0.43731707486174665,-0.32268292513825336,4,0.9020456101378396,0.9100717899300133,6.0,혼합 α=0.5
HYB-s0-b300-a0.50,3,0.2675,-0.37,0.2640735664258134,100,0.026407356642581342,-0.42175841901945943,-0.31824158098054056,8,0.9196991005941896,0.9214037895632028,6.0,혼합 α=0.5
HYB-s0-b300-a0.50,4,0.315,-0.3225,0.24501339893272292,100,0.024501339893272293,-0.3705226261908137,-0.2744773738091863,16,0.9434114621824377,0.9426363479102854,6.0,혼합 α=0.5
HYB-s0-b300-a0.50,6,0.4525,-0.185,0.20059885091869045,100,0.020059885091869047,-0.22431737478006333,-0.14568262521993666,63,0.9727441424289954,0.956390849748602,6.0,혼합 α=0.5
HYB-s0-b300-a0.50,8,0.47,-0.1675,0.18224539456014746,100,0.018224539456014745,-0.2032200973337889,-0.13177990266621112,208,0.9874616825588716,0.957055932975265,6.0,혼합 α=0.5
HYB-s0-b300-a0.50,12,0.535,-0.1025,0.1924883572499066,100,0.01924883572499066,-0.1402277180209817,-0.0647722819790183,1017,0.9985471474718388,0.9542272439597544,6.0,혼합 α=0.5
HYB-s0-b300-a0.50,16,0.5725,-0.065,0.16522100289605982,100,0.016522100289605983,-0.09738331656762772,-0.03261668343237228,3016,0.9998994055938032,0.9507289320262824,6.0,혼합 α=0.5
HYB-s1-b300-a0.50,1,0.2425,-0.45125,0.2536942952739487,100,0.02536942952739487,-0.500974081873694,-0.40152591812630606,2,0.8536331821566799,0.8705640222679385,17.0,혼합 α=0.5
HYB-s1-b300-a0.50,2,0.385,-0.30875,0.26379550447613426,100,0.026379550447613427,-0.36045391887732237,-0.2570460811226777,4,0.8712437555226552,0.8798304133352528,17.0,혼합 α=0.5
HYB-s1-b300-a0.50,3,0.28375,-0.41,0.20801490816814555,100,0.020801490816814556,-0.4507709220009565,-0.3692290779990435,8,0.8878576584711942,0.8944640708194777,17.0,혼합 α=0.5
HYB-s1-b300-a0.50,4,0.39,-0.30375,0.2501609330495919,100,0.025016093304959193,-0.35278154287772,-0.25471845712228003,16,0.9107484331271164,0.9141450038522568,17.0,혼합 α=0.5
HYB-s1-b300-a0.50,6,0.38875,-0.305,0.21343747458109497,100,0.021343747458109498,-0.3468337450178946,-0.2631662549821054,63,0.9473417709759608,0.9335392603336088,17.0,혼합 α=0.5
HYB-s1-b300-a0.50,8,0.4225,-0.27125,0.20799593891723123,100,0.020799593891723124,-0.31201720402777733,-0.23048279597222265,221,0.9830676057263152,0.9281992754117584,17.0,혼합 α=0.5
HYB-s1-b300-a0.50,12,0.5075,-0.18625,0.22083333333333335,100,0.022083333333333337,-0.22953333333333334,-0.14296666666666666,1366,0.9978251537006856,0.917765776316955,17.0,혼합 α=0.5
HYB-s1-b300-a0.50,16,0.58125,-0.1125,0.17987439500884492,100,0.01798743950088449,-0.1477553814217336,-0.0772446185782664,4167,0.999711640553621,0.9168167360001952,17.0,혼합 α=0.5
HYB-s11-b300-a0.50,1,0.26875,-0.37125,0.26018095392991164,100,0.026018095392991165,-0.4222454669702627,-0.32025453302973733,2,0.859494742931886,0.8856074549164257,17.0,혼합 α=0.5
HYB-s11-b300-a0.50,2,0.3275,-0.3125,0.2667968432263687,100,0.02667968432263687,-0.3647921812723683,-0.2602078187276317,4,0.8765797419616097,0.8966685331499148,17.0,혼합 α=0.5
HYB-s11-b300-a0.50,3,0.25375,-0.38625,0.22966199911692803,100,0.022966199911692804,-0.4312637518269179,-0.34123624817308207,8,0.9036810580710744,0.9120985947830744,17.0,혼합 α=0.5
HYB-s11-b300-a0.50,4,0.39625,-0.24375,0.25086655372483946,100,0.025086655372483946,-0.29291984453006853,-0.19458015546993146,16,0.9246261402971788,0.9248673208862216,17.0,혼합 α=0.5
HYB-s11-b300-a0.50,6,0.25,-0.39,0.21117755466895524,100,0.021117755466895524,-0.43139080071511526,-0.34860919928488476,63,0.9552563160755932,0.9286181762453918,17.0,혼합 α=0.5
HYB-s11-b300-a0.50,8,0.36875,-0.27125,0.25192127899024486,100,0.025192127899024485,-0.320626570682088,-0.22187342931791199,201,0.978975727972394,0.920393224119178,17.0,혼합 α=0.5
HYB-s11-b300-a0.50,12,0.35375,-0.28625,0.2759825193922633,100,0.027598251939226333,-0.3403425738008836,-0.2321574261991164,1122,0.9970823077923886,0.9078438491201648,17.0,혼합 α=0.5
HYB-s11-b300-a0.50,16,0.44,-0.2,0.23836564731139806,100,0.023836564731139806,-0.24671966687303404,-0.15328033312696598,4249,0.999757853746102,0.9074965311570152,17.0,혼합 α=0.5
RES-s0-b200,1,0.23375,-0.4325,0.27548167183163297,100,0.027548167183163295,-0.48649440767900004,-0.37850559232099995,2,0.8491784461216847,0.8619472304617367,6.0,잔차형
RES-s0-b200,2,0.28625,-0.38,0.28366736103607637,100,0.028366736103607636,-0.43559880276307095,-0.32440119723692906,4,0.8827956150262234,0.8895736124013985,6.0,잔차형
RES-s0-b200,3,0.28875,-0.3775,0.27921471770997064,100,0.027921471770997065,-0.43222608467115425,-0.32277391532884575,8,0.9081730496809488,0.9005928174185841,6.0,잔차형
RES-s0-b200,4,0.3325,-0.33375,0.2967920870395519,100,0.02967920870395519,-0.3919212490597522,-0.2755787509402478,16,0.931910528742205,0.9245405467431312,6.0,잔차형
RES-s0-b200,6,0.59125,-0.075,0.2017912212404122,100,0.020179122124041222,-0.11455107936312078,-0.035448920636879204,63,0.9724459887440148,0.9543508403877664,6.0,잔차형
RES-s0-b200,8,0.49375,-0.1725,0.22806553639006677,100,0.022806553639006678,-0.21720084513245308,-0.1277991548675469,220,0.991418247886244,0.9536586747989368,6.0,잔차형
RES-s0-b200,12,0.53875,-0.1275,0.23095377560162655,100,0.023095377560162656,-0.1727669400179188,-0.08223305998208119,1351,0.9989538750277004,0.9521448399852428,6.0,잔차형
RES-s0-b200,16,0.5775,-0.08875,0.20202181975362377,100,0.020202181975362377,-0.12834627667171025,-0.04915372332828974,4681,0.9999205229126172,0.9484715185427768,6.0,잔차형
RES-s1-b200,1,0.22,-0.39625,0.2629565534264149,100,0.02629565534264149,-0.4477894844715773,-0.3447105155284227,2,0.8529174341265156,0.8516951610454888,17.0,잔차형
RES-s1-b200,2,0.32875,-0.2875,0.27322660517925,100,0.027322660517925,-0.34105241461513297,-0.23394758538486699,4,0.8860336660552542,0.8876938754742209,17.0,잔차형
RES-s1-b200,3,0.23125,-0.385,0.24789517986846815,100,0.024789517986846817,-0.43358745525421977,-0.33641254474578025,8,0.907987650504158,0.9071283435305404,17.0,잔차형
RES-s1-b200,4,0.30625,-0.31,0.2333333333333333,100,0.02333333333333333,-0.35573333333333335,-0.26426666666666665,16,0.9335630149754872,0.9223037367092418,17.0,잔차형
RES-s1-b200,6,0.415,-0.20125,0.246115657093706,100,0.0246115657093706,-0.24948866879036638,-0.15301133120963364,64,0.9793520406183344,0.9534688587773948,17.0,잔차형
RES-s1-b200,8,0.43875,-0.1775,0.2050344883529145,100,0.020503448835291448,-0.21768675971717122,-0.13731324028282876,234,0.9921563775757724,0.909086258908345,17.0,잔차형
RES-s1-b200,12,0.59375,-0.0225,0.16796840130924576,100,0.016796840130924577,-0.05542180665661217,0.010421806656612173,1807,0.9992494831540628,0.9019809291100898,17.0,잔차형
RES-s1-b200,16,0.56125,-0.055,0.15213132285607528,100,0.015213132285607528,-0.08481773927979075,-0.025182260720209244,8096,0.9999492494926676,0.8970657820083446,17.0,잔차형
RES-s2-b200,1,0.2475,-0.4425,0.31753270729488675,100,0.03175327072948868,-0.5047364106297978,-0.3802635893702022,2,0.8609640779826262,0.8493094688938807,6.0,잔차형
RES-s2-b200,2,0.27625,-0.41375,0.31366952869592424,100,0.03136695286959242,-0.4752292276244012,-0.35227077237559884,4,0.8885671905598989,0.8808450079323136,6.0,잔차형
RES-s2-b200,3,0.30125,-0.38875,0.3066472119981895,100,0.030664721199818952,-0.4488528535516451,-0.32864714644835485,8,0.9100456924614876,0.8957571282956838,6.0,잔차형
RES-s2-b200,4,0.34125,-0.34875,0.3451023673338013,100,0.03451023673338013,-0.41639006399742506,-0.28110993600257494,16,0.9363984911340992,0.9178484365105364,6.0,잔차형
RES-s2-b200,6,0.39375,-0.29625,0.25416666666666665,100,0.025416666666666664,-0.3460666666666667,-0.24643333333333334,64,0.9791879136062354,0.9365949985893018,6.0,잔차형
RES-s2-b200,8,0.58,-0.11,0.23387383286073218,100,0.02338738328607322,-0.15583927124070351,-0.06416072875929649,230,0.9967475342005035,0.9384910444470976,6.0,잔차형
RES-s2-b200,12,0.595,-0.095,0.2430342703522624,100,0.02430342703522624,-0.14263471698904343,-0.04736528301095657,1713,0.9997443952049122,0.9340318138109328,6.0,잔차형
RES-s2-b200,16,0.6275,-0.0625,0.23737037930141364,100,0.023737037930141362,-0.10902459434307707,-0.01597540565692293,5416,0.999960798012432,0.930738213680544,6.0,잔차형
RL-s0-b0-a1.00,1,0.26625,-0.37,0.21753903632045515,100,0.021753903632045515,-0.41263765111880923,-0.32736234888119076,2,0.9195333624084056,0.933681757104666,2.0,복제본
RL-s0-b0-a1.00,2,0.4925,-0.14375,0.23053996235452168,100,0.02305399623545217,-0.18893583262148622,-0.09856416737851374,4,0.9547323076255864,0.9541185306519364,2.0,복제본
RL-s0-b0-a1.00,3,0.49625,-0.14,0.23987054589481968,100,0.023987054589481967,-0.18701462699538468,-0.09298537300461536,8,0.9683869394832342,0.965722148460159,2.0,복제본
RL-s0-b0-a1.00,4,0.3025,-0.33375,0.286510153715044,100,0.028651015371504402,-0.38990599012814864,-0.27759400987185134,16,0.9775675102871632,0.9722524097024188,2.0,복제본
RL-s0-b0-a1.00,6,0.32375,-0.3125,0.2477805521428226,100,0.02477805521428226,-0.3610649882199932,-0.2639350117800068,63,0.9887825969454987,0.974865652136461,2.0,복제본
RL-s0-b0-a1.00,8,0.3325,-0.30375,0.24182009236353183,100,0.024182009236353184,-0.35114673810325225,-0.2563532618967478,228,0.9949587431903852,0.9777084018468836,2.0,복제본
RL-s0-b0-a1.00,12,0.5325,-0.10375,0.24299205519705552,100,0.024299205519705554,-0.1513764428186229,-0.05612355718137711,1398,0.9994336925632163,0.976813226188028,2.0,복제본
RL-s0-b0-a1.00,16,0.55375,-0.0825,0.21920137413858154,100,0.021920137413858155,-0.12546346933116198,-0.03953653066883802,4767,0.999943796497053,0.9768336820892408,2.0,복제본
RL-s0-b300-a1.00,1,0.2625,-0.43625,0.34883237776585163,100,0.03488323777658516,-0.504621146042107,-0.3678788539578931,2,0.912234258500416,0.9194712281600964,3.0,학습(치고 빠지기)
RL-s0-b300-a1.00,2,0.0975,-0.60125,0.25419150400253493,100,0.02541915040025349,-0.6510715347844968,-0.5514284652155031,4,0.9348604398292348,0.9420202028520483,3.0,학습(치고 빠지기)
RL-s0-b300-a1.00,3,0.115,-0.58375,0.2653465192018265,100,0.02653465192018265,-0.635757917763558,-0.531742082236442,8,0.951979476583539,0.9557160049385096,3.0,학습(치고 빠지기)
RL-s0-b300-a1.00,4,0.135,-0.56375,0.2626202225898289,100,0.026262022258982894,-0.6152235636276064,-0.5122764363723935,16,0.971374369685315,0.9685977842955128,3.0,학습(치고 빠지기)
RL-s0-b300-a1.00,6,0.155,-0.54375,0.29375604442524006,100,0.029375604442524007,-0.601326184707347,-0.4861738152926529,64,0.9867949979353168,0.9745548569087616,3.0,학습(치고 빠지기)
RL-s0-b300-a1.00,8,0.11625,-0.5825,0.24503916405177337,100,0.024503916405177337,-0.6305276761541476,-0.5344723238458524,232,0.9947028216545136,0.977106034893478,3.0,학습(치고 빠지기)
RL-s0-b300-a1.00,12,0.2275,-0.47125,0.23826961958286172,100,0.023826961958286173,-0.5179508454382409,-0.4245491545617591,1562,0.9993855661236816,0.9782799926989274,3.0,학습(치고 빠지기)
RL-s0-b300-a1.00,16,0.3375,-0.36125,0.27055346845481265,100,0.027055346845481266,-0.4142784798171433,-0.30822152018285676,6553,0.9999439117059088,0.9768272636335096,3.0,학습(치고 빠지기)
RL-s1-b300-a1.00,1,0.25875,-0.53625,0.3455594022813596,100,0.03455594022813596,-0.6039796428471464,-0.4685203571528535,2,0.8536762974134317,0.8744356007963859,17.0,학습(추격)
RL-s1-b300-a1.00,2,0.07,-0.725,0.2543808089451639,100,0.02543808089451639,-0.7748586385532521,-0.6751413614467479,4,0.8724314637058744,0.8945791173413866,17.0,학습(추격)
RL-s1-b300-a1.00,3,0.06875,-0.72625,0.26093206573607036,100,0.026093206573607038,-0.7773926848842697,-0.6751073151157302,8,0.8867732238049026,0.9058788878401238,17.0,학습(추격)
RL-s1-b300-a1.00,4,0.14875,-0.64625,0.28150871938700067,100,0.028150871938700067,-0.7014257089998521,-0.5910742910001479,16,0.9055082910274572,0.9180097556783008,17.0,학습(추격)
RL-s1-b300-a1.00,6,0.285,-0.51,0.27677343686404465,100,0.027677343686404465,-0.5642475936253528,-0.45575240637464726,61,0.9367002268582,0.9302476435143582,17.0,학습(추격)
RL-s1-b300-a1.00,8,0.23125,-0.56375,0.26856274307821804,100,0.026856274307821802,-0.6163882976433307,-0.5111117023566693,206,0.9649423689554184,0.934585322552841,17.0,학습(추격)
RL-s1-b300-a1.00,12,0.38625,-0.40875,0.23493430738799892,100,0.023493430738799892,-0.4547971242480478,-0.3627028757519522,1200,0.9933886201947472,0.9354485454001978,17.0,학습(추격)
RL-s1-b300-a1.00,16,0.48375,-0.31125,0.2540672930424918,100,0.02540672930424918,-0.3610471894363284,-0.26145281056367164,3551,0.9992158880065414,0.9321056885342992,17.0,학습(추격)
RL-s10-b300-a1.00,1,0.19,-0.61125,0.3157757603238108,100,0.03157757603238108,-0.6731420490234669,-0.5493579509765331,2,0.6539287621450234,0.7260304998507734,17.0,학습(추격)
RL-s10-b300-a1.00,2,0.23375,-0.5675,0.3145362948978715,100,0.03145362948978715,-0.6291491137999828,-0.5058508862000172,4,0.8118046925788543,0.8351517392572783,17.0,학습(추격)
RL-s10-b300-a1.00,3,0.08125,-0.72,0.2770242304247486,100,0.02770242304247486,-0.7742967491632506,-0.6657032508367493,8,0.8677509087343875,0.8775696630422279,17.0,학습(추격)
RL-s10-b300-a1.00,4,0.08125,-0.72,0.23778226182876644,100,0.023778226182876644,-0.7666053233184382,-0.6733946766815617,16,0.896673764538947,0.8944279132471876,17.0,학습(추격)
RL-s10-b300-a1.00,6,0.16625,-0.635,0.23211260764177072,100,0.023211260764177073,-0.680494071097787,-0.589505928902213,64,0.9455691092132672,0.9138371656154344,17.0,학습(추격)
RL-s10-b300-a1.00,8,0.14,-0.66125,0.2501861680566467,100,0.025018616805664667,-0.7102864889391027,-0.6122135110608973,243,0.9752299497243327,0.9165505314730183,17.0,학습(추격)
RL-s10-b300-a1.00,12,0.14125,-0.66,0.2999789554908372,100,0.02999789554908372,-0.7187958752762041,-0.6012041247237959,1826,0.996439885175524,0.9138718150585442,17.0,학습(추격)
RL-s10-b300-a1.00,16,0.26,-0.54125,0.28485276632823575,100,0.028485276632823575,-0.5970811422003343,-0.4854188577996658,5539,0.9995952035700072,0.9153276175544728,17.0,학습(추격)
RL-s11-b300-a1.00,1,0.295,-0.4975,0.3730927931805067,100,0.03730927931805067,-0.5706261874633793,-0.42437381253662065,2,0.9063675262100958,0.9167825289714006,3.0,학습(치고 빠지기)
RL-s11-b300-a1.00,2,0.14625,-0.64625,0.30980148009767006,100,0.030980148009767006,-0.7069710900991433,-0.5855289099008567,4,0.9272052192520268,0.9325341113296688,3.0,학습(치고 빠지기)
RL-s11-b300-a1.00,3,0.19125,-0.60125,0.34937489271063205,100,0.0349374892710632,-0.6697274789712838,-0.5327725210287161,8,0.9495028942402302,0.9502028405687728,3.0,학습(치고 빠지기)
RL-s11-b300-a1.00,4,0.25875,-0.53375,0.3426054176778619,100,0.03426054176778619,-0.6009006618648609,-0.46659933813513904,16,0.9651761101330036,0.95552890924219,3.0,학습(치고 빠지기)
RL-s11-b300-a1.00,6,0.19625,-0.59625,0.2716944352790762,100,0.027169443527907622,-0.6495021093146989,-0.542997890685301,63,0.9823842939646854,0.9635397535696888,3.0,학습(치고 빠지기)
RL-s11-b300-a1.00,8,0.46125,-0.33125,0.23861381567357542,100,0.023861381567357544,-0.3780183078720208,-0.2844816921279792,209,0.9918816087739094,0.9656497868048975,3.0,학습(치고 빠지기)
RL-s11-b300-a1.00,12,0.59,-0.2025,0.21080353724055795,100,0.021080353724055794,-0.24381749329914937,-0.16118250670085066,1251,0.9980758124528556,0.9645398681327786,3.0,학습(치고 빠지기)
RL-s11-b300-a1.00,16,0.5925,-0.2,0.22613350843332275,100,0.022613350843332276,-0.24432216765293127,-0.15567783234706875,4334,0.999540590538314,0.9635805470552996,3.0,학습(치고 빠지기)
RL-s12-b300-a1.00,1,0.245,-0.5225,0.3363406011768427,100,0.03363406011768427,-0.5884227578306611,-0.4565772421693388,2,0.6997416515901614,0.7598294595004854,8.0,학습(추격)
RL-s12-b300-a1.00,2,0.00875,-0.75875,0.20965866318973095,100,0.020965866318973094,-0.7998430979851873,-0.7176569020148128,4,0.8386756410373263,0.657686614745939,8.0,학습(추격)
RL-s12-b300-a1.00,3,0.11375,-0.65375,0.3003864304121568,100,0.03003864304121568,-0.7126257403607827,-0.5948742596392174,8,0.8803933322133078,0.8692053732402765,8.0,학습(추격)
RL-s12-b300-a1.00,4,0.08875,-0.67875,0.22977192798270393,100,0.022977192798270395,-0.72378529788461,-0.6337147021153899,16,0.9057775138235464,0.8659815905947033,8.0,학습(추격)
RL-s12-b300-a1.00,6,0.12875,-0.63875,0.23225875395316914,100,0.023225875395316915,-0.6842727157748212,-0.5932272842251789,61,0.942191470508816,0.9159518834228346,8.0,학습(추격)
RL-s12-b300-a1.00,8,0.09125,-0.67625,0.2377656674674934,100,0.02377656674674934,-0.7228520708236287,-0.6296479291763714,212,0.9675597542616076,0.9185539202504504,8.0,학습(추격)
RL-s12-b300-a1.00,12,0.25,-0.5175,0.26112857237983605,100,0.026112857237983605,-0.5686812001864479,-0.46631879981355207,1279,0.9943451428180028,0.9259400760731282,8.0,학습(추격)
RL-s12-b300-a1.00,16,0.42375,-0.34375,0.23795145821080083,100,0.023795145821080083,-0.39038848580931695,-0.29711151419068305,4216,0.9991306969266576,0.9278579325132392,8.0,학습(추격)
RL-s13-b300-a1.00,1,0.1575,-0.50875,0.35187762952710727,100,0.03518776295271073,-0.577718015387313,-0.439781984612687,2,0.7278390603112167,0.7661802670158687,9.0,학습(치고 빠지기)
RL-s13-b300-a1.00,2,0.17,-0.49625,0.3205183420270322,100,0.032051834202703224,-0.5590715950372983,-0.43342840496270174,4,0.83009504000276,0.8222874128605195,9.0,학습(치고 빠지기)
RL-s13-b300-a1.00,3,0.07125,-0.595,0.273584511346101,100,0.0273584511346101,-0.6486225642238358,-0.5413774357761642,8,0.8902409227316197,0.8834868964837669,9.0,학습(치고 빠지기)
RL-s13-b300-a1.00,4,0.11875,-0.5475,0.2504919402320404,100,0.02504919402320404,-0.5965964202854799,-0.4984035797145201,16,0.9153722730396888,0.9003030089745708,9.0,학습(치고 빠지기)
RL-s13-b300-a1.00,6,0.09875,-0.5675,0.262575145569239,100,0.0262575145569239,-0.6189647285315708,-0.5160352714684292,64,0.955804407660467,0.9364165575638196,9.0,학습(치고 빠지기)
RL-s13-b300-a1.00,8,0.0675,-0.59875,0.22979940198250118,100,0.02297994019825012,-0.6437906827885702,-0.5537093172114298,219,0.980926207389092,0.9417844919321516,9.0,학습(치고 빠지기)
RL-s13-b300-a1.00,9,0.135,-0.53125,0.24897200260432512,100,0.02489720026043251,-0.5800485125104478,-0.4824514874895523,383,0.989020089967419,0.934364994071729,9.0,학습(치고 빠지기)
RL-s13-b300-a1.00,12,0.1325,-0.53375,0.24415839266154807,100,0.024415839266154808,-0.5816050449616633,-0.4858949550383365,1367,0.9973258419488638,0.9399873895886952,9.0,학습(치고 빠지기)
RL-s13-b300-a1.00,16,0.2725,-0.39375,0.264941746027082,100,0.026494174602708198,-0.4456785822213081,-0.3418214177786919,4283,0.9997219994612336,0.9291003886413944,9.0,학습(치고 빠지기)
RL-s14-b300-a1.00,1,0.2875,-0.41125,0.3589999964829351,100,0.03589999964829351,-0.4816139993106553,-0.3408860006893447,2,0.7058036292997051,0.7227584338333435,11.0,학습(추격)
RL-s14-b300-a1.00,2,0.2875,-0.41125,0.3139712839922103,100,0.03139712839922103,-0.47278837166247323,-0.3497116283375268,4,0.8479155583967153,0.850233258835968,11.0,학습(추격)
RL-s14-b300-a1.00,3,0.2475,-0.45125,0.2907968632165169,100,0.02907968632165169,-0.5082461851904373,-0.3942538148095627,8,0.8785536367706925,0.8947260133486842,11.0,학습(추격)
RL-s14-b300-a1.00,4,0.3125,-0.38625,0.303127115217029,100,0.030312711521702902,-0.44566291458253765,-0.3268370854174623,16,0.9041478882467532,0.914536594653764,11.0,학습(추격)
RL-s14-b300-a1.00,6,0.41375,-0.285,0.27757062983221864,100,0.027757062983221864,-0.33940384344711483,-0.23059615655288512,64,0.9424154618577412,0.9401094262289362,11.0,학습(추격)
RL-s14-b300-a1.00,8,0.49,-0.20875,0.24813381755444264,100,0.024813381755444265,-0.25738422824067075,-0.16011577175932923,232,0.9663025451693564,0.9483985220852484,11.0,학습(추격)
RL-s14-b300-a1.00,11,0.4325,-0.26625,0.2627163610505375,100,0.026271636105053748,-0.3177424067659053,-0.21475759323409466,968,0.9891148981910084,0.9489619440477862,11.0,학습(추격)
RL-s14-b300-a1.00,12,0.52375,-0.175,0.21393971585519603,100,0.021393971585519603,-0.2169321843076184,-0.13306781569238157,1438,0.9928829504338323,0.95033392473997,11.0,학습(추격)
RL-s14-b300-a1.00,16,0.59,-0.10875,0.20693088559744147,100,0.020693088559744145,-0.14930845357709852,-0.06819154642290148,4499,0.9988099265964456,0.9508221486675758,11.0,학습(추격)
RL-s15-b300-a1.00,1,0.22625,-0.5,0.3280836614171588,100,0.03280836614171588,-0.5643043976377631,-0.43569560236223687,2,0.9033257582586484,0.9078339603452772,4.0,학습(치고 빠지기)
RL-s15-b300-a1.00,2,0.06875,-0.6575,0.25967394084804807,100,0.025967394084804807,-0.7083960924062174,-0.6066039075937826,4,0.9211402992358064,0.929643176248974,4.0,학습(치고 빠지기)
RL-s15-b300-a1.00,3,0.07,-0.65625,0.25891613146212644,100,0.025891613146212644,-0.7069975617665768,-0.6055024382334232,8,0.9376477864267504,0.9458202058744368,4.0,학습(치고 빠지기)
RL-s15-b300-a1.00,4,0.15625,-0.57,0.25766041389567185,100,0.025766041389567184,-0.6205014411235517,-0.5194985588764482,16,0.96180373548857,0.964276602128341,4.0,학습(치고 빠지기)
RL-s15-b300-a1.00,6,0.23375,-0.4925,0.290212826815916,100,0.029021282681591598,-0.5493817140559195,-0.4356182859440805,64,0.9816387348719612,0.9785412244838098,4.0,학습(치고 빠지기)
RL-s15-b300-a1.00,8,0.4275,-0.29875,0.2616568952045422,100,0.02616568952045422,-0.3500347514600903,-0.24746524853990975,244,0.9917336154989188,0.980518681875357,4.0,학습(치고 빠지기)
RL-s15-b300-a1.00,12,0.54875,-0.1775,0.20960219657265244,100,0.020960219657265244,-0.21858203052823988,-0.1364179694717601,1616,0.9988498651537724,0.978752217600936,4.0,학습(치고 빠지기)
RL-s15-b300-a1.00,16,0.60125,-0.125,0.1978418917757665,100,0.01978418917757665,-0.16377701078805024,-0.08622298921194976,5706,0.9998574024679824,0.9776804075489864,4.0,학습(치고 빠지기)
RL-s16-b300-a1.00,1,0.0725,-0.595,0.21476437640758156,100,0.021476437640758156,-0.6370938177758859,-0.552906182224114,2,0.723172075853355,0.7448501807720685,17.0,학습(치고 빠지기)
RL-s16-b300-a1.00,2,0.2675,-0.4,0.26051134642499096,100,0.026051134642499096,-0.45106022389929823,-0.3489397761007018,4,0.81749980255997,0.7867815108622452,17.0,학습(치고 빠지기)
RL-s16-b300-a1.00,3,0.1575,-0.51,0.24078994576144158,100,0.02407899457614416,-0.5571948293692426,-0.46280517063075743,8,0.8720031334165788,0.8571773459829499,17.0,학습(치고 빠지기)
RL-s16-b300-a1.00,4,0.14875,-0.51875,0.23861381567357545,100,0.023861381567357544,-0.5655183078720208,-0.47198169212797925,16,0.900772655334226,0.8556418985307508,17.0,학습(치고 빠지기)
RL-s16-b300-a1.00,6,0.04,-0.6275,0.2002050716317414,100,0.02002050716317414,-0.6667401940398212,-0.5882598059601787,63,0.9462080120590544,0.905042690192454,17.0,학습(치고 빠지기)
RL-s16-b300-a1.00,8,0.15,-0.5175,0.2204935922933459,100,0.02204935922933459,-0.5607167440894958,-0.4742832559105042,233,0.9722246300110584,0.9058571105808804,17.0,학습(치고 빠지기)
RL-s16-b300-a1.00,12,0.1325,-0.535,0.219100548846986,100,0.021910054884698597,-0.5779437075740093,-0.4920562924259908,1330,0.993798555240214,0.9005801144624291,17.0,학습(치고 빠지기)
RL-s16-b300-a1.00,16,0.43,-0.2375,0.22994015470873014,100,0.022994015470873014,-0.2825682703229111,-0.19243172967708888,3876,0.9988487142460616,0.8981075155614269,17.0,학습(치고 빠지기)
RL-s17-b300-a1.00,1,0.19875,-0.47875,0.3449925888532046,100,0.03449925888532046,-0.5463685474152281,-0.4111314525847719,2,0.8929347498808617,0.895135257881171,4.0,학습(치고 빠지기)
RL-s17-b300-a1.00,2,0.07,-0.6075,0.27696725182927057,100,0.027696725182927057,-0.661785581358537,-0.553214418641463,4,0.9173059976722188,0.923888860659316,4.0,학습(치고 빠지기)
RL-s17-b300-a1.00,3,0.065,-0.6125,0.2760997294566957,100,0.02760997294566957,-0.6666155469735124,-0.5583844530264876,8,0.9356101388170488,0.9411740421891386,4.0,학습(치고 빠지기)
RL-s17-b300-a1.00,4,0.0925,-0.585,0.27745688535756907,100,0.02774568853575691,-0.6393815495300835,-0.5306184504699164,16,0.954874388335055,0.9534483956437116,4.0,학습(치고 빠지기)
RL-s17-b300-a1.00,6,0.11,-0.5675,0.28450071452574,100,0.028450071452574,-0.623262140047045,-0.511737859952955,64,0.982193304188564,0.9728375222728528,4.0,학습(치고 빠지기)
RL-s17-b300-a1.00,8,0.22125,-0.45625,0.27315438987332913,100,0.027315438987332914,-0.5097882604151724,-0.4027117395848275,223,0.9925593237756504,0.9742410221974448,4.0,학습(치고 빠지기)
RL-s17-b300-a1.00,12,0.46,-0.2175,0.2732959139205278,100,0.027329591392052783,-0.27106599912842344,-0.16393400087157656,1399,0.9989114131335828,0.9762581166109758,4.0,학습(치고 빠지기)
RL-s17-b300-a1.00,16,0.5125,-0.165,0.2592237830465594,100,0.025922378304655942,-0.21580786147712566,-0.11419213852287435,4856,0.9998862494577214,0.97587035917163,4.0,학습(치고 빠지기)
RL-s18-b300-a1.00,1,0.095,-0.54625,0.2835198806561415,100,0.028351988065614148,-0.6018198966086037,-0.4906801033913963,2,0.8499702013670888,0.864433770236188,9.0,학습(치고 빠지기)
RL-s18-b300-a1.00,2,0.1375,-0.50375,0.35016906090076144,100,0.03501690609007614,-0.5723831359365492,-0.4351168640634508,4,0.8959956975955423,0.906443599891008,9.0,학습(치고 빠지기)
RL-s18-b300-a1.00,3,0.06125,-0.58,0.2991570649256833,100,0.029915706492568327,-0.6386347847254339,-0.521365215274566,8,0.9168411069250229,0.9237126850811496,9.0,학습(치고 빠지기)
RL-s18-b300-a1.00,4,0.075,-0.56625,0.29379902341841807,100,0.029379902341841808,-0.6238346085900099,-0.5086653914099901,16,0.937982931493773,0.9365661628500142,9.0,학습(치고 빠지기)
RL-s18-b300-a1.00,6,0.07375,-0.5675,0.28999521068842193,100,0.028999521068842193,-0.6243390612949307,-0.5106609387050693,64,0.9635231057162486,0.9493216219716852,9.0,학습(치고 빠지기)
RL-s18-b300-a1.00,8,0.19,-0.45125,0.3246477306095008,100,0.03246477306095008,-0.5148809551994622,-0.3876190448005378,229,0.9840792238356364,0.9517306005702436,9.0,학습(치고 빠지기)
RL-s18-b300-a1.00,9,0.21375,-0.4275,0.28877352980346294,100,0.028877352980346292,-0.4840996118414787,-0.3709003881585213,394,0.9891791255731732,0.952629698041396,9.0,학습(치고 빠지기)
RL-s18-b300-a1.00,12,0.2125,-0.42875,0.28496355871932083,100,0.028496355871932083,-0.4846028575089869,-0.37289714249101313,1456,0.9971296092198456,0.951936567643222,9.0,학습(치고 빠지기)
RL-s18-b300-a1.00,16,0.2875,-0.35375,0.29358406553379823,100,0.029358406553379825,-0.41129247684462444,-0.2962075231553756,4034,0.999473465817989,0.9510753351669246,9.0,학습(치고 빠지기)
RL-s19-b300-a1.00,1,0.26625,-0.49125,0.3446264080292036,100,0.03446264080292036,-0.5587967759737239,-0.42370322402627614,2,0.8890625998049052,0.8923945415087327,5.0,학습(치고 빠지기)
RL-s19-b300-a1.00,2,0.12375,-0.63375,0.29153406076453325,100,0.029153406076453326,-0.6908906759098485,-0.5766093240901515,4,0.9153832899523676,0.9217413499168108,5.0,학습(치고 빠지기)
RL-s19-b300-a1.00,3,0.16375,-0.59375,0.289425916446871,100,0.0289425916446871,-0.6504774796235867,-0.5370225203764133,8,0.9301813405334431,0.9354783843854124,5.0,학습(치고 빠지기)
RL-s19-b300-a1.00,4,0.16625,-0.59125,0.2711129093126324,100,0.027111290931263236,-0.644388130225276,-0.5381118697747241,16,0.9477280814011546,0.9429684066014924,5.0,학습(치고 빠지기)
RL-s19-b300-a1.00,5,0.18625,-0.57125,0.2636758177548462,100,0.026367581775484622,-0.6229304602799499,-0.5195695397200502,32,0.9613719924012518,0.9568604448911876,5.0,학습(치고 빠지기)
RL-s19-b300-a1.00,6,0.2025,-0.555,0.23591643786850813,100,0.023591643786850813,-0.6012396218222277,-0.5087603781777724,63,0.9731451640702038,0.9573676151431956,5.0,학습(치고 빠지기)
RL-s19-b300-a1.00,8,0.17125,-0.58625,0.2504383782752382,100,0.02504383782752382,-0.6353359221419468,-0.5371640778580533,232,0.9855130917697996,0.9579003127833232,5.0,학습(치고 빠지기)
RL-s19-b300-a1.00,12,0.3225,-0.435,0.24712999074016154,100,0.024712999074016154,-0.48343747818507166,-0.38656252181492834,1396,0.9978321225644412,0.9535013968338149,5.0,학습(치고 빠지기)
RL-s19-b300-a1.00,16,0.47125,-0.28625,0.2437961300560431,100,0.02437961300560431,-0.3340340414909845,-0.23846595850901556,4322,0.9996978299764984,0.9570556058772992,5.0,학습(치고 빠지기)
RL-s2-b300-a1.00,1,0.1825,-0.56125,0.3682022768352563,100,0.03682022768352563,-0.6334176462597103,-0.4890823537402898,2,0.824435532793042,0.8514751201775274,6.0,학습(치고 빠지기)
RL-s2-b300-a1.00,2,0.27,-0.47375,0.39179358034041295,100,0.039179358034041295,-0.550541541746721,-0.3969584582532791,4,0.8605775107696443,0.8732086385120813,6.0,학습(치고 빠지기)
RL-s2-b300-a1.00,3,0.16,-0.58375,0.40749566211981275,100,0.040749566211981274,-0.6636191497754833,-0.5038808502245167,8,0.8999900462858074,0.90425038412697,6.0,학습(치고 빠지기)
RL-s2-b300-a1.00,4,0.155,-0.58875,0.3523437937439782,100,0.035234379374397815,-0.6578093835738197,-0.5196906164261803,16,0.9232946947196872,0.9175215022816297,6.0,학습(치고 빠지기)
RL-s2-b300-a1.00,6,0.09125,-0.6525,0.3120982265734668,100,0.031209822657346682,-0.7136712524083995,-0.5913287475916005,64,0.9624623891235482,0.9478024370894896,6.0,학습(치고 빠지기)
RL-s2-b300-a1.00,8,0.0925,-0.65125,0.3068530189724801,100,0.030685301897248007,-0.711393191718606,-0.591106808281394,213,0.9844210158536488,0.949346370656277,6.0,학습(치고 빠지기)
RL-s2-b300-a1.00,12,0.35625,-0.3875,0.32687879630644057,100,0.032687879630644054,-0.45156824407606233,-0.3234317559239377,1264,0.9980391767890312,0.9445368538131296,6.0,학습(치고 빠지기)
RL-s2-b300-a1.00,16,0.3675,-0.37625,0.2589892698920014,100,0.025898926989200138,-0.42701189689883223,-0.3254881031011677,4099,0.9997931712482374,0.9519484535698236,6.0,학습(치고 빠지기)
RL-s3-b300-a1.00,1,0.22375,-0.51375,0.3462894035486807,100,0.03462894035486807,-0.5816227230955414,-0.4458772769044586,2,0.8885124617521838,0.8979886155499183,6.0,학습(치고 빠지기)
RL-s3-b300-a1.00,2,0.18875,-0.54875,0.3499165665345863,100,0.03499165665345863,-0.6173336470407789,-0.48016635295922105,4,0.9044907449389564,0.9149180743587078,6.0,학습(치고 빠지기)
RL-s3-b300-a1.00,3,0.1975,-0.54,0.35528122308214866,100,0.035528122308214866,-0.6096351197241012,-0.4703648802758989,8,0.9181019168473492,0.9263897097226276,6.0,학습(치고 빠지기)
RL-s3-b300-a1.00,4,0.23875,-0.49875,0.3387323181117109,100,0.03387323181117109,-0.5651415343498953,-0.4323584656501047,16,0.9375361481285662,0.9390399363657832,6.0,학습(치고 빠지기)
RL-s3-b300-a1.00,6,0.18625,-0.55125,0.29787494410109816,100,0.029787494410109815,-0.6096334890438153,-0.4928665109561848,63,0.9604495309961284,0.9530495871880412,6.0,학습(치고 빠지기)
RL-s3-b300-a1.00,8,0.3225,-0.415,0.2549262123387348,100,0.02549262123387348,-0.464965537618392,-0.36503446238160797,205,0.9827921560404836,0.9570796663857504,6.0,학습(치고 빠지기)
RL-s3-b300-a1.00,12,0.47375,-0.26375,0.2746065826824355,100,0.027460658268243548,-0.31757289020575735,-0.20992710979424262,1200,0.9980038546543064,0.957772891030013,6.0,학습(치고 빠지기)
RL-s3-b300-a1.00,16,0.52625,-0.21125,0.2523219194007944,100,0.02523219194007944,-0.26070509620255566,-0.1617949037974443,4321,0.999832811055416,0.9566457992716144,6.0,학습(치고 빠지기)
RL-s4-b300-a1.00,1,0.205,-0.52875,0.34808957325679984,100,0.034808957325679984,-0.5969755563583328,-0.4605244436416673,2,0.8918646316745902,0.9073001258893624,5.0,학습(치고 빠지기)
RL-s4-b300-a1.00,2,0.135,-0.59875,0.29638765821031404,100,0.029638765821031404,-0.6568419810092215,-0.5406580189907785,4,0.9126837826647696,0.9269715518465445,5.0,학습(치고 빠지기)
RL-s4-b300-a1.00,3,0.23375,-0.5,0.31682611615646183,100,0.031682611615646186,-0.5620979187666665,-0.43790208123333346,8,0.9404153945591044,0.9486320472617944,5.0,학습(치고 빠지기)
RL-s4-b300-a1.00,4,0.3175,-0.41625,0.324725505681959,100,0.0324725505681959,-0.479896199113664,-0.352603800886336,16,0.9545040875099676,0.9580514190825692,5.0,학습(치고 빠지기)
RL-s4-b300-a1.00,5,0.255,-0.47875,0.30775693462224496,100,0.030775693462224495,-0.53907035918596,-0.41842964081404,32,0.9684446269704102,0.969205115134366,5.0,학습(치고 빠지기)
RL-s4-b300-a1.00,6,0.2475,-0.48625,0.3009323684884037,100,0.030093236848840372,-0.5452327442237271,-0.4272672557762729,64,0.9768774571275718,0.970733819093547,5.0,학습(치고 빠지기)
RL-s4-b300-a1.00,8,0.2425,-0.49125,0.28826753058906796,100,0.028826753058906796,-0.5477504359954574,-0.4347495640045427,242,0.989228112320866,0.9624691951904528,5.0,학습(치고 빠지기)
RL-s4-b300-a1.00,12,0.2625,-0.47125,0.30611146629615144,100,0.030611146629615144,-0.5312478473940456,-0.4112521526059543,1591,0.9984866378699464,0.9610809493387248,5.0,학습(치고 빠지기)
RL-s4-b300-a1.00,16,0.28,-0.45375,0.29922827929745066,100,0.029922827929745065,-0.5123987427423004,-0.3951012572576997,5263,0.999885442648232,0.9624696717419208,5.0,학습(치고 빠지기)
RL-s5-b300-a1.00,1,0.25125,-0.43,0.3315863310655235,100,0.03315863310655235,-0.4949909208888426,-0.3650090791111574,2,0.904834330290453,0.9146066046057928,5.0,학습(치고 빠지기)
RL-s5-b300-a1.00,2,0.1775,-0.50375,0.3249198619146984,100,0.03249198619146984,-0.5674342929352809,-0.44006570706471915,4,0.9249662975741636,0.9341444341896152,5.0,학습(치고 빠지기)
RL-s5-b300-a1.00,3,0.22875,-0.4525,0.31017061124614637,100,0.031017061124614637,-0.5132934398042447,-0.39170656019575534,8,0.9362995456579484,0.9406081951916608,5.0,학습(치고 빠지기)
RL-s5-b300-a1.00,4,0.24,-0.44125,0.2964728469689914,100,0.02964728469689914,-0.49935867800592226,-0.3831413219940777,16,0.9500106464303324,0.9523336402438184,5.0,학습(치고 빠지기)
RL-s5-b300-a1.00,5,0.2025,-0.47875,0.264751050398046,100,0.026475105039804596,-0.530641205878017,-0.426858794121983,32,0.9680283086916832,0.959155589456612,5.0,학습(치고 빠지기)
RL-s5-b300-a1.00,6,0.21875,-0.4625,0.2685656814496693,100,0.02685656814496693,-0.5151388735641352,-0.4098611264358648,64,0.9777726101015528,0.9635322251881914,5.0,학습(치고 빠지기)
RL-s5-b300-a1.00,8,0.205,-0.47625,0.2560474378001865,100,0.025604743780018653,-0.5264352978088366,-0.42606470219116344,229,0.9902310573997936,0.965591628077014,5.0,학습(치고 빠지기)
RL-s5-b300-a1.00,12,0.51625,-0.165,0.21162550303626812,100,0.021162550303626813,-0.20647859859510856,-0.12352140140489146,1421,0.9992286194106846,0.9634072980430354,5.0,학습(치고 빠지기)
RL-s5-b300-a1.00,16,0.5175,-0.16375,0.16919950420205793,100,0.016919950420205793,-0.19691310282360336,-0.13058689717639665,5456,0.9999252234825358,0.9635623835178074,5.0,학습(치고 빠지기)
RL-s6-b300-a1.00,1,0.19625,-0.53125,0.41680868791716946,100,0.041680868791716945,-0.6129445028317653,-0.4495554971682348,2,0.8914722142135173,0.8881738657440071,5.0,학습(치고 빠지기)
RL-s6-b300-a1.00,2,0.185,-0.5425,0.3680843804226296,100,0.036808438042262956,-0.6146445385628354,-0.47035546143716456,4,0.914936573675511,0.9182643810446046,5.0,학습(치고 빠지기)
RL-s6-b300-a1.00,3,0.1725,-0.555,0.3740813663989009,100,0.03740813663989009,-0.6283199478141847,-0.4816800521858155,8,0.9349644312515862,0.9248324730900256,5.0,학습(치고 빠지기)
RL-s6-b300-a1.00,4,0.25,-0.4775,0.36470723003028555,100,0.03647072300302855,-0.548982617085936,-0.40601738291406403,16,0.9551216068034312,0.946586418023252,5.0,학습(치고 빠지기)
RL-s6-b300-a1.00,5,0.13625,-0.59125,0.3157557672402114,100,0.03157557672402114,-0.6531381303790815,-0.5293618696209186,32,0.9743713218317828,0.9656846789582404,5.0,학습(치고 빠지기)
RL-s6-b300-a1.00,6,0.155,-0.5725,0.3189016028859565,100,0.03189016028859565,-0.6350047141656475,-0.5099952858343525,63,0.9811220444814448,0.9693345572105498,5.0,학습(치고 빠지기)
RL-s6-b300-a1.00,8,0.20875,-0.51875,0.31501513111005125,100,0.031501513111005124,-0.5804929656975701,-0.45700703430243,223,0.9920611887954932,0.971116647278767,5.0,학습(치고 빠지기)
RL-s6-b300-a1.00,12,0.32,-0.4075,0.2960279982663392,100,0.02960279982663392,-0.46552148766020246,-0.3494785123397975,1419,0.9989216434238368,0.9715683523045444,5.0,학습(치고 빠지기)
RL-s6-b300-a1.00,16,0.4725,-0.255,0.2945849674207817,100,0.02945849674207817,-0.3127386536144732,-0.19726134638552678,4832,0.9998440800927874,0.9721280965632751,5.0,학습(치고 빠지기)
RL-s7-b300-a1.00,1,0.23125,-0.425,0.3477016891625128,100,0.03477016891625128,-0.49314953107585247,-0.3568504689241475,2,0.8509469994194715,0.8745118395508552,7.0,학습(치고 빠지기)
RL-s7-b300-a1.00,2,0.14375,-0.5125,0.3239688381323242,100,0.03239688381323242,-0.5759978922739355,-0.4490021077260644,4,0.883901693854348,0.9003198767007312,7.0,학습(치고 빠지기)
RL-s7-b300-a1.00,3,0.2175,-0.43875,0.32880206120787236,100,0.032880206120787236,-0.503195203996743,-0.374304796003257,8,0.9142985971442148,0.8842385685786206,7.0,학습(치고 빠지기)
RL-s7-b300-a1.00,4,0.2275,-0.42875,0.3083717216070058,100,0.03083717216070058,-0.48919085743497315,-0.3683091425650269,16,0.9367622133055472,0.9226381264767706,7.0,학습(치고 빠지기)
RL-s7-b300-a1.00,6,0.1825,-0.47375,0.27939271716356606,100,0.027939271716356608,-0.528510972564059,-0.4189890274359411,61,0.9665364982364976,0.9340014450488836,7.0,학습(치고 빠지기)
RL-s7-b300-a1.00,7,0.20875,-0.4475,0.25634621869335983,100,0.02563462186933598,-0.49774385886389855,-0.39725614113610147,112,0.975645121059672,0.9349485140355388,7.0,학습(치고 빠지기)
RL-s7-b300-a1.00,8,0.22875,-0.4275,0.2569611651671132,100,0.02569611651671132,-0.4778643883727542,-0.3771356116272458,206,0.9837965611020612,0.9323734251282532,7.0,학습(치고 빠지기)
RL-s7-b300-a1.00,12,0.39875,-0.2575,0.27167410289134697,100,0.0271674102891347,-0.310748124166704,-0.20425187583329601,1146,0.9968461005188016,0.9273460479794466,7.0,학습(치고 빠지기)
RL-s7-b300-a1.00,16,0.4475,-0.20875,0.25441493091150735,100,0.025441493091150735,-0.2586153264586554,-0.15888467354134456,3763,0.999635823664376,0.9311562495991552,7.0,학습(치고 빠지기)
RL-s8-b300-a1.00,1,0.22625,-0.41875,0.3423842243309511,100,0.03423842243309511,-0.48585730796886645,-0.3516426920311336,2,0.7500418337478368,0.804646050999648,7.0,학습(치고 빠지기)
RL-s8-b300-a1.00,2,0.18125,-0.46375,0.3248421333758317,100,0.03248421333758317,-0.527419058141663,-0.400080941858337,4,0.848322633094828,0.8150674764606103,7.0,학습(치고 빠지기)
RL-s8-b300-a1.00,3,0.14375,-0.50125,0.25959795547124115,100,0.025959795547124114,-0.5521311992723632,-0.4503688007276367,8,0.8874521746987903,0.8942419717362073,7.0,학습(치고 빠지기)
RL-s8-b300-a1.00,4,0.06875,-0.57625,0.23829611385582408,100,0.023829611385582407,-0.6229560383157415,-0.5295439616842585,16,0.9144211619873708,0.9137093654574264,7.0,학습(치고 빠지기)
RL-s8-b300-a1.00,6,0.10875,-0.53625,0.2707867092735386,100,0.02707867092735386,-0.5893241950176136,-0.48317580498238644,63,0.9511031847980362,0.9361335614862104,7.0,학습(치고 빠지기)
RL-s8-b300-a1.00,7,0.08375,-0.56125,0.24262805116499042,100,0.02426280511649904,-0.6088050980283382,-0.5136949019716619,114,0.9667425771195218,0.934275656189073,7.0,학습(치고 빠지기)
RL-s8-b300-a1.00,8,0.08625,-0.55875,0.22922175646383053,100,0.022922175646383054,-0.6036774642669107,-0.5138225357330892,199,0.9788204881887816,0.9232189446928972,7.0,학습(치고 빠지기)
RL-s8-b300-a1.00,12,0.42,-0.225,0.24360507864868977,100,0.02436050786486898,-0.27274659541514323,-0.1772534045848568,1226,0.9968893716685452,0.9201226365294842,7.0,학습(치고 빠지기)
RL-s8-b300-a1.00,16,0.49875,-0.14625,0.23773911408019582,100,0.02377391140801958,-0.19284686635971837,-0.09965313364028161,4465,0.9996611146454784,0.9217438831594346,7.0,학습(치고 빠지기)
RL-s9-b300-a1.00,1,0.2375,-0.4675,0.3298205052093725,100,0.03298205052093725,-0.532144819021037,-0.402855180978963,2,0.9172895064837764,0.9258550640544788,4.0,학습(치고 빠지기)
RL-s9-b300-a1.00,2,0.115,-0.59,0.27240511275404766,100,0.027240511275404767,-0.6433914020997933,-0.5366085979002067,4,0.9314782366834348,0.9376356999974153,4.0,학습(치고 빠지기)
RL-s9-b300-a1.00,3,0.08,-0.625,0.23770259832935195,100,0.023770259832935195,-0.671589709272553,-0.578410290727447,8,0.9449173047449444,0.9487554862651444,4.0,학습(치고 빠지기)
RL-s9-b300-a1.00,4,0.12375,-0.58125,0.2760282658268053,100,0.02760282658268053,-0.6353515401020539,-0.5271484598979462,16,0.9640121729333412,0.9587500466194272,4.0,학습(치고 빠지기)
RL-s9-b300-a1.00,6,0.2625,-0.4425,0.24516794903152253,100,0.024516794903152252,-0.4905529180101784,-0.3944470819898216,64,0.9859326524203796,0.9746061791013504,4.0,학습(치고 빠지기)
RL-s9-b300-a1.00,8,0.51,-0.195,0.2607051432503235,100,0.02607051432503235,-0.24609820807706342,-0.1439017919229366,223,0.9929834729732924,0.9756125876206028,4.0,학습(치고 빠지기)
RL-s9-b300-a1.00,12,0.49375,-0.21125,0.21148748679462592,100,0.021148748679462592,-0.25270154741174666,-0.16979845258825332,1505,0.9985886599884036,0.9752661572762866,4.0,학습(치고 빠지기)
RL-s9-b300-a1.00,16,0.59125,-0.11375,0.2132710313856123,100,0.02132710313856123,-0.15555112215158,-0.07194887784842,6273,0.9997760650378325,0.9748520500659166,4.0,학습(치고 빠지기)
SHD-s0-b300,1,0.185,-0.4275,0.3134102903559647,100,0.03134102903559647,-0.48892841690976907,-0.3660715830902309,2,0.82216695652415,0.8641219667843415,7.0,Shield
SHD-s0-b300,2,0.22375,-0.38875,0.3332836137161819,100,0.033328361371618195,-0.45407358828837163,-0.32342641171162834,4,0.8617044234539701,0.8831218502923536,7.0,Shield
SHD-s0-b300,3,0.13375,-0.47875,0.2357390859969273,100,0.02357390859969273,-0.5249548608553978,-0.43254513914460224,8,0.8963625878296883,0.9017806053453176,7.0,Shield
SHD-s0-b300,4,0.14375,-0.46875,0.28336396893198834,100,0.028336396893198834,-0.5242893379106697,-0.41321066208933027,16,0.9239876730197925,0.915919478488302,7.0,Shield
SHD-s0-b300,6,0.16875,-0.44375,0.28997071865408697,100,0.028997071865408695,-0.500584260856201,-0.38691573914379895,64,0.9712108520662512,0.9575358676267638,7.0,Shield
SHD-s0-b300,7,0.14375,-0.46875,0.27199633743077783,100,0.027199633743077784,-0.5220612821364324,-0.41543871786356756,118,0.9832498000868672,0.9492454795291356,7.0,Shield
SHD-s0-b300,8,0.235,-0.3775,0.2682599184343122,100,0.026825991843431218,-0.4300789440131252,-0.3249210559868748,200,0.9896611952191128,0.9506201361295196,7.0,Shield
SHD-s0-b300,12,0.2325,-0.38,0.24094720491334928,100,0.024094720491334928,-0.42722565216301644,-0.33277434783698356,1077,0.998842793452378,0.9468619570114288,7.0,Shield
SHD-s0-b300,16,0.3325,-0.28,0.2550747563227912,100,0.02550747563227912,-0.3299946522392671,-0.23000534776073295,3527,0.999855930253354,0.9436100248506826,7.0,Shield
SHD-s1-b300,1,0.185,-0.29125,0.28760977263147947,100,0.028760977263147948,-0.34762151543576997,-0.23487848456423002,2,0.644401684967175,0.6805642732705871,17.0,Shield
SHD-s1-b300,2,0.17625,-0.3,0.24230584229877997,100,0.024230584229877998,-0.34749194509056086,-0.2525080549094391,4,0.7657833269807325,0.6920543431061384,17.0,Shield
SHD-s1-b300,3,0.105,-0.37125,0.25589945843686895,100,0.025589945843686894,-0.4214062938536263,-0.3210937061463737,8,0.8076313250806574,0.7919631259131098,17.0,Shield
SHD-s1-b300,4,0.10375,-0.3725,0.2487214782389606,100,0.02487214782389606,-0.42124940973483627,-0.32375059026516373,16,0.8444837600919781,0.8356266315276615,17.0,Shield
SHD-s1-b300,6,0.17,-0.30625,0.2637476363051727,100,0.026374763630517266,-0.35794453671581383,-0.2545554632841862,59,0.915770408814118,0.8952339227728874,17.0,Shield
SHD-s1-b300,8,0.21,-0.26625,0.23004652032828388,100,0.023004652032828386,-0.3113391179843436,-0.22116088201565634,195,0.9582327460421948,0.9148392350695488,17.0,Shield
SHD-s1-b300,12,0.29375,-0.1825,0.21351140768614973,100,0.021351140768614975,-0.22434823590648534,-0.14065176409351465,1155,0.9923328220548564,0.912566787502178,17.0,Shield
SHD-s1-b300,16,0.26375,-0.2125,0.24457497662663522,100,0.024457497662663523,-0.26043669541882053,-0.1645633045811795,3337,0.9983904801554756,0.9048712862527214,17.0,Shield
SHD-s11-b300,1,0.2175,-0.35125,0.3196505154386615,100,0.031965051543866155,-0.41390150102597767,-0.28859849897402234,2,0.7226004161584737,0.7525574219478471,17.0,Shield
SHD-s11-b300,2,0.305,-0.26375,0.3499165665345863,100,0.03499165665345863,-0.3323336470407789,-0.19516635295922108,4,0.8112740285392089,0.8399240144740128,17.0,Shield
SHD-s11-b300,3,0.13625,-0.4325,0.2905389453892177,100,0.029053894538921772,-0.48944563329628665,-0.37555436670371334,8,0.8885379400467107,0.9027731360871246,17.0,Shield
SHD-s11-b300,4,0.13,-0.43875,0.25157019523646507,100,0.025157019523646507,-0.4880577582663471,-0.3894422417336528,15,0.915793289753505,0.9135507080099544,17.0,Shield
SHD-s11-b300,6,0.20875,-0.36,0.275401451695447,100,0.0275401451695447,-0.4139786845323076,-0.3060213154676924,57,0.9583856439641129,0.945497205560161,17.0,Shield
SHD-s11-b300,8,0.2725,-0.29625,0.23277462872439036,100,0.023277462872439036,-0.3418738272299805,-0.25062617277001953,194,0.9792153964502937,0.941109022273302,17.0,Shield
SHD-s11-b300,12,0.24,-0.32875,0.24978210201062945,100,0.024978210201062945,-0.37770729199408337,-0.2797927080059166,1154,0.9974846383839714,0.9391516701264044,17.0,Shield
SHD-s11-b300,16,0.35,-0.21875,0.22569687255881124,100,0.022569687255881123,-0.262986587021527,-0.174513412978473,3023,0.9996558290309246,0.9427830318488324,17.0,Shield
