cond,score,surv_time,viol_total,wez_time,score_heldout,d_star,d_star_090,d_star_095,d_star_099,fidelity_at_4,n_leaves,n_samples_x,family,train_seed,budget,alpha,bt_version,d_star_common,d_star_090_common,d_star_099_common,f4_common,coverage_entropy,coverage_std,n_episodes,n_samples_y,d_rand,d_grp,d_grp_090,f4_rand,f4_grp,f16_rand,f16_grp
RL-s9-b100-a1.00,0.84625,100.70587499999638,0.1372384506005456,2.3607499999999964,0.9775,6.0,2.0,6.0,17.0,0.9439743980434212,60.0,30125,RL,9,100,1.0,-1,4.0,1.0,17.0,0.9586932860205052,0.6292871980696138,0.2322634172234521,60,30125,6.0,6.0,2.0,0.9439743980434213,0.9403328047914171,0.9458578877561294,0.9518427783285628
HYB-s10-b300-a0.75,0.8225,98.93524999999649,0.0754181440466008,2.0242499999999977,0.865,17.0,5.0,17.0,17.0,0.8865393178123838,5263.0,29226,Hybrid,10,300,0.75,-1,17.0,7.0,17.0,0.8337203491420816,0.7031991623266312,0.2694035030516309,60,29226,17.0,17.0,17.0,0.8865393178123838,0.8326262611387535,0.9229674337517899,0.8664075302280428
HYB-s9-b100-a0.75,0.81375,102.35749999999628,0.1305670297958765,2.149749999999997,0.99,17.0,4.0,17.0,17.0,0.9086023700166072,3244.0,31622,Hybrid,9,100,0.75,-1,17.0,1.0,17.0,0.9417268482015366,0.6556607695882458,0.2433316656519446,60,31622,17.0,17.0,17.0,0.9086023700166072,0.8618898157958292,0.8798878160057833,0.7575162443328017
HYB-s12-b300-a0.75,0.80125,104.2511249999962,0.05514275241734,2.175874999999997,0.8575,17.0,6.0,17.0,17.0,0.8875001259520536,3222.0,31270,Hybrid,12,300,0.75,-1,17.0,5.0,17.0,0.8859708793311292,0.6361712021565851,0.2397827425418215,60,31270,17.0,17.0,17.0,0.8875001259520536,0.8857241643417489,0.9212549576994491,0.8924380697143913
RL-s1-b300-a1.00,0.785,110.41612499999589,0.0668419974562765,1.9426249999999967,0.79,17.0,5.0,17.0,17.0,0.8981994883402624,2996.0,33946,RL,1,300,1.0,-1,17.0,5.0,17.0,0.8976781624648136,0.6527122688322599,0.2451195465196974,60,33946,17.0,17.0,17.0,0.8981994883402624,0.858883120312105,0.930790887901808,0.856531028753486
RL-s11-b300-a1.00,0.77625,116.2909999999955,0.0486327190952883,0.9619999999999992,0.8325,3.0,2.0,3.0,17.0,0.9618636105087348,8.0,33975,RL,11,300,1.0,-1,9.0,4.0,17.0,0.9162010993059044,0.6319284359777754,0.2267653479909051,60,33975,3.0,3.0,1.0,0.9618636105087349,0.9652068836247509,0.9713325894668308,0.9701888564428617
RL-s10-b300-a1.00,0.77,103.06699999999624,0.0848616134932432,1.6999999999999984,0.8125,17.0,5.0,17.0,17.0,0.8911391693827496,4150.0,29785,RL,10,300,1.0,-1,17.0,7.0,17.0,0.8160009593649654,0.691967348804772,0.2627957522986412,60,29785,17.0,17.0,5.0,0.8911391693827496,0.8789020996039146,0.9479931774298953,0.9129599219948688
RL-s12-b300-a1.00,0.76875,112.70312499999572,0.0510700614416768,1.702249999999998,0.8375,8.0,4.0,8.0,17.0,0.9056624869893762,204.0,32583,RL,12,300,1.0,-1,17.0,8.0,17.0,0.8459797032451107,0.6362842855337522,0.2480545055380244,60,32583,8.0,17.0,5.0,0.9056624869893761,0.8742960994967972,0.9579504458665832,0.9072437370783026
HYB-s1-b300-a0.75,0.765,107.775499999996,0.0698671728609803,1.9079999999999977,0.865,17.0,5.0,17.0,17.0,0.8983885670767339,3520.0,31836,Hybrid,1,300,0.75,-1,17.0,5.0,17.0,0.8972936028352072,0.6409526949775365,0.2322604063837114,60,31836,17.0,17.0,4.0,0.8983885670767339,0.9100139462473064,0.9004562793864904,0.8696722352453754
HYB-s1-b200-a0.75,0.765,109.92949999999584,0.0725659281924072,1.4503749999999984,0.8525,17.0,17.0,17.0,17.0,0.8815300973757094,2870.0,32433,Hybrid,1,200,0.75,-1,17.0,4.0,17.0,0.9026047594070742,0.643098306097385,0.2368918077566519,60,32433,17.0,17.0,4.0,0.8815300973757094,0.9078853504820344,0.8698617642598068,0.8650225303891506
HYB-s4-b300-a0.75,0.76125,112.07412499999572,0.0480316475086783,1.0187499999999992,0.785,17.0,3.0,17.0,17.0,0.9180979216647908,5554.0,34243,Hybrid,4,300,0.75,-1,17.0,5.0,17.0,0.8846191427985681,0.6782562225850365,0.2405550000024102,60,34243,17.0,17.0,3.0,0.9180979216647907,0.9262374682855197,0.9182674109385127,0.9081616727171434
HYB-s10-b300-a0.50,0.75625,101.9652499999962,0.0746360498668472,1.3971249999999984,0.8075,17.0,5.0,17.0,17.0,0.8892632250201309,3750.0,30696,Hybrid,10,300,0.5,-1,17.0,6.0,17.0,0.857706729814047,0.6903022806053265,0.2450059336378457,60,30696,17.0,17.0,7.0,0.8892632250201309,0.8848380567547761,0.9362607054216417,0.9044062776460997
RL-s4-b300-a1.00,0.755,114.6563749999956,0.0387349762404476,0.8699999999999994,0.7625,5.0,2.0,5.0,17.0,0.9449104162582058,32.0,35346,RL,4,300,1.0,-1,17.0,5.0,17.0,0.8919443288023341,0.6705502402660246,0.2707124295332352,60,35346,5.0,3.0,1.0,0.9449104162582058,0.9596551091215798,0.9708535891137895,0.9822764633341073
HYB-s5-b100-a0.75,0.7525,113.66412499999566,0.0620257169314335,1.1367499999999988,0.8125,17.0,3.0,17.0,17.0,0.9160447640529228,3502.0,33453,Hybrid,5,100,0.75,-1,17.0,4.0,17.0,0.9155711375344052,0.6629088920433461,0.2325583864663324,60,33453,17.0,17.0,3.0,0.9160447640529228,0.915718254468285,0.940468506187378,0.9182528035265687
HYB-s11-b300-a0.75,0.7525,114.0076249999956,0.05459856724184,0.994624999999999,0.8125,17.0,2.0,17.0,17.0,0.9291259469457938,3342.0,33891,Hybrid,11,300,0.75,-1,17.0,4.0,17.0,0.9091519350263928,0.6441228949605657,0.2280992544084301,60,33891,17.0,17.0,2.0,0.9291259469457938,0.9432272621064809,0.9069553562090475,0.9266127235853981
RL-s19-b300-a1.00,0.74875,116.41212499999548,0.0449338359014846,0.8291249999999994,0.7975,5.0,2.0,5.0,17.0,0.9383493736815552,32.0,35146,RL,19,300,1.0,-1,17.0,5.0,17.0,0.8858368994882773,0.6726540885176094,0.2406803985342872,60,35146,5.0,4.0,1.0,0.9383493736815551,0.9523158775572205,0.9457137860038719,0.9680367822704008
HYB-s4-b200-a0.75,0.7475,105.72812499999613,0.0796290627980812,1.520249999999998,0.82,17.0,3.0,17.0,17.0,0.9258664907430826,4984.0,31214,Hybrid,4,200,0.75,-1,17.0,3.0,17.0,0.9127383206299412,0.6828627791492666,0.245575736124114,60,31214,17.0,17.0,4.0,0.9258664907430826,0.9001760135372932,0.9118009276066683,0.9035884862824585
RL-s10-b200-a1.00,0.7475,114.57912499999556,0.0352175848621703,0.8411250000000001,0.75,17.0,4.0,17.0,17.0,0.9182646793858072,4326.0,33523,RL,10,200,1.0,-1,17.0,17.0,17.0,0.7735598222216946,0.6923917642763234,0.2501538298555522,60,33523,17.0,17.0,5.0,0.9182646793858072,0.8980689777544876,0.9406025934294872,0.9227892658293737
RL-s1-b200-a1.00,0.7475,112.9603749999957,0.0591457017722741,1.2809999999999986,0.77,17.0,3.0,17.0,17.0,0.9183590402195994,3675.0,33465,RL,1,200,1.0,-1,17.0,5.0,17.0,0.8996909387924824,0.6571518519424511,0.2528644130772869,60,33465,17.0,17.0,5.0,0.9183590402195994,0.8967262172164736,0.9404619878058523,0.8821459068056743
RL-s6-b300-a1.00,0.7462500000000001,117.15949999999545,0.0330556909050671,0.562125,0.765,5.0,2.0,5.0,17.0,0.9470774548307748,32.0,35436,RL,6,300,1.0,-1,17.0,6.0,17.0,0.8632904352665777,0.6557012015932684,0.2577801883475022,60,35436,5.0,5.0,2.0,0.9470774548307749,0.9475399630004784,0.9804938030985713,0.9764920440091036
RL-s2-b300-a1.00,0.74625,116.21037499999548,0.0334568881885053,0.593375,0.7525,6.0,4.0,6.0,17.0,0.923618598082829,63.0,34197,RL,2,300,1.0,-1,17.0,6.0,17.0,0.8493077868542828,0.6782257850007152,0.2370438678880016,60,34197,6.0,9.0,4.0,0.923618598082829,0.9158511823532599,0.9748279434562822,0.9509288941191822
HYB-s15-b300-a0.75,0.745,111.74787499999576,0.0510463813172172,1.004374999999999,0.7725,5.0,1.0,5.0,17.0,0.9499631010943024,32.0,33905,Hybrid,15,300,0.75,-1,17.0,3.0,17.0,0.9244093798262836,0.6404582789087959,0.2278507324168932,60,33905,5.0,17.0,4.0,0.9499631010943023,0.9151379776210461,0.9690818005067026,0.9154657215692552
HYB-s10-b200-a0.75,0.7437499999999999,116.83674999999546,0.0313148440456067,0.7177500000000001,0.7575,17.0,4.0,17.0,17.0,0.9158593973203,5235.0,35203,Hybrid,10,200,0.75,-1,17.0,17.0,17.0,0.8183778283157885,0.6681863768935001,0.2393332428325888,60,35203,17.0,17.0,3.0,0.9158593973203001,0.9145495947990634,0.9351815145302745,0.9366886218319616
HYB-s14-b300-a0.75,0.7424999999999999,110.58049999999582,0.1028052095130853,1.3444999999999985,0.8075,17.0,5.0,17.0,17.0,0.8999068143990927,5007.0,33678,Hybrid,14,300,0.75,-1,17.0,5.0,17.0,0.898131411877465,0.6581840872420425,0.2141600959482658,60,33678,17.0,17.0,6.0,0.8999068143990927,0.8975499515391964,0.931610909670396,0.9011085890939862
HYB-s6-b300-a0.75,0.73875,116.75312499999546,0.0366753106608235,0.6322499999999998,0.755,6.0,2.0,6.0,17.0,0.9352908935611236,64.0,35297,Hybrid,6,300,0.75,-1,17.0,6.0,17.0,0.8736427909558273,0.6751054303830571,0.2455752896602068,60,35297,6.0,17.0,2.0,0.9352908935611236,0.9373531994126462,0.9556937772991627,0.9375788402860613
RL-s4-b200-a1.00,0.7375,105.42099999999613,0.0981620870503571,1.5244999999999984,0.8475,6.0,4.0,6.0,17.0,0.9372885220838404,64.0,31793,RL,4,200,1.0,-1,17.0,4.0,17.0,0.9114699278623049,0.694487288302399,0.2660408675403916,60,31793,6.0,7.0,4.0,0.9372885220838404,0.9213473232384676,0.9694191329126852,0.9015107342397511
RL-s17-b200-a1.00,0.7362500000000001,113.67774999999564,0.0467970472965585,1.0753749999999989,0.7925,5.0,2.0,5.0,17.0,0.9407715324953368,32.0,33866,RL,17,200,1.0,-1,17.0,5.0,17.0,0.8844986361154823,0.6582261831874959,0.2282185482208134,60,33866,5.0,7.0,4.0,0.9407715324953368,0.9224170081812892,0.9769442037005289,0.9477267144213203
HYB-s9-b100-a0.50,0.73375,101.06162499999628,0.1181542278795762,1.7449999999999977,0.9225,17.0,3.0,17.0,17.0,0.925994995375636,3133.0,31239,Hybrid,9,100,0.5,-1,17.0,2.0,17.0,0.9306837979508154,0.6903742711173118,0.2319288839210859,60,31239,17.0,17.0,3.0,0.9259949953756359,0.9318842508193038,0.913066819710027,0.9015619285704132
RL-s3-b300-a1.00,0.7325,114.3487499999956,0.0445581285139139,0.615625,0.7475,6.0,2.0,6.0,17.0,0.9314722870402548,61.0,34483,RL,3,300,1.0,-1,17.0,5.0,17.0,0.8853131758461888,0.6519887566043474,0.2189185198634191,60,34483,6.0,7.0,3.0,0.9314722870402549,0.9186959692558454,0.9648201986822282,0.9570062850148683
RL-s5-b100-a1.00,0.7325,114.2629999999956,0.057582588867279,1.0189999999999988,0.795,6.0,3.0,6.0,17.0,0.9277929378732572,62.0,34927,RL,5,100,1.0,-1,17.0,5.0,17.0,0.8983266915135262,0.6749638158867587,0.230116622875906,60,34927,6.0,17.0,3.0,0.9277929378732573,0.9283733947536432,0.9743491100386164,0.9399441262570154
HYB-s19-b300-a0.75,0.73,115.19662499999556,0.0537078984525858,0.8157499999999993,0.7375,17.0,2.0,17.0,17.0,0.9313587550012926,4921.0,33660,Hybrid,19,300,0.75,-1,17.0,7.0,17.0,0.8818562212037464,0.6699418702551488,0.232210700035065,60,33660,17.0,17.0,1.0,0.9313587550012926,0.9377444903611396,0.9264068996658151,0.9202139920732636
RL-s9-b200-a1.00,0.73,112.98812499999568,0.0453887937466324,1.1166249999999986,0.7775,5.0,2.0,5.0,17.0,0.9392577428214798,31.0,33645,RL,9,200,1.0,-1,7.0,3.0,17.0,0.9210151723012984,0.6514365190225244,0.2311139627266029,60,33645,5.0,11.0,3.0,0.9392577428214798,0.9327103790992431,0.9691100108422479,0.948807520659396
HYB-s16-b100-a0.75,0.72875,115.81649999999551,0.0321412136051448,0.5772499999999999,0.7325,17.0,4.0,17.0,17.0,0.9212009476333464,4910.0,35082,Hybrid,16,100,0.75,-1,17.0,7.0,17.0,0.8612281837789303,0.6698293484447709,0.2430478784177333,60,35082,17.0,17.0,8.0,0.9212009476333463,0.8937554072561182,0.9429197894436934,0.9057806682551697
RL-s0-b300-a1.00,0.72875,117.05562499999544,0.0400059348037472,0.3386249999999999,0.7375,3.0,1.0,3.0,17.0,0.9657879878027142,8.0,35287,RL,0,300,1.0,-1,17.0,3.0,17.0,0.9196136600467522,0.6693134880389866,0.2326029459987839,60,35287,3.0,3.0,1.0,0.9657879878027142,0.9713210788426663,0.9762041384525851,0.9831527339627524
HYB-s5-b100-a0.50,0.7275,107.07849999999596,0.0756173396339774,1.2473749999999986,0.8325,9.0,3.0,9.0,17.0,0.9239293665907974,334.0,32658,Hybrid,5,100,0.5,-1,8.0,4.0,17.0,0.9307825522701588,0.6625482655822366,0.2283828745087849,60,32658,9.0,17.0,5.0,0.9239293665907974,0.8972997336276073,0.9545164525867329,0.9043948477321019
RL-s2-b200-a1.00,0.7262500000000001,114.16837499999562,0.0426163791807038,0.9344999999999992,0.735,7.0,3.0,7.0,17.0,0.9258647818832464,119.0,34629,RL,2,200,1.0,-1,17.0,5.0,17.0,0.8937384098816886,0.6793396549867877,0.2390191016035037,60,34629,7.0,17.0,4.0,0.9258647818832463,0.907870236297087,0.9696051507255407,0.9314966038765737
RL-s15-b300-a1.00,0.7224999999999999,114.94024999999556,0.0419217268736402,0.7671249999999995,0.745,4.0,2.0,4.0,17.0,0.9581204167113078,16.0,34409,RL,15,300,1.0,-1,7.0,3.0,17.0,0.926247784793946,0.6617112386901766,0.2381382243023293,60,34409,4.0,17.0,3.0,0.9581204167113078,0.923899911222358,0.9747045163676338,0.9409318125354447
RL-s9-b300-a1.00,0.72125,114.75249999999556,0.0420982372245549,0.6476249999999997,0.7425,4.0,1.0,4.0,17.0,0.952744750518804,16.0,35098,RL,9,300,1.0,-1,8.0,4.0,17.0,0.9064106491010638,0.6683916098093257,0.2242509354793245,60,35098,4.0,5.0,1.0,0.952744750518804,0.9494864238981394,0.9861223714634948,0.9743674119813647
HYB-s2-b200-a0.75,0.71875,109.58487499999588,0.0500538354672895,1.1691249999999986,0.755,17.0,6.0,17.0,17.0,0.8880818893476422,2680.0,32693,Hybrid,2,200,0.75,-1,17.0,5.0,17.0,0.899717467131715,0.6775989294445326,0.2358632882381791,60,32693,17.0,17.0,17.0,0.8880818893476422,0.8781277913993264,0.8909573654131827,0.8769266047700622
HYB-s2-b100-a0.75,0.71875,109.90749999999584,0.0508919882527919,1.4142499999999985,0.7675,17.0,3.0,17.0,17.0,0.921886454597122,3216.0,31769,Hybrid,2,100,0.75,-1,17.0,3.0,17.0,0.9274363843450484,0.6313541225602886,0.2243821301249637,60,31769,17.0,17.0,17.0,0.9218864545971219,0.8682736112527051,0.9456989195367169,0.7611166374716496
HYB-s12-b200-a0.75,0.7175,108.39987499999594,0.0556225525592055,1.663499999999998,0.7575,17.0,4.0,17.0,17.0,0.902995653726031,3303.0,33563,Hybrid,12,200,0.75,-1,17.0,5.0,17.0,0.8955757833626918,0.6756626978423592,0.2335639117965774,60,33563,17.0,17.0,5.0,0.902995653726031,0.8860553503193636,0.9263051486817724,0.8973174963494285
HYB-s15-b100-a0.75,0.7175,110.8307499999958,0.0634138221480055,0.9664999999999986,0.7875,14.0,2.0,14.0,17.0,0.918090905763677,1774.0,33537,Hybrid,15,100,0.75,-1,6.0,2.0,17.0,0.930753835009431,0.6922019463939565,0.2368904409373312,60,33537,17.0,17.0,17.0,0.918090905763677,0.8933296811766697,0.9465442905346418,0.8666907737355525
HYB-s16-b200-a0.75,0.71625,115.17799999999556,0.0375789854788093,0.8502499999999995,0.76,17.0,3.0,17.0,17.0,0.9167725447562448,4343.0,34480,Hybrid,16,200,0.75,-1,17.0,7.0,17.0,0.8775013652687351,0.6527371439073988,0.2343678020581375,60,34480,17.0,17.0,17.0,0.9167725447562447,0.8548674019776182,0.9306618275918065,0.8227731505542317
HYB-s17-b200-a0.75,0.715,110.2709999999958,0.051670773197601,1.1837499999999987,0.7625,17.0,4.0,17.0,17.0,0.909901413401458,3207.0,33353,Hybrid,17,200,0.75,-1,17.0,5.0,17.0,0.8868060392343867,0.6479647722073122,0.2276547498547429,60,33353,17.0,17.0,4.0,0.9099014134014579,0.9063713300819259,0.9341282231462117,0.9266664897596575
HYB-s16-b300-a0.75,0.715,109.66074999999584,0.0625191214851273,0.9487499999999992,0.7725,17.0,4.0,17.0,17.0,0.9030348819113466,4070.0,33140,Hybrid,16,300,0.75,-1,17.0,14.0,17.0,0.8523519522899201,0.7038831768250281,0.2507236798272229,60,33140,17.0,17.0,5.0,0.9030348819113466,0.8928571773710091,0.9412233855528336,0.8674860663479688
RL-s15-b100-a1.00,0.71375,112.03512499999574,0.0708635311315952,0.9829999999999988,0.79,4.0,2.0,4.0,17.0,0.955068659752,16.0,33426,RL,15,100,1.0,-1,6.0,2.0,17.0,0.9337080099871928,0.7167745292577193,0.2545017530268909,60,33426,4.0,5.0,2.0,0.955068659752,0.947861794151051,0.9785403205635201,0.9765521131690208
HYB-s6-b200-a0.75,0.7125,114.7586249999956,0.0409991656473015,0.8588749999999994,0.745,5.0,1.0,5.0,17.0,0.9366048523883844,32.0,34914,Hybrid,6,200,0.75,-1,17.0,5.0,17.0,0.8998973063069371,0.6511870862458271,0.2354220945881695,60,34914,5.0,17.0,1.0,0.9366048523883845,0.9355782718934316,0.9460190051407301,0.9450792516497424
RL-s14-b200-a1.00,0.7124999999999999,111.00737499999582,0.059725436050788,1.4573749999999983,0.7975,9.0,4.0,9.0,17.0,0.9038896626317144,321.0,33079,RL,14,200,1.0,-1,17.0,7.0,17.0,0.8459239258148543,0.6947075585108347,0.2425457556926403,60,33079,10.0,17.0,6.0,0.9038896626317144,0.8815496087422636,0.9575242134144687,0.924030313956223
HYB-s1-b100-a0.50,0.71,103.22649999999614,0.0945222993379022,1.4062499999999982,0.8675,17.0,4.0,17.0,17.0,0.9109804667737784,2900.0,32431,Hybrid,1,100,0.5,-1,17.0,4.0,17.0,0.9133601017453796,0.6894177847033123,0.232081150801281,60,32431,17.0,17.0,7.0,0.9109804667737785,0.8644643287525683,0.892437743159349,0.8747802846884731
HYB-s14-b300-a0.50,0.7075,111.35812499999577,0.0824632317381351,1.0542499999999988,0.8025,17.0,5.0,17.0,17.0,0.8904799353203996,5581.0,32625,Hybrid,14,300,0.5,-1,17.0,4.0,17.0,0.9074588721415642,0.6625665411800385,0.2137396527575657,60,32625,17.0,17.0,17.0,0.8904799353203996,0.877261585332845,0.9237007614713664,0.8510921962827485
HYB-s0-b300-a0.75,0.7050000000000001,116.32599999999545,0.0408756988889211,0.3537499999999999,0.7075,6.0,1.0,6.0,17.0,0.9485651676243688,60.0,34471,Hybrid,0,300,0.75,-1,17.0,3.0,17.0,0.919981080591964,0.6516870681111371,0.2214943667068702,60,34471,6.0,6.0,3.0,0.9485651676243689,0.9340726538513395,0.9567610342038284,0.9373437285575735
HYB-s13-b300-a0.75,0.7050000000000001,116.19624999999547,0.0339428112992041,0.496125,0.7075,17.0,4.0,17.0,17.0,0.9138826220140678,4287.0,34615,Hybrid,13,300,0.75,-1,17.0,17.0,17.0,0.8045068960267292,0.6947123124272041,0.2359253330524626,60,34615,17.0,17.0,4.0,0.9138826220140678,0.9040041355108349,0.9416538923175003,0.9120745758071809
RL-s14-b300-a1.00,0.70375,108.95137499999592,0.1376430554146225,1.2897499999999984,0.7825,11.0,5.0,11.0,17.0,0.8996333329175231,966.0,31033,RL,14,300,1.0,-1,8.0,4.0,17.0,0.9019019107700322,0.661057225717167,0.235167734840639,60,31033,12.0,17.0,5.0,0.8996333329175231,0.8964064672896186,0.9576705455198531,0.9336953852625884
RL-s3-b200-a1.00,0.7,116.93112499999546,0.0326976713144683,0.389375,0.73,5.0,3.0,5.0,17.0,0.9311919272759568,32.0,35237,RL,3,200,1.0,-1,17.0,7.0,17.0,0.8548313695804548,0.6812728127040545,0.2438204994842369,60,35237,5.0,9.0,4.0,0.9311919272759567,0.9238087708672975,0.9649474890470461,0.9407547552663811
HYB-s12-b300-a0.50,0.7,105.989874999996,0.0577641661544138,1.2338749999999987,0.8175,17.0,4.0,17.0,17.0,0.9047625606308508,3612.0,32284,Hybrid,12,300,0.5,-1,17.0,4.0,17.0,0.9060418981469028,0.66165735213995,0.2336069388904479,60,32284,17.0,17.0,7.0,0.9047625606308507,0.8682196215590203,0.9289820063529987,0.895022075077189
HYB-s17-b300-a0.75,0.7,111.68137499999574,0.0468931144021349,0.8202499999999993,0.735,17.0,2.0,17.0,17.0,0.9195948121844252,3725.0,33391,Hybrid,17,300,0.75,-1,17.0,17.0,17.0,0.8621117047272182,0.676058228865555,0.2278044114114736,60,33391,17.0,17.0,3.0,0.9195948145649655,0.9198688476502613,0.8982165322164702,0.9271758693777086
HYB-s1-b100-a0.75,0.6975,107.24637499999596,0.0807454469809342,1.3526249999999982,0.8075,17.0,3.0,17.0,17.0,0.9214623771911769,2912.0,32824,Hybrid,1,100,0.75,-1,17.0,1.0,17.0,0.9213492707698496,0.670939084074867,0.2406836698740242,60,32824,17.0,17.0,2.0,0.9214623771911767,0.9308158154447512,0.9090743897076542,0.9043276051902455
HYB-s13-b100-a0.75,0.6975,113.37624999999564,0.0443160889670036,0.8874999999999993,0.7375,10.0,3.0,10.0,17.0,0.9177330983576988,590.0,34060,Hybrid,13,100,0.75,-1,17.0,5.0,17.0,0.8950215693772309,0.6516455887976274,0.2252746443418389,60,34060,10.0,17.0,3.0,0.9177330983576987,0.9235575959183769,0.9499097221145094,0.9235803902406274
HYB-s0-b200-a0.75,0.6975,113.04687499999564,0.0478098564047264,0.7504999999999993,0.7525,17.0,1.0,17.0,17.0,0.934617218998436,3168.0,33357,Hybrid,0,200,0.75,-1,17.0,4.0,17.0,0.914245514258581,0.6988774272860955,0.2366107741742301,60,33357,17.0,17.0,2.0,0.934617218998436,0.9231796280432081,0.9469977364818674,0.8749914122410664
HYB-s1-b300-a0.50,0.6975,104.71312499999608,0.0935083451681431,1.3448749999999985,0.7625,17.0,5.0,17.0,17.0,0.8940247683398411,3357.0,30681,Hybrid,1,300,0.5,-1,17.0,5.0,17.0,0.8909689643800766,0.6751756121726215,0.2318479132397941,60,30681,17.0,17.0,4.0,0.8940247683398411,0.909920530752854,0.9003855919720659,0.8868124611269104
HYB-s9-b300-a0.75,0.69625,111.44037499999575,0.0482852095491043,0.7649999999999992,0.7525,17.0,2.0,17.0,17.0,0.9169260376942844,3670.0,33631,Hybrid,9,300,0.75,-1,17.0,4.0,17.0,0.9023027027827596,0.646858972250707,0.2223719730576474,60,33631,17.0,5.0,1.0,0.9169260376942844,0.9388603366316877,0.9321766760788146,0.9415842113582886
RL-s5-b300-a1.00,0.69625,117.12412499999544,0.0418922961253801,0.5278749999999999,0.715,5.0,1.0,5.0,17.0,0.9440381768284404,32.0,34646,RL,5,300,1.0,-1,17.0,4.0,17.0,0.9042188148122936,0.6738333089608216,0.2315575606657697,60,34646,5.0,4.0,1.0,0.9440381768284404,0.9514378658358508,0.957786927114313,0.9657574831237038
RL-s0-b200-a1.00,0.6950000000000001,115.73599999999551,0.0374912341574368,0.7159999999999995,0.7275,4.0,1.0,4.0,17.0,0.952853330877906,16.0,34253,RL,0,200,1.0,-1,8.0,3.0,17.0,0.9258921067406936,0.719915181157469,0.2466218405339109,60,34253,4.0,5.0,2.0,0.952853330877906,0.9427847667466085,0.974306967938883,0.9703246676901794
RL-s2-b100-a1.00,0.6950000000000001,109.41712499999588,0.049115298432051,1.2458749999999983,0.7475,6.0,3.0,6.0,17.0,0.9293113844947402,61.0,32705,RL,2,100,1.0,-1,6.0,3.0,17.0,0.9205382695824236,0.6387401278160514,0.2331849179151344,60,32705,6.0,5.0,3.0,0.9293113844947402,0.9355436421314051,0.9694310321897874,0.9577747078730106
HYB-s9-b100-a0.25,0.6937500000000001,103.37749999999612,0.1023297618529992,1.5659999999999978,0.8725,17.0,4.0,17.0,17.0,0.9122163736550476,3006.0,30141,Hybrid,9,100,0.25,-1,5.0,2.0,17.0,0.9448119866644524,0.6978440021259098,0.2398201523261493,60,30141,17.0,17.0,4.0,0.9122163736550477,0.9168625382517014,0.9112711977624681,0.8970378563285175
HYB-s1-b200-a0.50,0.6925,104.68624999999608,0.0824876922900864,1.3024999999999984,0.7875,17.0,7.0,17.0,17.0,0.886192608029084,2121.0,31499,Hybrid,1,200,0.5,-1,17.0,4.0,17.0,0.9098663533194292,0.6687757986119013,0.2297402143242298,60,31499,17.0,17.0,5.0,0.886192608029084,0.8983907018731259,0.9141113377422104,0.8916848449822723
RL-s13-b100-a1.00,0.6925,115.85062499999552,0.0382448396911147,0.849999999999999,0.7475,5.0,2.0,5.0,17.0,0.9424600415713004,32.0,34756,RL,13,100,1.0,-1,17.0,6.0,17.0,0.8795046851532521,0.6683805195645498,0.2342655738738933,60,34756,5.0,5.0,2.0,0.9424600415713003,0.9483372834427012,0.9734280593461281,0.9645727395727193
HYB-s0-b100-a0.75,0.6925,99.43462499999646,0.0932860727765804,1.681499999999998,0.805,17.0,4.0,17.0,17.0,0.9020401042642746,4238.0,30903,Hybrid,0,100,0.75,-1,4.0,1.0,17.0,0.953287197269072,0.64422322353947,0.2620890629307368,60,30903,17.0,17.0,6.0,0.9020401042642746,0.8960722991522619,0.9029645498804816,0.8878111795083599
HYB-s5-b200-a0.75,0.69125,112.99387499999568,0.0445316441621032,0.8327499999999992,0.7325,17.0,8.0,17.0,17.0,0.8841537123930509,2811.0,32982,Hybrid,5,200,0.75,-1,17.0,6.0,17.0,0.8761099800552012,0.6846985344404612,0.232598556202327,60,32982,17.0,17.0,17.0,0.8841537123930509,0.8834520392510535,0.8931574976434018,0.8608039253578333
HYB-s12-b100-a0.75,0.69125,112.96299999999567,0.0421024251627111,1.1028749999999987,0.765,8.0,1.0,8.0,17.0,0.9358990673579032,202.0,33896,Hybrid,12,100,0.75,-1,17.0,2.0,17.0,0.929260693287574,0.645786451661855,0.2251431387040883,60,33896,8.0,17.0,1.0,0.9358990673579031,0.9353949728743961,0.9406971863861168,0.8929425577173229
HYB-s10-b300-a0.25,0.69125,101.8226249999962,0.0769768662700328,1.3644999999999985,0.8,17.0,5.0,17.0,17.0,0.8959885447280388,3138.0,29051,Hybrid,10,300,0.25,-1,8.0,4.0,17.0,0.9170361190192656,0.6758822340120082,0.2318827070480677,60,29051,17.0,17.0,4.0,0.8959885447280388,0.9139893244396105,0.9274261224498606,0.9048043048104566
RL-s5-b200-a1.00,0.6912499999999999,113.8838749999956,0.0458627242888342,0.8434999999999994,0.75,5.0,2.0,5.0,17.0,0.9328022684466544,32.0,33916,RL,5,200,1.0,-1,17.0,6.0,17.0,0.8796330433343913,0.6892635040443406,0.24204508913117,60,33916,5.0,9.0,3.0,0.9328022684466543,0.923124417143903,0.9713887542446739,0.9462539980132592
HYB-s10-b100-a0.75,0.69,113.64662499999568,0.0587690330737596,1.0506249999999988,0.7625,17.0,6.0,17.0,17.0,0.8817261512216817,4459.0,34667,Hybrid,10,100,0.75,-1,17.0,5.0,17.0,0.8972592984476019,0.6837649505509114,0.2481135144803378,60,34667,17.0,17.0,17.0,0.8817261512216817,0.8832753616495973,0.9032508786690697,0.8744520936560453
RL-s17-b300-a1.00,0.68875,115.12624999999557,0.0382904275269637,0.5287499999999998,0.7125,4.0,2.0,4.0,17.0,0.9591758481958844,16.0,33996,RL,17,300,1.0,-1,17.0,6.0,17.0,0.8615435040935882,0.6724791462167469,0.2330758212602759,60,33996,4.0,4.0,2.0,0.9591758481958845,0.9559616759078412,0.9756992852709453,0.975300898731194
HYB-s17-b100-a0.50,0.68875,107.90199999999594,0.0638266787695326,1.2144999999999988,0.8025,7.0,5.0,7.0,17.0,0.8907632935489913,100.0,31945,Hybrid,17,100,0.5,-1,17.0,4.0,17.0,0.9126400817588732,0.6722399345699998,0.2306511051158764,60,31945,7.0,17.0,7.0,0.8907632935489913,0.8843770799292408,0.9550617105847038,0.9008322025409268
HYB-s5-b300-a0.75,0.6875,114.70537499999558,0.0420132355898594,0.7802499999999992,0.7025,17.0,3.0,17.0,17.0,0.9127545167344068,4134.0,34378,Hybrid,5,300,0.75,-1,17.0,5.0,17.0,0.8913379043786381,0.668086485964025,0.2270761134389912,60,34378,17.0,17.0,3.0,0.9127545167344069,0.9073058090731215,0.9345309304823824,0.8981013932642369
RL-s11-b100-a1.00,0.68625,117.14987499999545,0.0411676327277091,0.5179999999999998,0.715,6.0,2.0,6.0,17.0,0.9368866775520373,59.0,34294,RL,11,100,1.0,-1,17.0,6.0,17.0,0.8918182571077324,0.6933578049535416,0.2500453554642803,60,34294,6.0,17.0,2.0,0.9368866775520373,0.9327748641851517,0.9692384249811331,0.8945485602436181
HYB-s14-b200-a0.75,0.685,106.38212499999604,0.0562063852624275,1.3928749999999983,0.765,17.0,5.0,17.0,17.0,0.8956950824138111,4765.0,32948,Hybrid,14,200,0.75,-1,17.0,7.0,17.0,0.862031939225712,0.6945546055784166,0.2358463428788962,60,32948,17.0,17.0,5.0,0.8956950824138111,0.8875226216675395,0.9158855149539258,0.8940089208404268
RL-s13-b300-a1.00,0.6837500000000001,115.46512499999554,0.0361442055547715,0.534,0.6925,9.0,5.0,9.0,17.0,0.8972071485302056,358.0,34332,RL,13,300,1.0,-1,17.0,17.0,17.0,0.7486528513135736,0.6965095058021885,0.2485115708388436,60,34332,9.0,17.0,5.0,0.8972071485302056,0.8833687334467137,0.9581094752946704,0.9444723301000016
RL-s7-b300-a1.00,0.6825,116.72912499999546,0.0367456021999893,0.5713749999999995,0.7175,7.0,4.0,7.0,17.0,0.9105768669969456,99.0,35273,RL,7,300,1.0,-1,17.0,6.0,17.0,0.8642168626132405,0.6841968748085844,0.2300465304572427,60,35273,7.0,17.0,4.0,0.9105768669969455,0.9083504920787621,0.960517893283114,0.8583533746933436
RL-s6-b100-a1.00,0.6825,116.73824999999547,0.0324779336126345,0.4037499999999999,0.6825,6.0,2.0,6.0,17.0,0.9453246962163796,64.0,34384,RL,6,100,1.0,-1,17.0,5.0,17.0,0.8940646190398253,0.667500184229017,0.2335694671527985,60,34384,6.0,5.0,2.0,0.9453246962163797,0.9468502209251326,0.9746972632170772,0.9734343015561988
HYB-s4-b100-a0.75,0.6825,110.40037499999582,0.0503349494210014,0.9591249999999992,0.7675,11.0,4.0,11.0,17.0,0.9221511031819956,800.0,32983,Hybrid,4,100,0.75,-1,17.0,3.0,17.0,0.921918632215146,0.6592877734512272,0.2293365924413928,60,32983,12.0,17.0,5.0,0.9221511031819956,0.8893289036384863,0.9542788569000354,0.9254748273428393
RL-s12-b200-a1.00,0.6799999999999999,109.08724999999588,0.0486719561399493,1.448499999999998,0.7325,9.0,4.0,9.0,17.0,0.910542856052375,322.0,33200,RL,12,200,1.0,-1,17.0,5.0,17.0,0.8769364662312473,0.6710552794775473,0.24583161206416,60,33200,9.0,17.0,4.0,0.910542856052375,0.9009173256544108,0.9572735254262474,0.9261768034911293
HYB-s1-b100-a0.25,0.67875,104.12124999999612,0.1014092045212884,1.423874999999998,0.835,17.0,5.0,17.0,17.0,0.8933605612828904,2967.0,31830,Hybrid,1,100,0.25,-1,17.0,3.0,17.0,0.9331824110758064,0.6953035788458755,0.2393383685374349,60,31830,17.0,17.0,3.0,0.8933605612828904,0.9113797289754628,0.9167831838664161,0.9118198913829979
HYB-s1-b300-a0.25,0.67875,102.4003749999962,0.0897714858823234,1.3722499999999982,0.8025,17.0,6.0,17.0,17.0,0.8905273495833478,3250.0,30677,Hybrid,1,300,0.25,-1,6.0,4.0,17.0,0.9217408248754476,0.6864900834391717,0.2388898518201949,60,30677,17.0,17.0,17.0,0.8905273495833478,0.8908688384640311,0.9098175008928291,0.8467962635025102
HYB-s9-b200-a0.75,0.6775,110.66874999999575,0.0542915274739259,0.861249999999999,0.7375,17.0,17.0,17.0,17.0,0.8813860712677108,4503.0,32989,Hybrid,9,200,0.75,-1,17.0,3.0,17.0,0.9176252507096624,0.6657505144386081,0.2260575597075396,60,32989,17.0,17.0,4.0,0.8813860712677108,0.9078736755051928,0.8453304706955,0.8660903846863401
HYB-s12-b200-a0.25,0.67625,105.60437499999604,0.0793574439949343,1.1886249999999987,0.8025,17.0,4.0,17.0,17.0,0.9012115308474477,3302.0,31908,Hybrid,12,200,0.25,-1,5.0,3.0,17.0,0.938408577822902,0.6818903369250797,0.2328702345478897,60,31908,17.0,17.0,4.0,0.9012115308474477,0.9090141167775135,0.9218070602397014,0.9394063648974341
HYB-s14-b300-a0.25,0.67625,101.01862499999623,0.0888980144037803,1.2758749999999983,0.81,17.0,5.0,17.0,17.0,0.8951340609645729,4218.0,31523,Hybrid,14,300,0.25,-1,5.0,3.0,17.0,0.929123782324212,0.6750588423060715,0.2278968334736132,60,31523,17.0,17.0,4.0,0.8951340609645729,0.9056995019285828,0.9008024065032045,0.8624652718489818
HYB-s2-b300-a0.75,0.67625,117.00124999999544,0.0342593009615566,0.424,0.68,10.0,3.0,10.0,17.0,0.9233124802108807,619.0,34955,Hybrid,2,300,0.75,-1,17.0,7.0,17.0,0.8572217644094016,0.6723704937462066,0.229928701837586,60,34955,9.0,17.0,3.0,0.9233124802108807,0.9258226937884044,0.9528515921014554,0.933473221030651
HYB-s12-b300-a0.25,0.6737500000000001,105.32799999999602,0.0680355391944082,1.2882499999999983,0.8125,17.0,4.0,17.0,17.0,0.909334157993626,3163.0,33474,Hybrid,12,300,0.25,-1,5.0,3.0,17.0,0.9365727223893492,0.6752532444253835,0.2269712319991066,60,33474,17.0,17.0,4.0,0.9093341579936259,0.9023424033776513,0.9266144355705406,0.902882275027125
HYB-s16-b100-a0.50,0.6737500000000001,109.8044999999958,0.0411985480255676,0.7923749999999992,0.7025,17.0,4.0,17.0,17.0,0.9138230132707434,4243.0,32830,Hybrid,16,100,0.5,-1,17.0,4.0,17.0,0.9025096391679176,0.6438315413694706,0.227640144207703,60,32830,17.0,17.0,6.0,0.9138230132707434,0.8828307604852693,0.9303121905301298,0.9048411189571655
HYB-s14-b100-a0.75,0.6725000000000001,108.5842499999959,0.0468619460798577,1.2437499999999986,0.7275,17.0,3.0,17.0,17.0,0.9261568225989584,4319.0,33896,Hybrid,14,100,0.75,-1,17.0,7.0,17.0,0.8676785916490685,0.6933553075972739,0.2293150561929816,60,33896,17.0,17.0,4.0,0.9261568225989585,0.9186681516893827,0.9434588449817014,0.9267432898426265
HYB-s2-b100-a0.50,0.6725,103.68449999999608,0.0695747412933936,1.2488749999999984,0.7825,7.0,3.0,7.0,17.0,0.9397377101363849,112.0,33191,Hybrid,2,100,0.5,-1,7.0,4.0,17.0,0.9193845439093544,0.6623327886876156,0.2210188275480479,60,33191,7.0,17.0,4.0,0.9397377101363849,0.9116949879272008,0.9505278613436804,0.9170720381975317
HYB-s18-b100-a0.75,0.6725,107.51749999999596,0.0698295514790631,1.2052499999999986,0.75,17.0,17.0,17.0,17.0,0.8671877060124135,3968.0,32088,Hybrid,18,100,0.75,-1,17.0,4.0,17.0,0.9058955331515322,0.692061714275341,0.2491804858755222,60,32088,17.0,17.0,17.0,0.8671877060124135,0.8747223318132334,0.8618706347252718,0.8571257771284014
HYB-s8-b300-a0.75,0.6725,114.92037499999556,0.0379207478740777,0.6999999999999994,0.7025,17.0,5.0,17.0,17.0,0.8916530432651373,3572.0,33954,Hybrid,8,300,0.75,-1,17.0,17.0,17.0,0.852985832011785,0.6595090980041984,0.2215194681501842,60,33954,17.0,17.0,17.0,0.8916530432651373,0.8822135288293863,0.9215367501637952,0.8563019632946955
HYB-s16-b300-a0.50,0.67125,108.45624999999586,0.0554031396286485,0.8536249999999991,0.73,17.0,5.0,17.0,17.0,0.8948470285393435,3306.0,32011,Hybrid,16,300,0.5,-1,17.0,5.0,17.0,0.8831145782446168,0.6945348681174887,0.2379603487437008,60,32011,17.0,17.0,5.0,0.8948470285393435,0.8796762682788737,0.9021688995849307,0.8798926004105438
BT-v2,0.67125,101.6012499999962,0.100491441819102,1.493624999999998,0.8425,4.0,2.0,4.0,17.0,0.9523549886447116,16.0,31978,BT,-1,0,0.0,2,5.0,2.0,17.0,0.9430784939424448,0.6973319403185401,0.2413116430064939,60,31978,4.0,4.0,2.0,0.9523549886447117,0.9541965213997975,0.9809928139926584,0.9504909926768624
HYB-s18-b300-a0.75,0.66875,115.08349999999554,0.0358515810314976,0.4205,0.6625,17.0,4.0,17.0,17.0,0.910905809563849,3041.0,33913,Hybrid,18,300,0.75,-1,17.0,17.0,17.0,0.6561677091132551,0.6813173638668416,0.2370174193642211,60,33913,17.0,17.0,4.0,0.910905809563849,0.9085861624220835,0.9297415295680097,0.896948735820252
HYB-s5-b100-a0.25,0.66875,104.44337499999608,0.079263768732111,1.2684999999999984,0.7875,6.0,3.0,6.0,17.0,0.9336886792367018,64.0,34044,Hybrid,5,100,0.25,-1,6.0,3.0,17.0,0.9331584187224676,0.6849795783987723,0.2276675796258939,60,34044,6.0,6.0,2.0,0.9336886792367018,0.9366825990036249,0.9433096868202036,0.938217839923657
HYB-s2-b100-a0.25,0.66875,104.46062499999609,0.0837812974690823,1.331624999999998,0.8125,17.0,3.0,17.0,17.0,0.9255286502486608,3000.0,30911,Hybrid,2,100,0.25,-1,6.0,3.0,17.0,0.9346400275167164,0.6752101038490893,0.2216930176243796,60,30911,17.0,17.0,3.0,0.9255286502486609,0.9278590106743133,0.941632313226212,0.9312978275111973
HYB-s7-b300-a0.75,0.66875,113.7372499999956,0.0410102518833897,0.7506249999999992,0.725,17.0,17.0,17.0,17.0,0.893594392755891,2707.0,33700,Hybrid,7,300,0.75,-1,17.0,17.0,17.0,0.8808000304667147,0.6804804255035026,0.2335042876691366,60,33700,17.0,17.0,5.0,0.893594392755891,0.8955812667271313,0.8694730166671205,0.8911295814563839
RL-s6-b200-a1.00,0.66625,116.94837499999544,0.0391822952751387,0.5952499999999997,0.7,5.0,2.0,5.0,17.0,0.9364701166370626,32.0,35217,RL,6,200,1.0,-1,11.0,5.0,17.0,0.8954096543712788,0.6530253778654693,0.2345415045172852,60,35217,5.0,5.0,2.0,0.9364701166370626,0.9460197939511386,0.9737410646583843,0.9578110097722865
HYB-s3-b300-a0.75,0.665,114.16237499999562,0.0461771639489011,0.7136249999999994,0.695,17.0,7.0,17.0,17.0,0.8970647412668051,3528.0,33595,Hybrid,3,300,0.75,-1,17.0,17.0,17.0,0.8917348111166774,0.639619125049643,0.2282489643417738,60,33595,17.0,17.0,4.0,0.8970647412668051,0.9060115311467025,0.8952842365166702,0.888417415053218
RL-s12-b100-a1.00,0.6625000000000001,113.26237499999566,0.0436386986925404,0.7661249999999994,0.7125,4.0,1.0,4.0,17.0,0.95695954003598,16.0,33407,RL,12,100,1.0,-1,6.0,3.0,17.0,0.9283532884507156,0.6348282430120828,0.2241534946167541,60,33407,4.0,4.0,1.0,0.95695954003598,0.9554704252855254,0.9783831910100683,0.9761335515205373
RL-s16-b200-a1.00,0.6625000000000001,115.99687499999553,0.034671735425101,0.414,0.66,6.0,3.0,6.0,17.0,0.934248773217006,61.0,35090,RL,16,200,1.0,-1,17.0,6.0,17.0,0.8714401825947725,0.6753856224372304,0.2419914205578264,60,35090,6.0,17.0,5.0,0.9342487732170061,0.8950142570783723,0.9658316601342344,0.9018257229547597
HYB-s12-b200-a0.50,0.6625,107.06249999999592,0.069900767910187,1.070374999999999,0.7775,17.0,4.0,17.0,17.0,0.9002204443464218,4592.0,33172,Hybrid,12,200,0.5,-1,10.0,4.0,17.0,0.9163184165267644,0.6775969729335573,0.2282193126367868,60,33172,17.0,17.0,5.0,0.9002204443464218,0.8968680442494161,0.9407555322969791,0.9045041410102969
HYB-s0-b100-a0.50,0.6625,94.40149999999662,0.1156345102306335,1.340374999999998,0.7875,17.0,4.0,17.0,17.0,0.9084446090236644,4378.0,27302,Hybrid,0,100,0.5,-1,5.0,2.0,17.0,0.9351512355316616,0.6815921044714548,0.2425105849980861,60,27302,17.0,17.0,4.0,0.9084446090236644,0.9133147466430006,0.9315619288636947,0.9350603805730405
HYB-s13-b200-a0.75,0.66,115.68487499999554,0.0332455004969039,0.39175,0.67,8.0,3.0,8.0,17.0,0.9197667478858972,213.0,34383,Hybrid,13,200,0.75,-1,17.0,17.0,17.0,0.8243700266718706,0.6906094034538376,0.2494261271895511,60,34383,8.0,17.0,4.0,0.9197667478858973,0.9155529738246564,0.9587937624676457,0.9326780683639446
HYB-s19-b200-a0.75,0.6599999999999999,114.27599999999558,0.0339299190931023,0.5049999999999998,0.6825,17.0,3.0,17.0,17.0,0.9135848285372852,3915.0,33721,Hybrid,19,200,0.75,-1,17.0,17.0,17.0,0.834897027480938,0.682353140747028,0.2505983440025084,60,33721,17.0,17.0,2.0,0.9135848285372853,0.9302971366599052,0.9246286115411977,0.8951812314994937
HYB-s8-b100-a0.75,0.65875,116.27724999999548,0.0366949773314435,0.5079999999999998,0.6875,17.0,2.0,17.0,17.0,0.9377172064421968,5812.0,34563,Hybrid,8,100,0.75,-1,17.0,3.0,17.0,0.9121381911984564,0.6345767710437267,0.2279196490129523,60,34563,17.0,17.0,2.0,0.9377172064421968,0.9281708656648178,0.932224768907021,0.930283127725495
HYB-s0-b0-a0.25,0.6575,101.8398749999962,0.1033251658805147,1.5021249999999982,0.83,5.0,2.0,5.0,17.0,0.9497840808309042,32.0,30881,Hybrid,0,0,0.25,-1,4.0,1.0,17.0,0.9518966479584594,0.7051329768934911,0.2407987288142822,60,30881,5.0,5.0,1.0,0.9497840808309042,0.9325513928122836,0.9771459467874438,0.959149847768238
HYB-s14-b200-a0.50,0.65625,105.583249999996,0.0626403864160531,1.0171249999999987,0.745,17.0,5.0,17.0,17.0,0.8975016413692503,3585.0,31922,Hybrid,14,200,0.5,-1,17.0,5.0,17.0,0.8843590825573227,0.692168561013667,0.2373280727574616,60,31922,17.0,17.0,4.0,0.8975016413692503,0.9051817204179637,0.9029393975482032,0.9184172553704821
HYB-s15-b100-a0.50,0.655,103.91112499999612,0.0767240225836523,0.9453749999999989,0.755,6.0,3.0,6.0,17.0,0.9344861123437168,61.0,32251,Hybrid,15,100,0.5,-1,17.0,4.0,17.0,0.92555665173014,0.6838103476802491,0.2286176541967528,60,32251,6.0,17.0,3.0,0.9344861123437169,0.9161622423242125,0.9304952513007574,0.903220919698288
HYB-s1-b200-a0.25,0.655,105.11762499999604,0.0846391163042298,1.3141249999999984,0.7925,17.0,4.0,17.0,17.0,0.9109033112879306,2862.0,31662,Hybrid,1,200,0.25,-1,17.0,3.0,17.0,0.9274816452439144,0.6797285226779333,0.2294503484328076,60,31662,17.0,17.0,4.0,0.9109033112879306,0.9081290247615951,0.8899226939180076,0.8959444760470581
HYB-s17-b100-a0.25,0.655,103.31112499999614,0.0798385565423542,1.2033749999999983,0.765,17.0,4.0,17.0,17.0,0.910143506971644,2998.0,30920,Hybrid,17,100,0.25,-1,6.0,4.0,17.0,0.928652465317265,0.679279994352131,0.2273900005070977,60,30920,17.0,17.0,3.0,0.9101435069716439,0.9303368823128007,0.9221777768643858,0.9105999598109549
HYB-s4-b100-a0.50,0.655,105.13474999999602,0.0657672077613297,1.046874999999999,0.765,17.0,3.0,17.0,17.0,0.9271965952351578,4914.0,31659,Hybrid,4,100,0.5,-1,6.0,3.0,17.0,0.9270679749525168,0.6882389366530248,0.2310457444368134,60,31659,17.0,17.0,3.0,0.9271965952351578,0.9144568147080486,0.935959379606244,0.9409003488193843
HYB-s10-b100-a0.50,0.65375,106.02837499999598,0.0831033066315025,0.968749999999999,0.7475,17.0,4.0,17.0,17.0,0.9209428301907664,3935.0,32444,Hybrid,10,100,0.5,-1,17.0,5.0,17.0,0.8998674341693301,0.6733461693923602,0.233984181132046,60,32444,17.0,17.0,5.0,0.9209428301907665,0.8537170650703358,0.938617672145446,0.8726762203597312
HYB-s17-b200-a0.50,0.65375,106.23049999999596,0.0598605663176983,0.8861249999999989,0.7425,17.0,3.0,17.0,17.0,0.9240234825189672,4616.0,32882,Hybrid,17,200,0.5,-1,17.0,5.0,17.0,0.8989419574523418,0.6655096970224713,0.2305285792325627,60,32882,17.0,17.0,7.0,0.9240234825189672,0.8983370598344028,0.9415572810930445,0.9228976683444127
HYB-s18-b200-a0.75,0.6525000000000001,114.1908749999956,0.0439442416490155,0.3982499999999999,0.6825,17.0,4.0,17.0,17.0,0.9061514752777252,2770.0,33038,Hybrid,18,200,0.75,-1,17.0,17.0,17.0,0.8652690809303404,0.6846231877303086,0.2392135956628732,60,33038,17.0,17.0,17.0,0.9061514752777251,0.8761203731654077,0.9344175249392082,0.8614099113710307
HYB-s17-b200-a0.25,0.6512500000000001,100.66812499999624,0.0793279769266044,1.0549999999999986,0.7475,17.0,4.0,17.0,17.0,0.9141778262470812,3694.0,30818,Hybrid,17,200,0.25,-1,6.0,4.0,17.0,0.9290919046813676,0.670369656582602,0.2240291451620773,60,30818,17.0,17.0,3.0,0.9141778262470811,0.9206511486078272,0.932840138723426,0.9038133934415731
HYB-s11-b200-a0.75,0.6499999999999999,114.0202499999956,0.0364282156300272,0.325125,0.6425,17.0,3.0,17.0,17.0,0.9102399490618328,3636.0,33232,Hybrid,11,200,0.75,-1,17.0,17.0,17.0,0.84618057683353,0.6975671911885675,0.2517054381204369,60,33232,17.0,17.0,4.0,0.9102399490618329,0.9198976818984163,0.9229734461734154,0.9055832814925185
RL-s4-b100-a1.00,0.6475,114.3718749999956,0.0382079729027625,0.9174999999999988,0.7225,7.0,4.0,7.0,17.0,0.9224582280886784,104.0,33560,RL,4,100,1.0,-1,17.0,4.0,17.0,0.9115234174902896,0.6621609641565922,0.2328408153334881,60,33560,7.0,17.0,4.0,0.9224582280886785,0.9159086113295403,0.9656969335528861,0.9110214510477301
HYB-s13-b300-a0.50,0.6475,112.76474999999564,0.0382380519416531,0.4341249999999998,0.65,6.0,4.0,6.0,17.0,0.9218151514976178,63.0,32442,Hybrid,13,300,0.5,-1,17.0,5.0,17.0,0.872717442147929,0.683601257854422,0.2234197925215663,60,32442,6.0,17.0,3.0,0.9218151514976178,0.9286627928242799,0.954283154229689,0.9440249860654532
RL-s1-b100-a1.00,0.6475,108.6363749999959,0.0658144993540508,1.0409999999999986,0.7475,15.0,2.0,15.0,17.0,0.9259358984729622,2823.0,32497,RL,1,100,1.0,-1,6.0,1.0,17.0,0.9379704323859946,0.6649428982484105,0.2331537824872903,60,32497,17.0,17.0,1.0,0.9259358984729622,0.8641502352034256,0.9472618643287463,0.9442905436397799
HYB-s4-b200-a0.50,0.64625,99.44012499999636,0.0883614566492169,1.062874999999999,0.7375,17.0,4.0,17.0,17.0,0.9179081146477992,4426.0,28091,Hybrid,4,200,0.5,-1,17.0,4.0,17.0,0.908394996645431,0.685283859980728,0.2370361516433364,60,28091,17.0,17.0,4.0,0.9179081146477991,0.9031385174944249,0.9329703294198416,0.8692734809605586
HYB-s14-b100-a0.50,0.645,105.470499999996,0.054867054888795,0.8958749999999988,0.715,17.0,4.0,17.0,17.0,0.9077792371424244,3671.0,33211,Hybrid,14,100,0.5,-1,17.0,5.0,17.0,0.8977085828977165,0.6895367182328644,0.2323008200070791,60,33211,17.0,17.0,4.0,0.9077792371424245,0.9040410942949865,0.9324440122555454,0.8147683940643021
HYB-s12-b100-a0.25,0.645,105.511374999996,0.0684063665800777,1.0448749999999989,0.7575,17.0,3.0,17.0,17.0,0.9192079409554064,3368.0,31133,Hybrid,12,100,0.25,-1,6.0,2.0,17.0,0.9385263575905336,0.6839097355351481,0.2261744496807645,60,31133,17.0,17.0,5.0,0.9192079409554064,0.8926738137230469,0.9040354417685825,0.8881164963880924
RL-s8-b100-a1.00,0.645,115.77862499999551,0.0320270642100767,0.255875,0.655,3.0,2.0,3.0,17.0,0.9633995657977794,8.0,34637,RL,8,100,1.0,-1,7.0,3.0,17.0,0.9064698089575748,0.6446321447965594,0.2302939994495478,60,34637,3.0,4.0,2.0,0.9633995657977794,0.9557938558930997,0.9870246402254971,0.9799454517857051
HYB-s0-b100-a0.25,0.645,101.09074999999626,0.0984138555900471,1.5087499999999978,0.8325,17.0,3.0,17.0,17.0,0.9223386487017194,3238.0,30964,Hybrid,0,100,0.25,-1,5.0,2.0,17.0,0.93658905260392,0.6861740860279313,0.2299867057944148,60,30964,17.0,17.0,3.0,0.9223386487017194,0.9113862559444789,0.9089604838507663,0.8872770502551479
HYB-s4-b300-a0.50,0.645,106.37337499999596,0.0649899890359859,0.7156249999999993,0.68,17.0,3.0,17.0,17.0,0.9173697096741456,4299.0,31023,Hybrid,4,300,0.5,-1,17.0,4.0,17.0,0.9078007737523828,0.6732292902171155,0.2273620657005535,60,31023,17.0,17.0,3.0,0.9173697096741457,0.911599534693017,0.932658554820934,0.8963410074192315
RL-s18-b200-a1.00,0.64375,116.56362499999548,0.0384470718524905,0.3624999999999999,0.6875,6.0,1.0,6.0,17.0,0.9404969833091288,62.0,34901,RL,18,200,1.0,-1,17.0,7.0,17.0,0.8727455289950954,0.6609475330723116,0.2238627805925929,60,34901,6.0,6.0,1.0,0.9404969833091287,0.9378755924638116,0.9640114024896207,0.9504758590638424
HYB-s17-b100-a0.75,0.64375,113.60824999999562,0.0514949080471669,0.9726249999999992,0.7175,17.0,4.0,17.0,17.0,0.9024056591893316,4000.0,34758,Hybrid,17,100,0.75,-1,17.0,5.0,17.0,0.8959792397285641,0.6717031918383441,0.240790352630248,60,34758,17.0,17.0,8.0,0.9024056591893317,0.8737349777872861,0.9198571407696451,0.8425507962063807
RL-s8-b300-a1.00,0.6425000000000001,116.26474999999547,0.0403899999514901,0.338125,0.65,7.0,4.0,7.0,17.0,0.9101923367475904,109.0,34562,RL,8,300,1.0,-1,17.0,17.0,17.0,0.8351692287122097,0.6752364326866644,0.2226785042523396,60,34562,7.0,17.0,4.0,0.9101923367475905,0.9021383132850102,0.958701399780188,0.8925910838060056
RL-s11-b200-a1.00,0.6425,116.31149999999548,0.0334034087167022,0.331125,0.6275,5.0,3.0,5.0,17.0,0.9389176281624636,32.0,34836,RL,11,200,1.0,-1,17.0,7.0,17.0,0.8365062115469731,0.6930122382297792,0.2613688398095036,60,34836,5.0,9.0,3.0,0.9389176281624637,0.9275247816920135,0.9660365614464911,0.9440370291709681
HYB-s11-b100-a0.75,0.6412500000000001,113.9654999999956,0.042473804938712,0.5648749999999996,0.685,17.0,5.0,17.0,17.0,0.8989680069001317,3858.0,31698,Hybrid,11,100,0.75,-1,17.0,8.0,17.0,0.8878884322484916,0.702536081353019,0.2540587773601514,60,31698,17.0,17.0,17.0,0.8988309239417707,0.8971532026408418,0.8853174019749387,0.8535698400799826
HYB-s11-b300-a0.50,0.6412500000000001,105.89812499999596,0.0733614287682284,0.8361249999999989,0.7225,17.0,3.0,17.0,17.0,0.9222306504764438,3841.0,29519,Hybrid,11,300,0.5,-1,17.0,4.0,17.0,0.9047696327094824,0.6799598258175278,0.2223129641624689,60,29519,17.0,17.0,3.0,0.9222306504764438,0.9157999028592243,0.922413919740351,0.8710388290403769
HYB-s7-b200-a0.25,0.64125,101.17249999999623,0.0838774915296489,1.2232499999999984,0.765,17.0,4.0,17.0,17.0,0.9008815052417076,3743.0,30263,Hybrid,7,200,0.25,-1,17.0,4.0,17.0,0.915907927939714,0.7037148698500544,0.2404949871003543,60,30263,17.0,17.0,4.0,0.9008812769902927,0.909419692865478,0.9010366425138696,0.8958635322509727
HYB-s0-b300-a0.25,0.63875,106.76099999999592,0.0718671113004219,1.1134999999999986,0.7475,5.0,2.0,5.0,17.0,0.9475766836102352,32.0,33372,Hybrid,0,300,0.25,-1,6.0,3.0,17.0,0.9258891633929478,0.6766860454153958,0.2181473878936937,60,33372,5.0,5.0,2.0,0.9475766836102352,0.9420917811351142,0.9523204406014004,0.946248384944641
RL-s0-b0-a1.00,0.6387499999999999,105.08612499999607,0.09556612407754,1.4877499999999984,0.84,2.0,1.0,2.0,17.0,0.9749631399800442,4.0,31100,RL,0,0,1.0,-1,4.0,1.0,17.0,0.9551189350028528,0.7092869851738921,0.2497979573796047,60,31100,2.0,3.0,1.0,0.9749631399800442,0.9681739165987384,0.988189904865875,0.9738339863704252
HYB-s6-b100-a0.75,0.6387499999999999,117.41187499999543,0.0291875887619494,0.3145,0.63,17.0,2.0,17.0,17.0,0.9195657052699316,5023.0,35389,Hybrid,6,100,0.75,-1,17.0,4.0,17.0,0.9013239814278452,0.6479741418986497,0.2241345056220118,60,35389,17.0,17.0,2.0,0.9195657052699316,0.9272697888397886,0.9357936470141401,0.9358597934453221
HYB-s10-b200-a0.50,0.6387499999999999,107.06537499999592,0.0471651157351429,0.5872499999999996,0.6625,17.0,5.0,17.0,17.0,0.897978092450472,4316.0,30091,Hybrid,10,200,0.5,-1,17.0,7.0,17.0,0.8582230011257008,0.6729504776658334,0.2335752555791146,60,30091,17.0,17.0,5.0,0.897978092450472,0.8945260135870976,0.9323566142647887,0.8920063261472536
HYB-s6-b300-a0.50,0.6375,108.29887499999585,0.0551300967438306,0.5684999999999995,0.6725,17.0,3.0,17.0,17.0,0.9253058301895976,3581.0,33144,Hybrid,6,300,0.5,-1,17.0,6.0,17.0,0.8755572049959334,0.6854825195750155,0.2367926234107462,60,33144,17.0,17.0,3.0,0.9253058301895976,0.9295213855752499,0.9376850330702622,0.9226679473579484
HYB-s7-b200-a0.75,0.63625,109.35424999999586,0.079680013921658,0.9671249999999986,0.7425,17.0,6.0,17.0,17.0,0.888506859702837,3039.0,31948,Hybrid,7,200,0.75,-1,17.0,17.0,17.0,0.8565019641762919,0.7149575500812523,0.2659026676199212,60,31948,17.0,17.0,6.0,0.888506859702837,0.8990825607774576,0.9080593111931186,0.8715312062245456
HYB-s2-b200-a0.25,0.63625,101.86474999999618,0.0781857594367423,1.0638749999999988,0.7275,17.0,4.0,17.0,17.0,0.9145507670021324,3155.0,29963,Hybrid,2,200,0.25,-1,6.0,3.0,17.0,0.9315656477105666,0.7066206744407021,0.24262429524997,60,29963,17.0,17.0,4.0,0.9145507670021324,0.9162549949631895,0.9217289135139792,0.9192796466758189
HYB-s0-b0-a0.50,0.63625,105.26062499999604,0.0955079137082866,1.486999999999998,0.8275,3.0,1.0,3.0,17.0,0.9677290751298626,8.0,30177,Hybrid,0,0,0.5,-1,4.0,1.0,17.0,0.9617287297520531,0.7058846273484736,0.2460408309980499,60,30177,3.0,4.0,1.0,0.9677290751298626,0.9555888105255556,0.9805836901264066,0.9644986271139819
HYB-s4-b100-a0.25,0.635,103.51387499999608,0.0762709754553304,1.1061249999999987,0.755,17.0,3.0,17.0,17.0,0.9163177606888075,4307.0,31972,Hybrid,4,100,0.25,-1,5.0,3.0,17.0,0.9432622905070532,0.6802590910120297,0.2203777244192349,60,31972,17.0,17.0,3.0,0.9163177606888075,0.9255422481974861,0.9093689514013744,0.9185479096912249
HYB-s3-b300-a0.25,0.635,105.923624999996,0.0740708325589739,1.1561249999999987,0.74,17.0,4.0,17.0,17.0,0.9201465038307048,3048.0,32311,Hybrid,3,300,0.25,-1,5.0,2.0,17.0,0.940018561605328,0.6881507369664184,0.2387271637227442,60,32311,17.0,17.0,3.0,0.9201465038307047,0.913195842443971,0.9213870813386967,0.8820835928759253
RL-s19-b200-a1.00,0.635,116.19824999999553,0.0317436019878425,0.429625,0.655,4.0,2.0,4.0,17.0,0.9620612428693084,16.0,35266,RL,19,200,1.0,-1,17.0,8.0,17.0,0.853534663980656,0.6796187932602731,0.2565148267190985,60,35266,4.0,6.0,2.0,0.9620612428693085,0.9470476031409361,0.972826065850046,0.9596675525308731
RL-s13-b200-a1.00,0.63375,115.73524999999552,0.0296490638197916,0.38325,0.63,6.0,4.0,6.0,17.0,0.9195536257491496,64.0,34514,RL,13,200,1.0,-1,17.0,17.0,17.0,0.7691243263497836,0.6758830348044625,0.2590177353342957,60,34514,6.0,17.0,5.0,0.9195536257491495,0.8967077409668458,0.9593980522554861,0.9449897320874552
HYB-s12-b100-a0.50,0.63375,104.59049999999608,0.0661458238522037,0.9008749999999988,0.7075,17.0,4.0,17.0,17.0,0.9057744666113736,3265.0,30333,Hybrid,12,100,0.5,-1,9.0,4.0,17.0,0.9217880338663992,0.6824443694597162,0.2319103930083399,60,30333,17.0,17.0,3.0,0.9057744666113735,0.9360437642196512,0.9079816460453763,0.9451839850119134
RL-s18-b100-a1.00,0.63375,113.83587499999564,0.0660246216350799,0.9969999999999992,0.6925,16.0,4.0,16.0,17.0,0.9033785744172276,2977.0,34526,RL,18,100,1.0,-1,17.0,5.0,17.0,0.8951826467836339,0.6998383611740908,0.2530356693129533,60,34526,17.0,17.0,7.0,0.9033785744172275,0.8734929204727389,0.9464863374657149,0.9047447619535235
RL-s10-b100-a1.00,0.63375,115.55062499999556,0.0564102168788118,0.7412499999999993,0.695,9.0,4.0,9.0,17.0,0.9116172176148636,379.0,34602,RL,10,100,1.0,-1,17.0,7.0,17.0,0.8658247246266615,0.7045646724407986,0.2575789645918951,60,34602,9.0,17.0,4.0,0.9116172176148635,0.9052500927198713,0.9597833527277712,0.9407528266005835
HYB-s8-b300-a0.50,0.63375,107.36199999999592,0.047596578678251,0.845749999999999,0.6925,17.0,5.0,17.0,17.0,0.889921165588744,3321.0,32126,Hybrid,8,300,0.5,-1,17.0,5.0,17.0,0.8881557612286876,0.6821287090123976,0.2280385664579553,60,32126,17.0,17.0,17.0,0.889921165588744,0.883797040068027,0.8846251854482573,0.8743031798239843
HYB-s15-b300-a0.25,0.6325000000000001,101.4939999999962,0.070555337093391,1.0403749999999987,0.7375,17.0,3.0,17.0,17.0,0.9272503318125748,3630.0,29843,Hybrid,15,300,0.25,-1,17.0,3.0,17.0,0.925471194617976,0.6647942844165147,0.2195326611610175,60,29843,17.0,17.0,3.0,0.9272503318125747,0.9308784132607795,0.9152589989402918,0.8999481216896695
HYB-s13-b100-a0.50,0.6325000000000001,107.01462499999592,0.052828492068065,0.6798749999999993,0.675,9.0,4.0,9.0,17.0,0.9237582388381028,362.0,33418,Hybrid,13,100,0.5,-1,17.0,4.0,17.0,0.9167314933070017,0.6500148662158431,0.2181680130750206,60,33418,9.0,17.0,17.0,0.9237582388381028,0.8962702192184133,0.9502778103864967,0.8740005084403288
RL-s0-b100-a1.00,0.6325,97.24637499999656,0.1294502365088972,1.5942499999999982,0.815,8.0,3.0,8.0,17.0,0.9204671500785542,215.0,29091,RL,0,100,1.0,-1,3.0,1.0,17.0,0.9621582435774644,0.6515744646818737,0.2758923061379226,60,29091,8.0,8.0,3.0,0.9204671500785542,0.9210233098521459,0.9560994173523302,0.9575886567460535
RL-s14-b100-a1.00,0.6312500000000001,111.86199999999572,0.044484519836531,1.234374999999999,0.7075,7.0,4.0,7.0,17.0,0.9141956363345792,114.0,32970,RL,14,100,1.0,-1,17.0,7.0,17.0,0.8389040162329208,0.697214422054259,0.243150240720729,60,32970,7.0,11.0,4.0,0.9141956363345792,0.9105997536197118,0.9640987861091498,0.949727053472828
SHD-s0-b300,0.63125,111.61287499999568,0.0062288194419992,0.2387499999999999,0.6325,7.0,4.0,7.0,17.0,0.9128072877034084,103.0,33311,Shield,0,300,1.0,-1,17.0,6.0,17.0,0.8658450892834724,0.7053287541472978,0.249338322311581,60,33311,16.0,6.0,3.0,0.9103585436646924,0.9269532437327489,0.9512725314186362,0.9480232170388373
HYB-s4-b300-a0.25,0.62875,105.18337499999602,0.0777053967415929,1.0061249999999986,0.7125,7.0,3.0,7.0,17.0,0.9187953769945288,114.0,30816,Hybrid,4,300,0.25,-1,6.0,3.0,17.0,0.9347464995680068,0.6711031819945953,0.2276839832806851,60,30816,7.0,17.0,5.0,0.9187953769945288,0.8949750341948475,0.9302132643465029,0.8911324458433358
RL-s16-b100-a1.00,0.6275,117.29312499999544,0.0310434802946771,0.28475,0.62,6.0,3.0,6.0,17.0,0.9270838463658924,64.0,35218,RL,16,100,1.0,-1,17.0,9.0,17.0,0.817627589249074,0.6796884801030166,0.2472978640407384,60,35218,6.0,17.0,4.0,0.9270838463658924,0.9080926048547641,0.9699741974119919,0.9368507183137801
RL-s16-b300-a1.00,0.62625,112.77012499999567,0.0618985190639116,0.7461249999999994,0.7125,17.0,5.0,17.0,17.0,0.8991041823480044,3457.0,35019,RL,16,300,1.0,-1,17.0,17.0,17.0,0.8223606404022771,0.6972478267535109,0.260859105056957,60,35019,17.0,17.0,6.0,0.8991041823480044,0.8733779734477289,0.9468495955674838,0.9152701836313918
HYB-s2-b200-a0.50,0.62625,105.35912499999598,0.0633016764855086,0.7994999999999991,0.685,17.0,4.0,17.0,17.0,0.9129101854075468,3710.0,30590,Hybrid,2,200,0.5,-1,17.0,4.0,17.0,0.9153906755658624,0.6855240520328304,0.2304021022044343,60,30590,11.0,17.0,4.0,0.9129101854075468,0.902682056953931,0.9501261497094978,0.9133495980231072
RL-s8-b200-a1.00,0.625,113.07962499999569,0.0386152242578697,0.6984999999999992,0.675,9.0,3.0,9.0,17.0,0.922667654618445,362.0,33455,RL,8,200,1.0,-1,17.0,8.0,17.0,0.8652921345922574,0.6759180987143445,0.2463482683814225,60,33455,9.0,5.0,2.0,0.922667654618445,0.9370232981468343,0.9615252763846494,0.9623869601615186
HYB-s0-b200-a0.50,0.625,106.24587499999596,0.0603125799503569,0.7947499999999992,0.7,11.0,4.0,11.0,17.0,0.9044512892323534,730.0,30794,Hybrid,0,200,0.5,-1,7.0,4.0,17.0,0.9102738155620947,0.7002586783193949,0.2361269267971447,60,30794,17.0,17.0,4.0,0.9044512892323534,0.9087917975621074,0.9416578826184105,0.9232721550936421
HYB-s4-b200-a0.25,0.625,100.64499999999629,0.0938483882834889,1.1206249999999984,0.725,17.0,3.0,17.0,17.0,0.918659073387324,3759.0,30372,Hybrid,4,200,0.25,-1,5.0,3.0,17.0,0.9310478143325336,0.695484165255846,0.2376114891492523,60,30372,17.0,17.0,3.0,0.9186590733873239,0.9303348539997012,0.9211701612146779,0.9256147725890864
HYB-s11-b300-a0.25,0.62375,105.476999999996,0.0785760256140133,1.0811249999999986,0.72,17.0,6.0,17.0,17.0,0.8868742929728278,2385.0,31327,Hybrid,11,300,0.25,-1,6.0,3.0,17.0,0.9251881996292648,0.6958360607101111,0.2307150229522548,60,31327,17.0,17.0,3.0,0.8868742929728278,0.9127592457259693,0.8886062446272646,0.8689340738317748
HYB-s15-b300-a0.50,0.62375,104.45162499999606,0.0637074405959355,0.7998749999999991,0.6925,17.0,3.0,17.0,17.0,0.9232039655276736,4069.0,32164,Hybrid,15,300,0.5,-1,17.0,4.0,17.0,0.9008221348626092,0.6659205639694034,0.2263883946904912,60,32164,17.0,8.0,3.0,0.9232039655276736,0.923011392714665,0.9315989566289977,0.9476469022860178
HYB-s2-b300-a0.50,0.62375,104.368374999996,0.0583107693826767,0.4158749999999998,0.6525,17.0,4.0,17.0,17.0,0.9045914203631876,3737.0,28721,Hybrid,2,300,0.5,-1,17.0,6.0,17.0,0.866500997799425,0.6942156096453227,0.2329428624864704,60,28721,17.0,7.0,3.0,0.9045914203631876,0.9411405293426913,0.935426807008056,0.9437841616784447
HYB-s0-b300-a0.50,0.62125,108.63124999999582,0.0566450184042631,0.5098749999999996,0.6425,6.0,3.0,6.0,17.0,0.936095347258068,63.0,32079,Hybrid,0,300,0.5,-1,17.0,4.0,17.0,0.9117970109020094,0.6655931514778624,0.2160022448731756,60,32079,6.0,17.0,3.0,0.9360953472580681,0.9353041884322908,0.9585733668808833,0.9231391780369209
HYB-s13-b200-a0.50,0.62125,110.28524999999576,0.0462498331768437,0.3704999999999999,0.6525,17.0,3.0,17.0,17.0,0.9276092133811668,4207.0,33104,Hybrid,13,200,0.5,-1,17.0,5.0,17.0,0.8868817858109853,0.6906779358933723,0.2344867434354748,60,33104,17.0,6.0,3.0,0.9276092133811668,0.9387051750831517,0.9465548723514294,0.9428948646273103
RL-s17-b100-a1.00,0.62,113.72074999999565,0.0555280537662231,0.7198749999999994,0.69,9.0,4.0,9.0,17.0,0.9019072023828242,329.0,33825,RL,17,100,1.0,-1,17.0,6.0,17.0,0.870066029287387,0.6784611339039526,0.2462703993297551,60,33825,9.0,17.0,4.0,0.9019072023828242,0.9048369806893718,0.9541301598629822,0.9381251413093457
SHD-s19-b300,0.62,112.26487499999568,0.0071062332136679,0.5099999999999998,0.6575,7.0,5.0,7.0,17.0,0.8981565918359202,112.0,34714,Shield,19,300,1.0,-1,17.0,7.0,17.0,0.8395184479844279,0.6810441222083836,0.2385296029075609,60,34714,7.0,17.0,6.0,0.8981565918359202,0.875459498939885,0.9541635477383529,0.9002143767928863
HYB-s0-b0-a0.75,0.62,104.54687499999608,0.0963365287213978,1.4192499999999983,0.8075,3.0,1.0,3.0,17.0,0.9669414511098692,8.0,30583,Hybrid,0,0,0.75,-1,4.0,1.0,17.0,0.956003616448495,0.7198020739312921,0.2504591883784602,60,30583,3.0,3.0,1.0,0.9669414511098692,0.9587095441811667,0.9814589423036759,0.9689229141118187
HYB-s16-b100-a0.25,0.6174999999999999,101.3619999999962,0.0595772724930478,0.8688749999999988,0.67,17.0,3.0,17.0,17.0,0.9236870626386792,3193.0,30230,Hybrid,16,100,0.25,-1,5.0,3.0,17.0,0.9396575520083,0.6800951568082476,0.2257752769695387,60,30230,17.0,17.0,3.0,0.9236870626386793,0.9265588698216084,0.9188079357499226,0.9170416897343758
HYB-s10-b100-a0.25,0.6174999999999999,102.83162499999614,0.0854849090884669,0.9848749999999988,0.71,17.0,3.0,17.0,17.0,0.9211928523781558,3335.0,30491,Hybrid,10,100,0.25,-1,6.0,3.0,17.0,0.9397738336224364,0.6884570600109579,0.2304659284170593,60,30491,17.0,17.0,3.0,0.9211928523781558,0.9192669474229287,0.9221165504084331,0.8944800461978394
HYB-s14-b200-a0.25,0.6174999999999999,104.10724999999609,0.0679942983396273,0.9507499999999992,0.7325,17.0,4.0,17.0,17.0,0.9161417778160668,4625.0,31617,Hybrid,14,200,0.25,-1,6.0,4.0,17.0,0.9269492375815416,0.6916257360338912,0.233587732680133,60,31617,17.0,17.0,4.0,0.9161417778160669,0.9116206103203519,0.9311139455575603,0.9007748561595891
HYB-s13-b100-a0.25,0.615,105.93962499999598,0.0588119602195991,0.8756249999999991,0.675,17.0,3.0,17.0,17.0,0.937190271063666,3450.0,32944,Hybrid,13,100,0.25,-1,5.0,3.0,17.0,0.9353012124781136,0.661112733437001,0.2182535713021259,60,32944,17.0,17.0,3.0,0.9371902710636659,0.9185880214031541,0.9423716587484278,0.8204697645286562
SHD-s6-b300,0.615,111.8067499999957,0.0058301026444259,0.3806249999999999,0.6475,6.0,4.0,6.0,17.0,0.9287114774100091,63.0,33828,Shield,6,300,1.0,-1,17.0,7.0,17.0,0.80359591320234,0.6758397380527308,0.2650555480632056,60,33828,6.0,8.0,4.0,0.9287114774100091,0.9163495004952723,0.972391116135271,0.9515044934842236
HYB-s7-b300-a0.50,0.615,107.75699999999593,0.0561825371068538,0.792874999999999,0.67,17.0,4.0,17.0,17.0,0.9088033788885204,4062.0,33184,Hybrid,7,300,0.5,-1,17.0,5.0,17.0,0.8895730629420194,0.6784791997446202,0.2315803619946089,60,33184,17.0,17.0,17.0,0.9088033788885204,0.8598713254113125,0.9116248445659775,0.8577450997912266
HYB-s6-b200-a0.25,0.615,102.93899999999614,0.067435159917255,0.9432499999999988,0.705,17.0,3.0,17.0,17.0,0.920482767334806,3531.0,32929,Hybrid,6,200,0.25,-1,6.0,4.0,17.0,0.9338612178080168,0.6782032303675014,0.227439642317815,60,32929,17.0,17.0,2.0,0.920482767334806,0.9352515422803394,0.9202304072074767,0.9292958922148633
HYB-s15-b100-a0.25,0.61375,104.76237499999608,0.0751744147484348,1.041249999999999,0.73,17.0,3.0,17.0,17.0,0.9222487292731408,3281.0,30881,Hybrid,15,100,0.25,-1,5.0,2.0,17.0,0.9405414427025516,0.6944467965261926,0.2353418616263851,60,30881,17.0,17.0,3.0,0.9222487292731408,0.924507121526811,0.9436753356360894,0.9275487982372221
HYB-s0-b200-a0.25,0.61375,105.465624999996,0.0681517924179432,0.9437499999999986,0.7175,5.0,3.0,5.0,17.0,0.9320590267024784,32.0,30946,Hybrid,0,200,0.25,-1,5.0,3.0,17.0,0.9385329262171376,0.6906779791818853,0.2263000916916598,60,30946,5.0,17.0,3.0,0.9320590267024785,0.9242765135519027,0.9426226502118563,0.9111739031233528
HYB-s7-b200-a0.50,0.61375,106.117374999996,0.0758234857622233,0.9246249999999988,0.7325,17.0,4.0,17.0,17.0,0.9005422060376427,3466.0,31550,Hybrid,7,200,0.5,-1,17.0,6.0,17.0,0.874589855673242,0.7222710993368618,0.257099873749106,60,31550,17.0,17.0,5.0,0.9005422060376427,0.8977266920706699,0.9039315508346925,0.8682196411297808
HYB-s19-b300-a0.50,0.61375,110.87387499999576,0.051207182735605,0.6466249999999993,0.6625,17.0,3.0,17.0,17.0,0.922022884924966,4201.0,33426,Hybrid,19,300,0.5,-1,17.0,5.0,17.0,0.894910097785473,0.6695915638880842,0.2254497466446511,60,33426,17.0,17.0,2.0,0.9220228849249661,0.9256834302838853,0.9305666771631128,0.9125012881493444
HYB-s6-b300-a0.25,0.6112500000000001,106.58349999999596,0.0604415742861034,0.8949999999999989,0.6775,17.0,3.0,17.0,17.0,0.9302783622349434,2916.0,33428,Hybrid,6,300,0.25,-1,17.0,4.0,17.0,0.9270025006520994,0.6568243014226349,0.220013069693847,60,33428,17.0,17.0,3.0,0.9302783622349434,0.9170587853092419,0.9466618289058223,0.9066226303657356
HYB-s7-b300-a0.25,0.61125,101.4118749999962,0.0695919001178159,1.0082499999999988,0.72,17.0,3.0,17.0,17.0,0.9213250877988116,2988.0,30315,Hybrid,7,300,0.25,-1,6.0,4.0,17.0,0.926685456424498,0.6959566228031436,0.2399550458618651,60,30315,17.0,17.0,3.0,0.9213250877988115,0.9233622097500073,0.9476101040543836,0.9140599402212978
BTO-s2-b300,0.61,105.52249999999609,0.0557142383622536,1.7084999999999977,0.8925,3.0,3.0,3.0,17.0,0.9780720611892694,8.0,31317,BTO,2,300,0.0,-1,3.0,2.0,17.0,0.9720015053439616,0.7048020012895998,0.2466133744749271,60,31317,3.0,3.0,3.0,0.9780720611892694,0.9737660931460741,0.9800852973042788,0.9626172710023528
HYB-s18-b100-a0.50,0.61,104.51874999999605,0.0819917419433261,0.8842499999999991,0.7175,17.0,4.0,17.0,17.0,0.9036067812054892,2531.0,30836,Hybrid,18,100,0.5,-1,17.0,4.0,17.0,0.9081531118655068,0.7059593694718028,0.2467196647208896,60,30836,17.0,17.0,6.0,0.9036067812054893,0.8897732205941168,0.8997122965221622,0.8823345460598927
HYB-s6-b200-a0.50,0.60875,108.54862499999588,0.0506263479651619,0.5488749999999996,0.655,17.0,4.0,17.0,17.0,0.913594422576362,4997.0,33399,Hybrid,6,200,0.5,-1,17.0,5.0,17.0,0.8911385965035815,0.6634141425199421,0.2205962468658295,60,33399,17.0,17.0,3.0,0.913594422576362,0.9293838849275009,0.927382515999288,0.9204614140637216
HYB-s2-b300-a0.25,0.60875,103.81437499999606,0.0608259938905583,0.7788749999999992,0.6675,8.0,3.0,8.0,17.0,0.9308302765491548,206.0,30253,Hybrid,2,300,0.25,-1,6.0,4.0,17.0,0.9241307507855608,0.6791909588768864,0.227098071888319,60,30253,8.0,17.0,3.0,0.9308302765491548,0.9272616636550142,0.9483314785322957,0.8972987413867604
HYB-s16-b300-a0.25,0.6074999999999999,105.98349999999596,0.0639547277982312,0.8722499999999989,0.6875,17.0,3.0,17.0,17.0,0.9149386202148144,3718.0,31694,Hybrid,16,300,0.25,-1,7.0,3.0,17.0,0.926217131207581,0.690226405548644,0.2325087452139297,60,31694,17.0,17.0,4.0,0.9149386202148144,0.9164426419530447,0.9160818867949482,0.8798436882765787
HYB-s14-b100-a0.25,0.60625,107.9016249999959,0.0502070154137164,0.846499999999999,0.67,17.0,3.0,17.0,17.0,0.9244037361721964,3764.0,31701,Hybrid,14,100,0.25,-1,5.0,4.0,17.0,0.9258588874295398,0.7002812938554589,0.2354474044766032,60,31701,17.0,17.0,5.0,0.9244037361721964,0.8969693623216078,0.9403051632890046,0.9221649518559809
BTO-s2-b100,0.60625,109.72149999999584,0.058786676246013,1.644874999999998,0.8925,3.0,3.0,3.0,17.0,0.9800987506546897,8.0,32699,BTO,2,100,0.0,-1,3.0,2.0,17.0,0.971653264943348,0.7019039970548969,0.2450887982530339,60,32699,3.0,3.0,3.0,0.9800987506546895,0.9818684338312508,0.9781822605345574,0.9743556374159715
BTO-s2-b200,0.60625,107.24774999999596,0.0576920943305196,1.645124999999998,0.8925,3.0,3.0,3.0,6.0,0.9844303195997992,8.0,30741,BTO,2,200,0.0,-1,3.0,2.0,17.0,0.971165956472932,0.7078419240934508,0.2413969776691328,60,30741,3.0,3.0,3.0,0.98443032447319,0.9794110538282339,0.9925011316967668,0.9800884988935717
HYB-s9-b200-a0.25,0.60625,107.7984999999959,0.0600702540134245,0.971124999999999,0.7025,17.0,3.0,17.0,17.0,0.9307669129552392,2819.0,32848,Hybrid,9,200,0.25,-1,5.0,2.0,17.0,0.939301215231811,0.6798396168340599,0.2270608150300297,60,32848,17.0,17.0,2.0,0.9307669129552391,0.9312795180866,0.9225757551668251,0.8741811789083549
HYB-s5-b300-a0.50,0.60375,105.67849999999598,0.0577304618725968,0.5809999999999994,0.65,17.0,5.0,17.0,17.0,0.8894859193045862,3273.0,30193,Hybrid,5,300,0.5,-1,17.0,5.0,17.0,0.8915204932322398,0.6802603958374196,0.2272127894903974,60,30193,17.0,17.0,4.0,0.8894859193045862,0.9177073811384565,0.9132447493744038,0.9278292837569464
HYB-s13-b300-a0.25,0.6025,103.86862499999609,0.0552358954753736,0.7308749999999992,0.645,5.0,3.0,5.0,17.0,0.93340900936655,32.0,31200,Hybrid,13,300,0.25,-1,7.0,4.0,17.0,0.9184839866623674,0.6727745212901954,0.2203114381734162,60,31200,5.0,17.0,4.0,0.9334090093665501,0.9144120114310694,0.9486653916901787,0.8951378393953721
BTO-s1-b300,0.60125,108.50387499999592,0.0589771761098239,1.584124999999998,0.8825,3.0,3.0,3.0,17.0,0.96784459239109,8.0,32558,BTO,1,300,0.0,-1,3.0,2.0,17.0,0.9634397011532287,0.7080831155107681,0.2454939653034481,60,32558,3.0,3.0,3.0,0.96784459239109,0.969786650383227,0.9821762920104425,0.9643558328376642
HYB-s8-b200-a0.75,0.6000000000000001,110.84724999999575,0.0434987500696856,0.6429999999999993,0.6225,17.0,17.0,17.0,17.0,0.8970958849670767,3055.0,32780,Hybrid,8,200,0.75,-1,17.0,5.0,17.0,0.885719082712502,0.6945252720668829,0.2457556978846369,60,32780,17.0,17.0,5.0,0.8970958849670767,0.8983072994082034,0.8839892375295251,0.8495579110594462
HYB-s9-b200-a0.50,0.59875,100.6053749999962,0.0707280049547793,0.7796249999999991,0.67,17.0,3.0,17.0,17.0,0.91409371586972,2264.0,31653,Hybrid,9,200,0.5,-1,17.0,4.0,17.0,0.916435514951782,0.6836288410506683,0.2277269350152694,60,31653,17.0,17.0,1.0,0.9140937158697199,0.9433358511774409,0.9171432089359899,0.9366096106033415
HYB-s19-b100-a0.75,0.59875,95.78312499999664,0.1398551391015994,1.0394999999999988,0.7325,17.0,17.0,17.0,17.0,0.8635485830507371,4024.0,29299,Hybrid,19,100,0.75,-1,17.0,2.0,17.0,0.9177206059405998,0.726544949766183,0.2978983278474796,60,29299,17.0,17.0,17.0,0.8635485830507371,0.85657996806716,0.8507265421274061,0.8161362178899255
HYB-s8-b300-a0.25,0.5975,106.05974999999596,0.0583780601987244,0.8678749999999988,0.66,17.0,4.0,17.0,17.0,0.9053024562118592,3074.0,34021,Hybrid,8,300,0.25,-1,7.0,4.0,17.0,0.926673456284776,0.6684070130456353,0.2170728094815969,60,34021,17.0,17.0,4.0,0.9053024562118592,0.9144438331330225,0.9146054430417668,0.8468033576905194
HYB-s6-b100-a0.50,0.5975,106.50649999999597,0.0542722328223318,0.5239999999999996,0.645,6.0,3.0,6.0,17.0,0.9364328187150734,64.0,33500,Hybrid,6,100,0.5,-1,17.0,5.0,17.0,0.8927684193243551,0.6618680818419753,0.2201614494122181,60,33500,6.0,17.0,1.0,0.9364328187150734,0.9373301228646695,0.9447168628103624,0.9293527804200274
SHD-s9-b300,0.5974999999999999,107.2308749999959,0.0095127774219004,0.4434999999999997,0.6325,6.0,3.0,6.0,17.0,0.9231121426892334,63.0,31792,Shield,9,300,1.0,-1,17.0,7.0,17.0,0.8342536952091234,0.6685781239875166,0.2256949875630721,60,31792,6.0,6.0,3.0,0.9231121426892334,0.9340005128472049,0.9618032312565187,0.9089803183746865
HYB-s6-b100-a0.25,0.5974999999999999,103.6562499999961,0.0619832676341148,0.8979999999999988,0.6675,6.0,3.0,6.0,17.0,0.9268633345163688,63.0,32394,Hybrid,6,100,0.25,-1,5.0,4.0,17.0,0.939489928734772,0.6713969334683859,0.2238964529427888,60,32394,6.0,17.0,4.0,0.9268633345163689,0.9141888441363929,0.93736845135749,0.9241261444797714
RL-s18-b300-a1.00,0.5974999999999999,114.1907499999956,0.0395657926544382,0.4501249999999999,0.605,9.0,3.0,9.0,17.0,0.932946122094987,358.0,34247,RL,18,300,1.0,-1,17.0,17.0,17.0,0.6920562305695833,0.6801234727933181,0.2528826769799988,60,34247,9.0,7.0,2.0,0.932946122094987,0.9379687626874457,0.9539769820873067,0.9568699778394296
HYB-s17-b300-a0.50,0.59625,102.63762499999616,0.0702034578392014,0.4972499999999996,0.6425,17.0,4.0,17.0,17.0,0.9153449286637968,3324.0,32156,Hybrid,17,300,0.5,-1,17.0,6.0,17.0,0.8855075766931755,0.6694089566048393,0.2235480039180737,60,32156,17.0,17.0,3.0,0.9153449286637968,0.9186537377816524,0.9375002024973271,0.9221714258377464
HYB-s8-b100-a0.50,0.59625,103.16587499999608,0.0615388493019412,0.6214999999999995,0.6425,14.0,3.0,14.0,17.0,0.9185146545729492,2128.0,30728,Hybrid,8,100,0.5,-1,17.0,4.0,17.0,0.9045212760604364,0.6504878189505643,0.2180784967284873,60,30728,17.0,6.0,3.0,0.9185146545729492,0.937070789891536,0.9436504242483098,0.9379431289063235
HYB-s19-b100-a0.25,0.595,98.8709999999964,0.1068196123463344,1.270999999999998,0.7675,6.0,3.0,6.0,17.0,0.9191250659131855,60.0,30002,Hybrid,19,100,0.25,-1,5.0,2.0,17.0,0.9415256596349022,0.7054124623758419,0.257045019605655,60,30002,6.0,6.0,3.0,0.9191250659131855,0.9194114755178143,0.9672882466278229,0.9394869318401975
HYB-s13-b200-a0.25,0.59375,105.10287499999605,0.0530455652057419,0.7443749999999992,0.6375,7.0,3.0,7.0,17.0,0.9376037009682616,114.0,32728,Hybrid,13,200,0.25,-1,5.0,3.0,17.0,0.9333957910612898,0.6715423601279342,0.2234943930651853,60,32728,8.0,17.0,3.0,0.937493385684379,0.9407079856852987,0.9472288055367737,0.9459337955703891
BTO-s0-b300,0.59375,104.67299999999608,0.0548414240728142,1.637249999999998,0.8725,5.0,3.0,5.0,17.0,0.9464720178901376,30.0,31096,BTO,0,300,0.0,-1,5.0,2.0,17.0,0.9398672995632776,0.7114902607698641,0.2476446632526708,60,31096,5.0,5.0,3.0,0.9464720178901376,0.946363473602288,0.9720088421196568,0.972822076572841
BTO-s1-b100,0.5925,106.822624999996,0.0576047501365311,1.579874999999998,0.8775,3.0,3.0,3.0,17.0,0.9732194205430336,8.0,31043,BTO,1,100,0.0,-1,4.0,2.0,17.0,0.9563367724781922,0.7117581431027591,0.248391864441244,60,31043,3.0,3.0,3.0,0.9732194205430335,0.9660501393198084,0.9807231108418059,0.9606377837512565
SHD-s11-b300,0.5925,106.40049999999596,0.0083327371711003,0.6128749999999994,0.7125,17.0,4.0,17.0,17.0,0.9116467221327332,2238.0,29581,Shield,11,300,1.0,-1,17.0,6.0,17.0,0.8673907247193337,0.6971038150798194,0.2332359299513229,60,29581,17.0,17.0,5.0,0.9116467221327333,0.8908489668461576,0.9392469971025875,0.8794168720029165
HYB-s18-b100-a0.25,0.59125,103.47374999999612,0.0787227073847405,0.9238749999999988,0.6825,17.0,4.0,17.0,17.0,0.9230696141824644,3196.0,32041,Hybrid,18,100,0.25,-1,5.0,2.0,17.0,0.9384740693618966,0.6715467675582778,0.235968357645488,60,32041,17.0,17.0,4.0,0.9230696141824644,0.9046620247640271,0.9140959612268637,0.8805031950581088
HYB-s9-b300-a0.25,0.5900000000000001,102.89149999999614,0.0661868479021767,0.8947499999999988,0.665,17.0,3.0,17.0,17.0,0.9142055741305616,3657.0,31685,Hybrid,9,300,0.25,-1,7.0,3.0,17.0,0.9314071539170536,0.6872177947964512,0.2293136496404219,60,31685,17.0,17.0,3.0,0.9142055741305617,0.9314348476922218,0.9458561795263428,0.9334217652301717
SHD-s2-b300,0.5887500000000001,106.79924999999594,0.009897779563118,0.351125,0.6225,17.0,4.0,17.0,17.0,0.9086759817905588,3298.0,33482,Shield,2,300,1.0,-1,17.0,8.0,17.0,0.7879189791385235,0.6789393576916692,0.2432198997920789,60,33482,17.0,17.0,4.0,0.9086759817905588,0.9081671154402051,0.9415574020458681,0.9490509527602268
HYB-s16-b200-a0.50,0.58875,109.05999999999584,0.0479869044947059,0.5268749999999994,0.63,17.0,4.0,17.0,17.0,0.9218763840205166,5077.0,33615,Hybrid,16,200,0.5,-1,17.0,6.0,17.0,0.8740896020837421,0.6834216175390572,0.2307260824391306,60,33615,17.0,17.0,17.0,0.9218763840205166,0.8896259899814124,0.9423586590275566,0.8876310571721024
HYB-s18-b300-a0.50,0.58875,111.04199999999574,0.0394559176513911,0.3332499999999998,0.6275,17.0,4.0,17.0,17.0,0.9034669422102424,3057.0,31776,Hybrid,18,300,0.5,-1,17.0,17.0,17.0,0.7633151146113323,0.6834596654821494,0.2380951682825895,60,31776,17.0,17.0,4.0,0.9034669422102424,0.9083978741347288,0.9105075238655257,0.9162376736857452
HYB-s16-b200-a0.25,0.58875,105.04799999999604,0.0621428342464714,0.871874999999999,0.6775,5.0,3.0,5.0,17.0,0.9334511155591744,32.0,31242,Hybrid,16,200,0.25,-1,8.0,4.0,17.0,0.9284174440170782,0.6608161147919905,0.2184621924211232,60,31242,5.0,17.0,4.0,0.9334511155591745,0.9220077484631726,0.9520910993019267,0.8612501069590958
BTO-s0-b200,0.5875,105.55124999999606,0.0568935232794905,1.608749999999998,0.88,4.0,3.0,4.0,17.0,0.956316709852643,16.0,32468,BTO,0,200,0.0,-1,5.0,2.0,17.0,0.9439628646779258,0.7108645816287342,0.2494405489086695,60,32468,4.0,4.0,3.0,0.956316709852643,0.9547648757067564,0.9799454608217024,0.9718936032974735
HYB-s8-b200-a0.50,0.58625,105.562624999996,0.0573287915823654,0.5931249999999995,0.6175,17.0,5.0,17.0,17.0,0.8887476065836666,2759.0,32060,Hybrid,8,200,0.5,-1,17.0,5.0,17.0,0.8945975623613964,0.6961725221949724,0.2513174036476475,60,32060,17.0,17.0,4.0,0.8887476065836666,0.9037115305558675,0.8887378742587619,0.9020316896244545
HYB-s19-b100-a0.50,0.5862499999999999,95.31687499999666,0.1222284570021707,1.0726249999999986,0.7525,17.0,5.0,17.0,17.0,0.882333427280041,3545.0,27959,Hybrid,19,100,0.5,-1,17.0,4.0,17.0,0.9040131782583806,0.6952286183927988,0.2669246838970448,60,27959,17.0,17.0,17.0,0.882333427280041,0.8568126474274836,0.9152969464326015,0.8515479421711869
HYB-s3-b100-a0.75,0.5862499999999999,112.6862499999957,0.042480310860587,0.6377499999999994,0.615,17.0,3.0,17.0,17.0,0.9144259229124556,4145.0,33241,Hybrid,3,100,0.75,-1,17.0,6.0,17.0,0.8935540737789369,0.6907743979290252,0.2447754135858134,60,33241,17.0,17.0,7.0,0.9144259229124557,0.896750847097728,0.9179613116597317,0.8867171687234953
BTO-s0-b100,0.58375,106.04062499999604,0.0614892445774626,1.5613749999999975,0.86,3.0,3.0,3.0,17.0,0.9608680824605718,8.0,32287,BTO,0,100,0.0,-1,4.0,2.0,17.0,0.9556634058499918,0.707872879591197,0.2443154772284858,60,32287,3.0,4.0,3.0,0.9608680824605718,0.9570115442702984,0.9860738520591489,0.9754440594298728
HYB-s18-b200-a0.50,0.58375,107.30637499999594,0.050061204572798,0.4467499999999995,0.6275,17.0,17.0,17.0,17.0,0.8682355808744748,3085.0,31936,Hybrid,18,200,0.5,-1,17.0,6.0,17.0,0.8696975063475083,0.7054422073047112,0.2447808958336193,60,31936,17.0,17.0,17.0,0.8682355808744748,0.8823247456188711,0.8865112356558279,0.8594214160189777
HYB-s19-b300-a0.25,0.5825,108.22687499999586,0.0677674139362811,0.9384999999999988,0.6525,17.0,3.0,17.0,17.0,0.923087253666278,2713.0,33236,Hybrid,19,300,0.25,-1,6.0,3.0,17.0,0.9292441302441236,0.6828766433908536,0.2290820783219062,60,33236,17.0,17.0,3.0,0.923087253666278,0.9310329493855167,0.9335139766779234,0.9059573229967574
HYB-s5-b300-a0.25,0.58125,103.66462499999608,0.0642923585765219,0.7591249999999992,0.65,17.0,4.0,17.0,17.0,0.906154393064714,3280.0,31528,Hybrid,5,300,0.25,-1,6.0,4.0,17.0,0.9219005794867547,0.6864555734064455,0.2306371221602376,60,31528,17.0,17.0,2.0,0.9061543930647139,0.9273377594081961,0.9235045662249297,0.9062175396465785
HYB-s17-b300-a0.25,0.58125,104.0241249999961,0.0658641804180753,0.8346249999999991,0.6625,17.0,3.0,17.0,17.0,0.9292223291007676,3119.0,30854,Hybrid,17,300,0.25,-1,17.0,4.0,17.0,0.9221837159495868,0.6677041019951627,0.225872540129045,60,30854,17.0,17.0,3.0,0.9292223291007677,0.9252598786805778,0.9267844039601207,0.8116770330406265
HYB-s3-b200-a0.75,0.58125,114.63749999999555,0.0364985998209334,0.2854999999999999,0.615,17.0,4.0,17.0,17.0,0.901499695902172,5147.0,34335,Hybrid,3,200,0.75,-1,17.0,17.0,17.0,0.8569594429918866,0.6800285554003543,0.2363272143385345,60,34335,17.0,17.0,4.0,0.901499695902172,0.9068989670173074,0.8841516521726119,0.8841744999317993
SHD-s4-b300,0.57875,105.523124999996,0.0103298294667835,0.4176249999999997,0.6,7.0,4.0,7.0,17.0,0.907523931356664,112.0,31067,Shield,4,300,1.0,-1,17.0,8.0,17.0,0.8372677995772361,0.6812595412700796,0.2813324332003413,60,31067,7.0,17.0,4.0,0.9075239313566639,0.9238891534385504,0.9500329211378962,0.9281507956969415
HYB-s9-b300-a0.50,0.57875,103.10474999999612,0.0604419182548122,0.6526249999999993,0.605,17.0,3.0,17.0,17.0,0.921909559809992,2951.0,28896,Hybrid,9,300,0.5,-1,17.0,4.0,17.0,0.9118781763040384,0.6643081084318787,0.2250988799039739,60,28896,17.0,17.0,2.0,0.921909559809992,0.9352867739948554,0.9392429423999136,0.9344939654414743
BTO-s1-b200,0.5775,108.56724999999592,0.0549405506809181,1.485874999999998,0.86,3.0,3.0,3.0,17.0,0.9676053900736874,8.0,31994,BTO,1,200,0.0,-1,4.0,2.0,17.0,0.9568706727726336,0.7079591250631599,0.2430939536104072,60,31994,3.0,3.0,3.0,0.9676053900736874,0.9654648422875406,0.9749680597963128,0.9653481611286571
HYB-s11-b100-a0.25,0.5775,103.74337499999608,0.057819557125914,0.7791249999999992,0.67,17.0,4.0,17.0,17.0,0.9106323640136172,3515.0,31481,Hybrid,11,100,0.25,-1,17.0,4.0,17.0,0.9213428639864992,0.6813542910794806,0.228294072962626,60,31481,17.0,17.0,3.0,0.9106323640136172,0.9258064983705018,0.919576278336459,0.8988140370281633
SHD-s7-b300,0.5775,109.4177499999958,0.0081969385378387,0.4319999999999996,0.62,8.0,4.0,8.0,17.0,0.9119936619654488,200.0,32255,Shield,7,300,1.0,-1,17.0,7.0,17.0,0.8311241874800334,0.6825564068367633,0.2388585465678654,60,32255,8.0,17.0,17.0,0.9119936619654487,0.869722370906596,0.9475892034889525,0.8799926325793331
HYB-s15-b200-a0.25,0.5774999999999999,103.6433749999961,0.0587795358692737,0.6889999999999993,0.6325,17.0,3.0,17.0,17.0,0.9333302301539036,3484.0,31448,Hybrid,15,200,0.25,-1,7.0,4.0,17.0,0.928003425189082,0.6674826716872189,0.2184228951955732,60,31448,17.0,17.0,2.0,0.9333302301539037,0.9372856414424073,0.9265580752478652,0.8861051608269443
HYB-s15-b200-a0.50,0.57625,106.70237499999595,0.051265311777326,0.4778749999999996,0.6175,5.0,3.0,5.0,17.0,0.9335917257491728,32.0,31456,Hybrid,15,200,0.5,-1,17.0,4.0,17.0,0.9028594662410456,0.6590144038889014,0.2232256690135302,60,31456,5.0,6.0,3.0,0.9335917257491727,0.928478832207944,0.955194419521224,0.9535300649425992
HYB-s8-b200-a0.25,0.5762499999999999,105.76562499999602,0.0656475611676646,0.7452499999999991,0.635,17.0,3.0,17.0,17.0,0.915267856576392,2869.0,32180,Hybrid,8,200,0.25,-1,6.0,4.0,17.0,0.9278829344844188,0.6961231147942553,0.2368636362030509,60,32180,17.0,17.0,2.0,0.9152678565763919,0.9280995051317612,0.8996325616198309,0.8281434744224387
SHD-s5-b300,0.5762499999999999,108.66487499999585,0.0102831486517002,0.2824999999999999,0.61,10.0,5.0,10.0,17.0,0.8993514237907172,567.0,31697,Shield,5,300,1.0,-1,17.0,7.0,17.0,0.8419937460464799,0.6828415456290081,0.2408341636275201,60,31697,10.0,17.0,4.0,0.8993514237907172,0.9156711998068006,0.9625999581669443,0.9279329897035737
HYB-s3-b100-a0.25,0.575,104.06074999999606,0.0673715108363433,0.6821249999999992,0.6425,17.0,5.0,17.0,17.0,0.8872240328305081,3154.0,31174,Hybrid,3,100,0.25,-1,9.0,4.0,17.0,0.9216618227663896,0.6787484417916414,0.2376705485376002,60,31174,17.0,17.0,3.0,0.8872240328305081,0.9152418532863106,0.8943070738481234,0.8854276555393302
SHD-s3-b300,0.57375,106.77749999999594,0.0085820397491039,0.3607499999999999,0.6125,17.0,5.0,17.0,17.0,0.8967931511198242,2337.0,32195,Shield,3,300,1.0,-1,17.0,9.0,17.0,0.8265710180922274,0.6762092890535646,0.2276352270783481,60,32195,17.0,17.0,5.0,0.8967931511198242,0.8901563036241404,0.9253418880682098,0.878292906293257
HYB-s8-b100-a0.25,0.57375,107.39712499999592,0.059298590713432,0.825624999999999,0.6675,5.0,2.0,5.0,17.0,0.9358797791727308,32.0,31732,Hybrid,8,100,0.25,-1,6.0,2.0,17.0,0.9382815534187956,0.6611279004801581,0.217954386546026,60,31732,5.0,17.0,1.0,0.9358797791727309,0.9376509077117351,0.9521845998655836,0.9404575887172204
HYB-s5-b200-a0.50,0.57375,108.39899999999588,0.0530421436040211,0.5339999999999995,0.6075,17.0,4.0,17.0,17.0,0.920787979195001,2703.0,33285,Hybrid,5,200,0.5,-1,17.0,6.0,17.0,0.8657858932841969,0.6985177474017066,0.2359781513942051,60,33285,17.0,17.0,17.0,0.920787979195001,0.8435231249709194,0.9438684496524706,0.8337463449116057
HYB-s15-b200-a0.75,0.57375,113.9966249999956,0.0398669937894575,0.2643749999999999,0.58,17.0,2.0,17.0,17.0,0.9366200058599224,4143.0,34066,Hybrid,15,200,0.75,-1,17.0,4.0,17.0,0.9086456307324636,0.6613153645045443,0.2266050357700171,60,34066,17.0,17.0,5.0,0.9366200058599223,0.8988605729982252,0.9253113707866848,0.8416124767227295
HYB-s5-b200-a0.25,0.57375,101.91937499999618,0.0704065664216122,0.885124999999999,0.645,17.0,3.0,17.0,17.0,0.9227619781287985,2524.0,30322,Hybrid,5,200,0.25,-1,12.0,4.0,17.0,0.9218165212450437,0.6816623465245546,0.2359319613331734,60,30322,17.0,17.0,4.0,0.9227619781287983,0.9025008629957497,0.9362620932143707,0.779918140019724
HYB-s3-b300-a0.50,0.57125,105.764374999996,0.0599108183818798,0.7237499999999991,0.6425,17.0,4.0,17.0,17.0,0.9020781886196414,2696.0,30774,Hybrid,3,300,0.5,-1,17.0,5.0,17.0,0.8884966088612645,0.6712005769216959,0.2283657287824401,60,30774,17.0,17.0,6.0,0.9020781886196414,0.8962158106665794,0.9010778149951256,0.8925987867530304
HYB-s10-b200-a0.25,0.565,105.09587499999606,0.0510264940978207,0.7742499999999991,0.6225,17.0,6.0,17.0,17.0,0.8984250355568799,4381.0,31072,Hybrid,10,200,0.25,-1,17.0,4.0,17.0,0.9139004747518994,0.6706950401429002,0.2333157206719544,60,31072,17.0,17.0,4.0,0.8984250355568799,0.9115323517542024,0.8877209423456398,0.8806481403302253
HYB-s11-b100-a0.50,0.56375,105.76274999999598,0.0532976552478348,0.4142499999999997,0.6025,17.0,4.0,17.0,17.0,0.9054835834024214,3896.0,31244,Hybrid,11,100,0.5,-1,17.0,5.0,17.0,0.8767759065194911,0.6759532487267771,0.229915981833688,60,31244,17.0,17.0,4.0,0.9054835834024214,0.9032889270058477,0.9103970261151116,0.911921614461695
HYB-s11-b200-a0.50,0.5587500000000001,106.43599999999594,0.0534418130101086,0.2997499999999998,0.55,17.0,6.0,17.0,17.0,0.886470610840587,6025.0,32016,Hybrid,11,200,0.5,-1,17.0,7.0,17.0,0.8610381215081024,0.7039585087193696,0.2492111654473366,60,32016,17.0,17.0,6.0,0.886470610840587,0.895155384011338,0.9181696988022715,0.8499479282113064
SHD-s15-b300,0.5575,105.999749999996,0.0100187820201477,0.3108749999999999,0.585,8.0,4.0,8.0,17.0,0.9015942757933454,187.0,32589,Shield,15,300,1.0,-1,17.0,7.0,17.0,0.8488547876041748,0.6891039475447732,0.2479008679195691,60,32589,8.0,17.0,3.0,0.9015942757933454,0.9139123996523076,0.9542013905810217,0.940136870884509
HYB-s19-b200-a0.50,0.5575,107.5724999999959,0.0469526733626857,0.4358749999999997,0.59,17.0,3.0,17.0,17.0,0.9107654463248188,2783.0,31705,Hybrid,19,200,0.5,-1,17.0,17.0,17.0,0.8396933705016506,0.7024485016256082,0.2465711347609318,60,31705,17.0,17.0,5.0,0.9107654463248187,0.8938312333223575,0.9290843485874114,0.8762956573443947
HYB-s7-b100-a0.25,0.5575,106.42024999999592,0.0658493325474064,0.8948749999999989,0.6425,17.0,4.0,17.0,17.0,0.9106209467333042,3247.0,33387,Hybrid,7,100,0.25,-1,5.0,3.0,17.0,0.9346489888941416,0.6901743681722625,0.2341528271907434,60,33387,17.0,17.0,3.0,0.9106209467333042,0.9174262474855404,0.9092736271909857,0.8868786713615096
RL-s3-b100-a1.00,0.5475,113.45524999999566,0.0396086360790572,0.4264999999999996,0.5925,5.0,2.0,5.0,17.0,0.9467131246925043,32.0,34086,RL,3,100,1.0,-1,17.0,5.0,17.0,0.8912600718335972,0.6806637755938536,0.2527343503822602,60,34086,5.0,6.0,1.0,0.9467131246925043,0.9386100228412673,0.9793106150092548,0.9765759362318879
SHD-s13-b300,0.545,108.90812499999583,0.0053666482662857,0.2935,0.6025,17.0,5.0,17.0,17.0,0.8749098153028183,2932.0,33699,Shield,13,300,1.0,-1,17.0,11.0,17.0,0.7285534005574826,0.68309123478082,0.2518930371451918,60,33699,17.0,17.0,17.0,0.8749098153028183,0.8613099856692071,0.9421122503527605,0.872989334994614
HYB-s3-b100-a0.50,0.545,107.77962499999587,0.0516479019117759,0.5173749999999994,0.6025,17.0,3.0,17.0,17.0,0.9235997990903756,3769.0,32085,Hybrid,3,100,0.5,-1,17.0,5.0,17.0,0.8819770106789595,0.6858213475953424,0.2362469461607974,60,32085,17.0,17.0,3.0,0.9235997990903757,0.9239184170290426,0.9315815115326163,0.9326651889953775
HYB-s18-b200-a0.25,0.54375,101.92337499999618,0.0648695863007728,0.6361249999999994,0.5975,17.0,3.0,17.0,17.0,0.927322118549052,3082.0,31400,Hybrid,18,200,0.25,-1,6.0,4.0,17.0,0.921223306178917,0.6859980836288059,0.2381351835898326,60,31400,17.0,17.0,4.0,0.9273221185490519,0.9054586555570622,0.922829259863966,0.8534476082774439
SHD-s8-b300,0.5425,113.54924999999562,0.0050855230942323,0.2269999999999999,0.5625,12.0,5.0,12.0,17.0,0.8840900549357509,1030.0,34707,Shield,8,300,1.0,-1,17.0,9.0,17.0,0.8025651368385047,0.6782701698884221,0.2349750851656034,60,34707,17.0,17.0,17.0,0.8840900549357509,0.828843290924744,0.9479762322817064,0.7289066868258774
SHD-s10-b300,0.54125,100.2753749999963,0.0180016598633705,0.8044999999999995,0.66,17.0,7.0,17.0,17.0,0.8335237602907257,4006.0,30109,Shield,10,300,1.0,-1,17.0,9.0,17.0,0.7633105756531281,0.734185196094191,0.3447293394884738,60,30109,17.0,17.0,17.0,0.8335237602907256,0.7939271175477656,0.9372125012616123,0.8517877337460422
HYB-s11-b200-a0.25,0.54125,105.08737499999602,0.0535714926642284,0.4169999999999996,0.565,17.0,3.0,17.0,17.0,0.9341478181192792,5302.0,33521,Hybrid,11,200,0.25,-1,17.0,4.0,17.0,0.9234995719585184,0.6671028759358447,0.2275622895002014,60,33521,17.0,17.0,3.0,0.9341478181192793,0.9342832536569008,0.9193737737201538,0.9068143148750374
HYB-s19-b200-a0.25,0.54,107.59674999999592,0.0515859566580627,0.5764999999999995,0.59,17.0,3.0,17.0,17.0,0.9249685985490624,3513.0,32136,Hybrid,19,200,0.25,-1,17.0,4.0,17.0,0.9160629545555607,0.6840786216579218,0.2385644663605659,60,32136,17.0,17.0,2.0,0.9249685985490623,0.92458865277878,0.9425614335140915,0.8797095489208403
RL-s7-b200-a1.00,0.5375,110.81499999999582,0.0845409795364208,0.892499999999999,0.61,9.0,4.0,9.0,17.0,0.9106125121352764,343.0,33635,RL,7,200,1.0,-1,17.0,9.0,17.0,0.8369742265377003,0.7162763047663612,0.2732771345533036,60,33635,9.0,17.0,4.0,0.9106125121352765,0.9136817280954532,0.9487792387571247,0.9299765481399215
SHD-s17-b300,0.53625,103.98749999999607,0.0113423576634482,0.2226249999999999,0.5825,7.0,4.0,7.0,17.0,0.9076158323557646,121.0,30291,Shield,17,300,1.0,-1,17.0,8.0,17.0,0.7996785502818774,0.6819889405867763,0.2412182531529541,60,30291,7.0,17.0,4.0,0.9076158323557646,0.9232604646139427,0.9578555827671155,0.8967265090030936
RL-s15-b200-a1.00,0.53375,115.21924999999555,0.0318162307284927,0.2121249999999999,0.54,4.0,2.0,4.0,17.0,0.9563603366636017,16.0,34475,RL,15,200,1.0,-1,9.0,5.0,17.0,0.8984784480699317,0.6808026187096627,0.2449819468657127,60,34475,4.0,4.0,2.0,0.9563603366636015,0.9513618363806805,0.9863740638043506,0.9825105991480148
HYB-s3-b200-a0.25,0.53375,105.12887499999604,0.0538249124881959,0.6763749999999991,0.59,17.0,3.0,17.0,17.0,0.925234792953301,2805.0,31882,Hybrid,3,200,0.25,-1,17.0,4.0,17.0,0.9176555874603324,0.6648346484078422,0.2309842856905708,60,31882,17.0,17.0,2.0,0.925234792953301,0.9227399402208969,0.9125046067686564,0.935997363265004
HYB-s3-b200-a0.50,0.53,106.74487499999594,0.0506788627375438,0.2746249999999999,0.57,17.0,6.0,17.0,17.0,0.8846948142955157,3082.0,32387,Hybrid,3,200,0.5,-1,17.0,17.0,17.0,0.8786568595798189,0.662652939205405,0.2264293826055078,60,32387,17.0,17.0,6.0,0.8846948142955157,0.8826730035608805,0.883463098975874,0.8615419443832909
HYB-s18-b300-a0.25,0.52625,108.75737499999585,0.0474598465980351,0.4076249999999997,0.56,6.0,2.0,6.0,17.0,0.9372681121427408,63.0,33056,Hybrid,18,300,0.25,-1,17.0,4.0,17.0,0.90410916063803,0.6743390117513678,0.2273848371658707,60,33056,6.0,17.0,2.0,0.9372681121427409,0.9333245189308791,0.9518675795965154,0.9095266454013403
HYB-s7-b100-a0.50,0.49875,105.23449999999602,0.056138127979881,0.5664999999999993,0.545,17.0,5.0,17.0,17.0,0.8968152323825933,2681.0,32100,Hybrid,7,100,0.5,-1,17.0,5.0,17.0,0.8968266635115415,0.6757848550112291,0.2331180207536167,60,32100,17.0,17.0,17.0,0.8968152323825933,0.8767816428911815,0.9024942588253838,0.8431706324430357
RL-s19-b100-a1.00,0.49625,99.65687499999645,0.1810877034154638,0.8539999999999991,0.655,17.0,7.0,17.0,17.0,0.8611366982182914,4425.0,31493,RL,19,100,1.0,-1,3.0,1.0,17.0,0.9647491483160402,0.7410666612356663,0.3147740112982459,60,31493,17.0,17.0,17.0,0.8611366982182914,0.6766202106203673,0.9034186208488522,0.737844571792974
HYB-s7-b100-a0.75,0.49,115.51437499999552,0.0359330407678178,0.3084999999999998,0.515,17.0,5.0,17.0,17.0,0.8996399546831176,3664.0,34668,Hybrid,7,100,0.75,-1,17.0,6.0,17.0,0.8821278629201261,0.6804793718969376,0.2203327609172347,60,34668,17.0,17.0,17.0,0.8996399546831176,0.8503551237315491,0.9133641629173462,0.8411729969905742
SHD-s1-b300,0.4725,105.79087499999603,0.0104260098943329,0.3864999999999998,0.62,17.0,6.0,17.0,17.0,0.8703760683755615,2330.0,31322,Shield,1,300,1.0,-1,17.0,7.0,17.0,0.8455445371609818,0.7218004481905722,0.287541748029127,60,31322,17.0,17.0,17.0,0.8703760683755616,0.8334037483934822,0.9322917691390421,0.7750856983725539
SHD-s16-b300,0.4725,106.98287499999591,0.0075357697620599,0.2586249999999999,0.5425,17.0,6.0,17.0,17.0,0.8774647409862424,2865.0,32621,Shield,16,300,1.0,-1,17.0,11.0,17.0,0.8018346348634595,0.6967344455972588,0.2464648901568977,60,32621,17.0,17.0,7.0,0.8779874785199461,0.8342060362236259,0.9399693365198605,0.9334294657888814
SHD-s12-b300,0.47125,107.02362499999596,0.0117291859918228,0.4034999999999998,0.5725,17.0,6.0,17.0,17.0,0.8685002508903275,4273.0,33273,Shield,12,300,1.0,-1,17.0,8.0,17.0,0.826197974570818,0.6729619008909237,0.2459357788106901,60,33273,17.0,17.0,17.0,0.8685002508903275,0.7740700574817485,0.9356452430167547,0.7819117440435843
RL-s7-b100-a1.00,0.44875,113.7183749999956,0.0377530301859685,0.1899999999999998,0.4575,17.0,5.0,17.0,17.0,0.8908755335533293,3429.0,33854,RL,7,100,1.0,-1,17.0,6.0,17.0,0.8770114661817658,0.6999009405906259,0.2348227529824275,60,33854,17.0,17.0,17.0,0.8908755335533293,0.8448499979379861,0.9366300273669125,0.8663416152801398
SHD-s18-b300,0.43875,111.41862499999571,0.0079645956220119,0.2638749999999999,0.4725,17.0,4.0,17.0,17.0,0.9199978366588456,2653.0,33416,Shield,18,300,1.0,-1,17.0,17.0,17.0,0.6362034824638237,0.6660437380537703,0.253096228627061,60,33416,17.0,17.0,3.0,0.9199978366588455,0.9219304910773931,0.942500273937712,0.9104377173581499
PPO-s0-b1000000,0.39875,118.45937499999536,0.0045461003988567,0.0,0.395,5.0,3.0,5.0,10.0,0.9394978073839254,32.0,36060,PPO,0,1000000,1.0,-1,9.0,6.0,17.0,0.8323013277531792,0.4483453817382478,0.317878822099379,60,36060,5.0,5.0,3.0,0.9394978073839254,0.9374237895076587,0.9955566205174764,0.9880124965069005
PPO-s1-b1500000,0.3925,120.19999999999528,0.0003452579034941,0.0,0.3875,4.0,3.0,4.0,7.0,0.9730003427387908,16.0,36060,PPO,1,1500000,1.0,-1,9.0,5.0,17.0,0.8691591867641502,0.3490058919547033,0.2978424921172853,60,36060,4.0,4.0,3.0,0.9730003427387908,0.9708355791456716,0.9972937139613195,0.9958237846158392
PPO-s1-b1000000,0.38375,120.19999999999528,0.0008402662229617,0.0,0.375,7.0,6.0,7.0,17.0,0.8477871936986136,125.0,36060,PPO,1,1000000,1.0,-1,12.0,8.0,17.0,0.7569970158340618,0.4752485230576203,0.2590913679714129,60,36060,7.0,8.0,6.0,0.8477871936986136,0.838946593131573,0.9878709989524977,0.9714715988650395
PPO-s1-b500000,0.38,115.54924999999552,3.3277870216305747e-05,0.0,0.375,7.0,4.0,7.0,17.0,0.906574767447483,123.0,35050,PPO,1,500000,1.0,-1,8.0,5.0,17.0,0.8561723298130568,0.5239917398083136,0.266325615328432,60,35050,7.0,6.0,4.0,0.906574767447483,0.9143346304099904,0.9895694309864939,0.9802705995564118
PPO-s0-b1500000,0.38,119.13087499999534,0.0073809405883253,0.0,0.3825,5.0,3.0,5.0,10.0,0.9409458991111784,32.0,36060,PPO,0,1500000,1.0,-1,8.0,5.0,17.0,0.8668590748727827,0.4652673589338623,0.3400723582400982,60,36060,5.0,5.0,3.0,0.9409458991111785,0.9375597093439206,0.9965156524940723,0.9867853973725149
PPO-s0-b500000,0.375,114.80312499999556,0.0006759220743205,0.0,0.365,4.0,3.0,4.0,10.0,0.9518785292896204,16.0,34049,PPO,0,500000,1.0,-1,6.0,4.0,17.0,0.9228882465275118,0.5428040800655316,0.2638564195225317,60,34049,4.0,5.0,3.0,0.9518785292896205,0.9484091655564112,0.9956991624872276,0.9813653711164397
SHD-s14-b300,0.34,95.5846249999966,0.0050567176977895,0.2827499999999999,0.4475,9.0,5.0,9.0,17.0,0.8975879539130618,343.0,29969,Shield,14,300,1.0,-1,12.0,6.0,17.0,0.8663693776366398,0.7033313976237389,0.2581533110921456,60,29969,9.0,17.0,6.0,0.8975879539130617,0.8777932112176723,0.9569989897695248,0.934005828094732
BT-v3,0.32875,104.41774999999606,0.0080461914425815,0.33125,0.5,5.0,3.0,5.0,17.0,0.9402036139137072,28.0,31234,BT,-1,0,0.0,3,5.0,3.0,17.0,0.9326212939679754,0.7203627516104031,0.2606980764944215,60,31234,5.0,3.0,3.0,0.9402036139137073,0.9585726156105178,0.9850760447428728,0.9777469751294053
BT-v1,0.24125,98.32937499999636,0.0046903643040209,0.011375,0.2325,1.0,1.0,1.0,3.0,0.995244845451407,2.0,28033,BT,-1,0,0.0,1,3.0,1.0,6.0,0.971778803060006,0.5697357870623475,0.3311851593551759,60,28033,1.0,1.0,1.0,0.995244845451407,0.9958075353295268,0.9957768657145554,0.9945484268554089
