cond,source,region,n,dev_bank_deg,dev_load,dev_thr,bank_flip
BT-v1,own,head_on,335,31.801209784079145,0.8092868988391376,0.29134328358208944,0.10746268656716418
BT-v1,own,offensive,2365,32.20379938245635,1.111111111111111,0.3999999999999999,0.0879492600422833
BT-v1,own,defensive,23927,27.054355241007784,1.111111111111111,0.39999999999999997,0.007940819994148869
BT-v1,own,neutral,1406,23.99532445787378,1.111111111111111,0.3999999999999999,0.0
BT-v1,pool,head_on,2482,41.50594396058288,0.8783239323126509,0.3161966156325543,0.15431103948428687
BT-v1,pool,offensive,17071,23.20836597441658,1.111111111111111,0.39999999999999997,0.026184757776345848
BT-v1,pool,defensive,7203,24.255610549258733,1.111111111111111,0.39999999999999997,0.011245314452311536
BT-v1,pool,neutral,13244,14.46218955791624,1.1111111111111107,0.39999999999999997,0.00015101177891875566
BT-v2,own,head_on,1278,8.600319204842762e-17,0.0,0.0,0.0
BT-v2,own,offensive,15626,2.302011135150075e-17,0.0,0.0,0.0
BT-v2,own,defensive,5011,1.3958102285249424e-17,0.0,0.0,0.0
BT-v2,own,neutral,10063,2.879540986059484e-17,0.0,0.0,0.0
BT-v2,pool,head_on,2482,0.0,0.0,0.0,0.0
BT-v2,pool,offensive,17071,0.0,0.0,0.0,0.0
BT-v2,pool,defensive,7203,0.0,0.0,0.0,0.0
BT-v2,pool,neutral,13244,0.0,0.0,0.0,0.0
BT-v3,own,head_on,1650,0.6767768394800507,0.18157575757575767,0.0,0.0018181818181818182
BT-v3,own,offensive,11476,4.654997564581633,0.2795108632508424,0.0,0.014290693621470896
BT-v3,own,defensive,8531,5.651936612016551,0.2908230115005406,0.0,0.02473332551869652
BT-v3,own,neutral,9577,3.8733644011947352,0.26971331778682733,0.0,0.010024015871358464
BT-v3,pool,head_on,2482,0.7497828440877901,0.184349538902319,0.0,0.00040290088638195
BT-v3,pool,offensive,17071,3.30721037039418,0.2674900253190922,0.0,0.003807626969714721
BT-v3,pool,defensive,7203,1.4731981424234133,0.24122510682277457,0.0,0.003331945022907122
BT-v3,pool,neutral,13244,2.399168583762108,0.25306470015772353,0.0,0.0006795530051344004
RL-s0-b0-a1.00,own,head_on,1350,37.68619295757873,0.1703512665510683,0.00040442291122661596,0.1925925925925926
RL-s0-b0-a1.00,own,offensive,15781,3.7434759314977715,0.0054852267228321806,6.261509700960091e-05,0.003358469045054179
RL-s0-b0-a1.00,own,defensive,5158,2.785242603582485,0.001065840232135493,0.0015853607315384206,0.0013571151609150834
RL-s0-b0-a1.00,own,neutral,8811,0.9357261136648962,0.0004297574588188374,6.469420077488545e-06,0.0
RL-s0-b0-a1.00,pool,head_on,2482,41.640516023620975,0.18771928572251279,0.0008024742274481567,0.17929089443996776
RL-s0-b0-a1.00,pool,offensive,17071,5.8918242065256035,0.00641901008862476,2.7868386296907465e-05,0.00263604944057173
RL-s0-b0-a1.00,pool,defensive,7203,3.8834362820937955,0.0007759230555687355,0.0016574124948409371,0.00013883104262113008
RL-s0-b0-a1.00,pool,neutral,13244,2.1039168824036647,0.0004975331044497674,7.171851489457671e-06,7.550588945937783e-05
BTO-s0-b300,own,head_on,1363,9.562672801778987,0.05443058612537703,0.0,0.06089508437270726
BTO-s0-b300,own,offensive,14684,1.4874810243159426,0.017529283573958047,0.0,0.008921274856987196
BTO-s0-b300,own,defensive,6003,5.139367896569758,0.07319673496585041,0.0,0.03698150924537731
BTO-s0-b300,own,neutral,9046,1.3790392500752398,0.020406809639619723,0.0,0.004642936104355516
BTO-s0-b300,pool,head_on,2482,10.52220833740735,0.05554212552600949,0.0,0.055600322320709106
BTO-s0-b300,pool,offensive,17071,1.3034455679840655,0.018657372151602132,0.0,0.0012887352820572901
BTO-s0-b300,pool,defensive,7203,0.7452780594909049,0.011731223101485493,0.0,0.0009718172983479105
BTO-s0-b300,pool,neutral,13244,1.1950564214036008,0.018551797040169134,0.0,0.0003020235578375113
BTO-s1-b300,own,head_on,1843,18.288569167400354,0.19621447998718375,0.0,0.12967986977753662
BTO-s1-b300,own,offensive,15033,1.1587579175065488,0.13297198102640687,0.0,0.008448080888711502
BTO-s1-b300,own,defensive,5678,5.390136213678082,0.18850124039850427,0.0,0.038393800634026067
BTO-s1-b300,own,neutral,10004,1.3189520352430721,0.13618638792320173,0.0,0.005897640943622551
BTO-s1-b300,pool,head_on,2482,19.529942706244178,0.19939058496253204,0.0,0.12933118452860595
BTO-s1-b300,pool,offensive,17071,1.2620130752548688,0.13734515358389537,0.0,0.0016402085408001874
BTO-s1-b300,pool,defensive,7203,0.8720930987986456,0.13105566418797263,0.0,0.0015271414688324309
BTO-s1-b300,pool,neutral,13244,1.2398520234211388,0.1360742862734189,0.0,0.0003775294472968892
BTO-s2-b300,own,head_on,1421,23.476748399143357,0.15779809484192003,0.0036834735047103903,0.17452498240675582
BTO-s2-b300,own,offensive,15363,1.3606909573374106,0.01800720049984397,0.0038080312593320384,0.00995899238429994
BTO-s2-b300,own,defensive,5413,5.069011468491839,0.07203883890856251,0.0036475356870218443,0.04027341585072972
BTO-s2-b300,own,neutral,9120,1.5253679494850747,0.02301110335481259,0.003793167666886113,0.005263157894736842
BTO-s2-b300,pool,head_on,2482,23.588301473959685,0.15040000523537353,0.0036609737934233904,0.16156325543916197
BTO-s2-b300,pool,offensive,17071,1.2036671177969926,0.019757012534936304,0.003802833617870881,0.0014058930349715893
BTO-s2-b300,pool,defensive,7203,0.7802751045557037,0.012765762359822871,0.003823600426560464,0.0011106483409690406
BTO-s2-b300,pool,neutral,13244,1.2015845588697713,0.019140610888366796,0.0038046645772486214,0.0003020235578375113
RL-s0-b300-a1.00,own,head_on,1872,57.13990964173264,0.22853579423959366,6.5105303480408195e-06,0.266025641025641
RL-s0-b300-a1.00,own,offensive,16724,23.99648913218767,0.01672537614636372,4.19039256255851e-06,0.00831140875388663
RL-s0-b300-a1.00,own,defensive,4147,30.19739174178604,0.025603542039123996,4.713827268638274e-06,0.0
RL-s0-b300-a1.00,own,neutral,12544,20.304033124308955,0.0161871809302859,1.8527756988355455e-06,0.0
RL-s0-b300-a1.00,pool,head_on,2482,49.78223984188248,0.19450769266164947,1.0409365104908671e-05,0.2324738114423852
RL-s0-b300-a1.00,pool,offensive,17071,21.605867031552997,0.019439131635431334,6.4380325789729734e-06,0.006326518657372151
RL-s0-b300-a1.00,pool,defensive,7203,25.50140651058343,0.01901152649293223,0.00019444470802032013,0.00041649312786339027
RL-s0-b300-a1.00,pool,neutral,13244,21.271540663013635,0.016284562882341418,2.1558707549917794e-06,0.0
RL-s1-b300-a1.00,own,head_on,3432,48.7370110353138,0.20704848121421132,0.00010794247534051256,0.2537878787878788
RL-s1-b300-a1.00,own,offensive,14981,17.894771866368266,0.0015730842081296589,0.00016946245133107613,0.015085775315399506
RL-s1-b300-a1.00,own,defensive,2634,17.779959575368995,0.0001012863745118471,4.491665510055817e-06,0.0
RL-s1-b300-a1.00,own,neutral,12899,18.34320401241906,7.516619068429369e-05,3.6715791767457583e-06,0.00015505077913016512
RL-s1-b300-a1.00,pool,head_on,2482,50.78552998292948,0.19633687704349057,0.001596361671787424,0.21514907332796132
RL-s1-b300-a1.00,pool,offensive,17071,24.004299605636493,0.005213855853511485,0.000433645383390209,0.009606935738972526
RL-s1-b300-a1.00,pool,defensive,7203,18.761187370404972,0.0006649572199077655,0.0001214684962668422,0.001665972511453561
RL-s1-b300-a1.00,pool,neutral,13244,18.460137680227664,0.00010122353335147213,5.336023185581212e-06,0.0003020235578375113
RL-s2-b300-a1.00,own,head_on,2264,44.839683302741996,0.2401668369582397,0.0026746239776633592,0.2234982332155477
RL-s2-b300-a1.00,own,offensive,12124,19.034818375647255,0.00473321795968191,0.000302350341292347,0.004124051468162322
RL-s2-b300-a1.00,own,defensive,8701,32.70561010800037,0.0005306414508189361,4.429035849940815e-05,0.0
RL-s2-b300-a1.00,own,neutral,11108,27.094293004421484,0.0007029379479989648,0.00013243513353644002,9.002520705797624e-05
RL-s2-b300-a1.00,pool,head_on,2482,46.04398672741177,0.2258741989944691,0.0013660649297084675,0.21796937953263498
RL-s2-b300-a1.00,pool,offensive,17071,31.991738726749944,0.007798697311506371,0.00031315675653177086,0.012360142932458556
RL-s2-b300-a1.00,pool,defensive,7203,26.860305744288354,0.013154356649812234,0.008526341403661057,0.0013883104262113009
RL-s2-b300-a1.00,pool,neutral,13244,46.40160164415824,0.0005399623176698097,0.00010417580311292969,0.013817577771066143
RL-s3-b300-a1.00,own,head_on,3330,41.76699265857866,0.16222248859597657,5.16802842521314e-08,0.1912912912912913
RL-s3-b300-a1.00,own,offensive,14751,17.215280047374517,0.0002969683000157721,5.669241080760205e-08,0.007931665649786455
RL-s3-b300-a1.00,own,defensive,2743,20.97930321598751,0.0003244065308023183,4.917409348730831e-08,0.0
RL-s3-b300-a1.00,own,neutral,13659,20.458535780840933,0.0002720415669859679,5.061321353996061e-08,0.00021963540522732265
RL-s3-b300-a1.00,pool,head_on,2482,52.6577403604213,0.18638043309285068,6.153651531966808e-08,0.21837228041901693
RL-s3-b300-a1.00,pool,offensive,17071,28.55034211523312,0.000382591399428969,8.24183637152561e-08,0.010368461132915471
RL-s3-b300-a1.00,pool,defensive,7203,25.7514057720371,0.0009690288706252277,0.00016737733326158168,0.010689990281827016
RL-s3-b300-a1.00,pool,neutral,13244,25.114002358046857,0.0003292863099778453,6.894463540802858e-08,0.0008305647840531562
RL-s4-b300-a1.00,own,head_on,2171,54.9415225513018,0.2057592054851058,0.00012882535134123478,0.27775218793182865
RL-s4-b300-a1.00,own,offensive,11632,20.0356325625046,0.0059662733955297515,0.00017970165778434738,0.018139614855570838
RL-s4-b300-a1.00,own,defensive,12421,39.828562200646076,0.0029866552152674193,5.80210653383633e-06,0.0
RL-s4-b300-a1.00,own,neutral,9122,25.448165520363276,0.0014549384781426557,2.0883731277049823e-05,0.0
RL-s4-b300-a1.00,pool,head_on,2482,47.656606588657475,0.18331785943569,0.002848052151270883,0.22763900080580177
RL-s4-b300-a1.00,pool,offensive,17071,23.549665742737144,0.008578060861775377,0.0005184604110680398,0.006326518657372151
RL-s4-b300-a1.00,pool,defensive,7203,26.61838855387716,0.004427793656260384,0.00029791806032254437,0.00013883104262113008
RL-s4-b300-a1.00,pool,neutral,13244,27.071995968165478,0.0014255582012984455,2.3760090398489265e-05,0.0
RL-s5-b300-a1.00,own,head_on,2576,46.641402977986175,0.20753272670000716,4.500929178638298e-05,0.2515527950310559
RL-s5-b300-a1.00,own,offensive,13753,15.515154836195144,0.0029098270546963874,1.2523599234258082e-05,0.005380644223078601
RL-s5-b300-a1.00,own,defensive,5798,29.246578855188563,0.0003524685977850084,6.2520988637247905e-06,0.0
RL-s5-b300-a1.00,own,neutral,12519,25.30760776474807,0.0014155491575530673,7.428247258847666e-06,0.0
RL-s5-b300-a1.00,pool,head_on,2482,46.648937197493474,0.16984715620237126,0.0003038047373373621,0.22965350523771152
RL-s5-b300-a1.00,pool,offensive,17071,24.421661382772147,0.004002569475390402,4.324307442982778e-05,0.008611094839200984
RL-s5-b300-a1.00,pool,defensive,7203,27.09168332878872,0.0033395955354862334,0.0008231132521898203,0.00041649312786339027
RL-s5-b300-a1.00,pool,neutral,13244,29.721326771764815,0.0013297749131710049,1.058912440202131e-05,7.550588945937783e-05
RL-s6-b300-a1.00,own,head_on,2558,50.299064687880204,0.19932864175811355,0.0002258902045117488,0.23768569194683348
RL-s6-b300-a1.00,own,offensive,11194,17.212085303553167,0.007733614535426647,0.0001645089196503082,0.00652135072360193
RL-s6-b300-a1.00,own,defensive,11247,39.996593428112774,0.0023717751152990693,0.00011339495949696797,0.0
RL-s6-b300-a1.00,own,neutral,10437,21.688757058223825,0.0014649838163377444,0.0001212395877066946,0.00019162594615310913
RL-s6-b300-a1.00,pool,head_on,2482,49.62469356904513,0.1809075477324918,0.00034079326133944324,0.22723609991941982
RL-s6-b300-a1.00,pool,offensive,17071,30.869759585630202,0.008496486193009845,0.00013011032625728458,0.01294593169703005
RL-s6-b300-a1.00,pool,defensive,7203,36.94061194773114,0.0023528368588299864,0.0001532642468841296,0.001665972511453561
RL-s6-b300-a1.00,pool,neutral,13244,41.03353959344587,0.0021362241026759957,8.959847168127991e-05,0.0024916943521594683
RL-s7-b300-a1.00,own,head_on,1714,57.07093372956686,0.2535221932182301,0.001043292105301917,0.27712952158693116
RL-s7-b300-a1.00,own,offensive,16855,13.200749675528286,0.004255184556206638,0.00014171584655785913,0.0059922871551468405
RL-s7-b300-a1.00,own,defensive,4018,18.111261634342934,0.0013281596083705132,4.5959627750469836e-05,0.0
RL-s7-b300-a1.00,own,neutral,12686,22.99439685462695,0.0003973052810407362,5.340303649158621e-05,0.0
RL-s7-b300-a1.00,pool,head_on,2482,47.281587932744905,0.23265906065301112,0.0022672453218478953,0.20789685737308622
RL-s7-b300-a1.00,pool,offensive,17071,20.485091591387853,0.009560935245220989,0.00023242473467610208,0.00644367641028645
RL-s7-b300-a1.00,pool,defensive,7203,19.067195449836593,0.0047139636957936075,0.0058337951488501814,0.00041649312786339027
RL-s7-b300-a1.00,pool,neutral,13244,28.446197351556876,0.0002759714930877255,6.567165254971903e-05,7.550588945937783e-05
RL-s8-b300-a1.00,own,head_on,1949,45.71107127950061,0.43798039165014613,0.0003540029285865652,0.20933812211390457
RL-s8-b300-a1.00,own,offensive,14183,16.227861068403655,0.0716085542516524,0.00021442935043707582,0.005852076429528308
RL-s8-b300-a1.00,own,defensive,6029,19.030040517912592,0.03362366567278161,1.959898416787407e-05,0.0
RL-s8-b300-a1.00,own,neutral,12401,22.125885355528595,0.010579051382284588,1.4738281871893195e-05,0.0
RL-s8-b300-a1.00,pool,head_on,2482,46.95556449013679,0.35074602561046586,0.0007582432418793885,0.23045930701047543
RL-s8-b300-a1.00,pool,offensive,17071,22.307165163555112,0.06491907729333017,0.0014901296394455768,0.007322359557143694
RL-s8-b300-a1.00,pool,defensive,7203,22.95799971079098,0.026256130110524002,0.019942706914942175,0.0
RL-s8-b300-a1.00,pool,neutral,13244,25.75425016440671,0.008099659612164828,6.86541554211551e-05,0.0
RL-s9-b300-a1.00,own,head_on,2558,44.53110246855841,0.18304593687653797,3.72688327844548e-05,0.21696637998436277
RL-s9-b300-a1.00,own,offensive,15139,17.538996341726154,0.0001880041379331549,4.204353427200747e-05,0.0035008917365744103
RL-s9-b300-a1.00,own,defensive,3925,19.691811365219042,8.805652990315191e-05,3.609820667990206e-05,0.0
RL-s9-b300-a1.00,own,neutral,13476,23.704627165716502,0.0001015272209707023,3.131610568070276e-05,0.0
RL-s9-b300-a1.00,pool,head_on,2482,46.1620467778997,0.18614815442086238,7.842435828012263e-05,0.20588235294117646
RL-s9-b300-a1.00,pool,offensive,17071,24.667060817552603,0.00021429464951498012,4.777362470043552e-05,0.006326518657372151
RL-s9-b300-a1.00,pool,defensive,7203,21.462337104298598,0.0001997893154072285,0.000589718910106623,0.00027766208524226016
RL-s9-b300-a1.00,pool,neutral,13244,29.395744573435945,0.00010128837444077505,3.383796490253911e-05,0.0
RL-s10-b300-a1.00,own,head_on,1357,71.56172251595666,0.6687748658985433,0.00036705242412410913,0.35666912306558585
RL-s10-b300-a1.00,own,offensive,8696,28.911110283597505,0.06314668297235759,3.6489699210568286e-05,0.03173873045078197
RL-s10-b300-a1.00,own,defensive,13286,36.381160267052216,0.011375430632844019,1.0979751186528148e-05,0.0004516031913292187
RL-s10-b300-a1.00,own,neutral,6446,29.255617560824376,0.011649605209193519,8.004856238508515e-06,0.006205398696866274
RL-s10-b300-a1.00,pool,head_on,2482,58.913017434871556,0.7161848974979141,0.0009177713057341984,0.22602739726027396
RL-s10-b300-a1.00,pool,offensive,17071,39.895464938615234,0.08390422589493905,0.0002070888796017783,0.030812489016460665
RL-s10-b300-a1.00,pool,defensive,7203,42.0087609819296,0.05213095236705924,0.00034922780884721785,0.061224489795918366
RL-s10-b300-a1.00,pool,neutral,13244,44.79011278813031,0.004758272066442251,1.057896637905318e-05,0.18589549984898823
RL-s12-b300-a1.00,own,head_on,3382,50.074343522241556,0.4017996187278042,0.012197855627500108,0.23772915434654052
RL-s12-b300-a1.00,own,offensive,13849,14.052653194392786,0.02891167934641312,0.0017734160359005975,0.005776590367535562
RL-s12-b300-a1.00,own,defensive,3842,21.991659101819046,0.014987717162076915,0.00011866491438388184,0.0
RL-s12-b300-a1.00,own,neutral,11510,20.114871270926773,0.0010760659118204338,3.311740549360262e-05,8.688097306689835e-05
RL-s12-b300-a1.00,pool,head_on,2482,51.41783378411636,0.41624316413741463,0.002789491169116038,0.22602739726027396
RL-s12-b300-a1.00,pool,offensive,17071,20.70456398452632,0.04166868227080405,0.000442340231985505,0.009021146974401031
RL-s12-b300-a1.00,pool,defensive,7203,19.882878829265813,0.014178333181169539,0.0037816796410248396,0.001943634596695821
RL-s12-b300-a1.00,pool,neutral,13244,24.33807476373503,0.001525516253994322,3.8656568982815755e-05,0.00015101177891875566
RL-s11-b300-a1.00,own,head_on,2417,43.02590133346675,0.18649218833343661,1.8652963390445896e-06,0.23334712453454695
RL-s11-b300-a1.00,own,offensive,18121,12.774332553459887,0.0006057181056971927,1.5691872941298315e-06,0.008277688869267701
RL-s11-b300-a1.00,own,defensive,1012,15.45446445911092,0.00021418674729425848,1.1679792833238292e-06,0.0
RL-s11-b300-a1.00,own,neutral,12425,15.839592667727343,0.00021646075021743163,9.632898417471689e-07,0.0
RL-s11-b300-a1.00,pool,head_on,2482,45.0828619476544,0.1827014437072217,0.00021694177546167137,0.24294923448831587
RL-s11-b300-a1.00,pool,offensive,17071,17.975061739787755,0.0009233594425564922,6.610528914667267e-05,0.008845410345029583
RL-s11-b300-a1.00,pool,defensive,7203,19.9318866801169,0.0009977027258429203,0.008107125544153767,0.00013883104262113008
RL-s11-b300-a1.00,pool,neutral,13244,16.413216682881245,0.00025462748920097617,2.90368551701505e-05,0.0
RL-s13-b300-a1.00,own,head_on,1667,53.491433867795536,0.47360779384772234,0.003202232892455469,0.23815236952609478
RL-s13-b300-a1.00,own,offensive,11261,29.361408314555735,0.028227524419034675,7.302559989530344e-05,0.01003463280348104
RL-s13-b300-a1.00,own,defensive,11669,37.751595397288554,0.00535241109090705,2.684441391930946e-05,0.0001713942925700574
RL-s13-b300-a1.00,own,neutral,9735,33.15127337299472,0.004497444426745723,3.628608401350995e-06,0.0005136106831022085
RL-s13-b300-a1.00,pool,head_on,2482,56.04990477269422,0.4034427497578149,0.0006163224716666483,0.20265914585012088
RL-s13-b300-a1.00,pool,offensive,17071,51.505446872483105,0.05997614934118379,0.0001029183683456776,0.061800714662292776
RL-s13-b300-a1.00,pool,defensive,7203,49.45246336614095,0.013579486840038481,0.004327994327511835,0.07788421491045398
RL-s13-b300-a1.00,pool,neutral,13244,44.49522425396127,0.009717897269460405,5.772988387556469e-06,0.02363334340078526
RL-s14-b300-a1.00,own,head_on,2024,57.468301130332605,0.4465740174747468,0.0003173646552776481,0.2875494071146245
RL-s14-b300-a1.00,own,offensive,11622,13.180100839410258,0.11477013627748385,0.0002344706806151366,0.018069179143004648
RL-s14-b300-a1.00,own,defensive,9140,5.278098588232981,0.049026158169110934,2.4223829360385024e-05,0.0002188183807439825
RL-s14-b300-a1.00,own,neutral,8247,10.228339020168526,0.0030193945951919572,2.305120092191809e-05,0.003395174002667637
RL-s14-b300-a1.00,pool,head_on,2482,57.058605155735385,0.6179161548303651,0.0023876202190025774,0.23045930701047543
RL-s14-b300-a1.00,pool,offensive,17071,34.06774147984388,0.2044699420928193,0.00016210704596619543,0.012828773944115753
RL-s14-b300-a1.00,pool,defensive,7203,31.28805211191644,0.022723794614207333,0.0014053614569947302,0.0049979175343606835
RL-s14-b300-a1.00,pool,neutral,13244,31.787186408994323,0.0038022146849247145,2.562479016568067e-05,0.01917849592268197
RL-s15-b300-a1.00,own,head_on,2729,49.164350201012375,0.2272506964213209,5.641251343218537e-05,0.25540491022352513
RL-s15-b300-a1.00,own,offensive,14161,15.769384678108212,0.00016066620020729205,7.68621788870456e-06,0.005437469105289174
RL-s15-b300-a1.00,own,defensive,5360,26.044297870367892,8.968614035770802e-05,8.826501687304183e-07,0.0
RL-s15-b300-a1.00,own,neutral,12159,22.393043146905278,7.171853755287632e-05,1.3100322006840196e-06,0.0
RL-s15-b300-a1.00,pool,head_on,2482,51.629097677797404,0.18434716525745037,0.0019098104704748113,0.21676067687348913
RL-s15-b300-a1.00,pool,offensive,17071,21.528984391680076,0.0003251533745707861,3.142438642730071e-05,0.006092203151543554
RL-s15-b300-a1.00,pool,defensive,7203,22.53414260740993,0.00024038241630233554,6.353813363241163e-05,0.00041649312786339027
RL-s15-b300-a1.00,pool,neutral,13244,27.29780451813303,0.00012635964378942313,1.1128314202025e-06,7.550588945937783e-05
RL-s16-b300-a1.00,own,head_on,1518,53.28816591027168,0.5594339582027107,0.00035624969258334365,0.2206851119894598
RL-s16-b300-a1.00,own,offensive,15153,15.834653268984326,0.0573669106384751,3.739619232071559e-05,0.013528674189929387
RL-s16-b300-a1.00,own,defensive,8219,32.827867577273516,0.004380463108025545,7.676434523923235e-06,0.0002433386056697895
RL-s16-b300-a1.00,own,neutral,10129,17.189593874740197,0.012059685357048896,8.548547200429166e-06,0.0014808964359759107
RL-s16-b300-a1.00,pool,head_on,2482,47.67433172638895,0.32792553361658006,0.0003007451308712805,0.22522159548751008
RL-s16-b300-a1.00,pool,offensive,17071,29.466663723129717,0.04372498771937602,7.780121769344161e-05,0.008201042704000938
RL-s16-b300-a1.00,pool,defensive,7203,36.31781328951284,0.029566979787547847,0.0010441896886086805,0.0013883104262113009
RL-s16-b300-a1.00,pool,neutral,13244,34.9923241597264,0.008038776794845857,1.4721449641524187e-05,0.0
RL-s17-b300-a1.00,own,head_on,2662,50.09481153259079,0.23090724700975887,4.478392053152206e-06,0.270473328324568
RL-s17-b300-a1.00,own,offensive,11911,15.234123035558454,0.0006832732826357105,8.085744246832062e-06,0.005373184451347494
RL-s17-b300-a1.00,own,defensive,8094,26.214499699392743,0.0002474846513945913,1.2105614429295025e-05,0.0
RL-s17-b300-a1.00,own,neutral,11329,25.560476046845213,0.00017401510845594715,4.464359139901902e-06,0.0
RL-s17-b300-a1.00,pool,head_on,2482,54.45132731271758,0.1811526590753427,2.4050145651601767e-05,0.21877518130539886
RL-s17-b300-a1.00,pool,offensive,17071,38.95584093009566,0.0017401147330898317,2.222835748307623e-05,0.014937613496573136
RL-s17-b300-a1.00,pool,defensive,7203,32.39777407399998,0.0016148674157868271,0.00585255217140133,0.0006941552131056504
RL-s17-b300-a1.00,pool,neutral,13244,43.900011889553504,0.00023004071175968392,5.367814845190967e-06,7.550588945937783e-05
RL-s18-b300-a1.00,own,head_on,1828,74.48528198923461,0.31029569067132734,4.8526177688993154e-05,0.38183807439824946
RL-s18-b300-a1.00,own,offensive,10242,25.162200331494144,0.002512556897008323,2.5701081634513863e-05,0.033391915641476276
RL-s18-b300-a1.00,own,defensive,12446,26.612796091787548,0.00022574802421422268,3.729772635956604e-06,0.0029728426803792385
RL-s18-b300-a1.00,own,neutral,9731,25.92152369766154,0.0004916938701800457,8.11092766384194e-06,0.05826739286815332
RL-s18-b300-a1.00,pool,head_on,2482,73.75507494485815,0.21951350754945684,0.0025557848757255326,0.40128928283642223
RL-s18-b300-a1.00,pool,offensive,17071,82.8250028865624,0.010785711801212189,0.00043540899956465894,0.4290902700486205
RL-s18-b300-a1.00,pool,defensive,7203,57.44045102032487,0.014106065673521753,0.0032564593356285264,0.2371234207968902
RL-s18-b300-a1.00,pool,neutral,13244,90.99712972536253,0.00039648343062617707,6.0886090376317156e-06,0.4669284204167925
RL-s19-b300-a1.00,own,head_on,1669,57.074281122083605,0.24298487251049153,0.00020162536526499583,0.29119233073696826
RL-s19-b300-a1.00,own,offensive,17105,19.908496266079382,0.007774668666720156,0.0003306168800245078,0.008477053493130663
RL-s19-b300-a1.00,own,defensive,2974,19.922473109659926,0.0072180575810918465,0.000490051210260911,0.0
RL-s19-b300-a1.00,own,neutral,13398,19.89000791816701,0.007205312669076661,0.0002064859748605827,0.0
RL-s19-b300-a1.00,pool,head_on,2482,49.20693191995062,0.19085604042590054,0.00015799448602053253,0.23005640612409348
RL-s19-b300-a1.00,pool,offensive,17071,26.674068420051377,0.0077142451316899365,0.00020811154929434203,0.0072637806806865445
RL-s19-b300-a1.00,pool,defensive,7203,19.55440080654536,0.009000588112926812,0.008340445322158187,0.001665972511453561
RL-s19-b300-a1.00,pool,neutral,13244,23.79763887805107,0.006815247155080814,0.000188339321793885,0.0
HYB-s0-b300-a0.50,own,head_on,1637,28.98766938168028,0.11545680304291418,3.087819559775168e-06,0.0
HYB-s0-b300-a0.50,own,offensive,16607,12.131917056116583,0.010824990072590853,1.5922085702632931e-06,0.0
HYB-s0-b300-a0.50,own,defensive,2024,12.262545698929639,0.010764248530060153,5.772150817529756e-06,0.0
HYB-s0-b300-a0.50,own,neutral,11811,10.299199609368062,0.00930459466630147,9.439958014511914e-07,0.0
HYB-s0-b300-a0.50,pool,head_on,2482,24.224522983444917,0.09820490776859875,5.368781366753687e-06,0.0
HYB-s0-b300-a0.50,pool,offensive,17071,10.776809690436815,0.011179993265820061,2.953065759602332e-06,0.0
HYB-s0-b300-a0.50,pool,defensive,7203,12.77961168579707,0.009749725338953819,0.00011123515292233875,0.0
HYB-s0-b300-a0.50,pool,neutral,13244,10.82970617121236,0.008439349339880482,1.1084449875805012e-06,0.0
HYB-s1-b300-a0.50,own,head_on,2297,27.01397058425057,0.09603626862697048,0.000821354329229869,0.0
HYB-s1-b300-a0.50,own,offensive,14249,11.266110839074857,0.0016165224576636212,4.814481300637285e-05,0.0
HYB-s1-b300-a0.50,own,defensive,2807,11.95251330904593,0.0005872675434860512,0.00030787359241607075,0.0
HYB-s1-b300-a0.50,own,neutral,11328,9.22179522191779,5.045598775376106e-05,2.880506963871413e-06,0.0
HYB-s1-b300-a0.50,pool,head_on,2482,25.65589127995487,0.11830340341475429,0.0024801861841915167,0.0
HYB-s1-b300-a0.50,pool,offensive,17071,11.738204020364298,0.0068893424216404904,0.0004961302779063646,0.0
HYB-s1-b300-a0.50,pool,defensive,7203,9.088258146526144,0.0004982169721959123,9.548053202965381e-05,0.0
HYB-s1-b300-a0.50,pool,neutral,13244,8.448176233087482,5.663374960823991e-05,2.9095094377531047e-06,0.0
HYB-s2-b300-a0.50,own,head_on,1975,24.297608417284813,0.09835196779286089,0.0010753723451726101,0.0
HYB-s2-b300-a0.50,own,offensive,12141,14.874695832007534,0.003191301461047863,0.00019054361321761966,0.0
HYB-s2-b300-a0.50,own,defensive,4572,23.14218056588273,0.00029034015125137936,2.9275204555233388e-05,0.0
HYB-s2-b300-a0.50,own,neutral,10033,20.635975257645807,0.000227255597193107,4.519693416523742e-05,0.0
HYB-s2-b300-a0.50,pool,head_on,2482,23.17799647169476,0.1051484655655116,0.0007041123933254343,0.0
HYB-s2-b300-a0.50,pool,offensive,17071,16.158229838100482,0.0033636298546360047,0.00016504909445993682,0.0
HYB-s2-b300-a0.50,pool,defensive,7203,13.438119965453946,0.00731327905230887,0.004496539739447018,0.0
HYB-s2-b300-a0.50,pool,neutral,13244,22.059608864861104,0.00027857666386873337,5.264029348658843e-05,0.0
HYB-s3-b300-a0.50,own,head_on,2186,20.44978332003433,0.08470288064553341,4.247805840325921e-08,0.0
HYB-s3-b300-a0.50,own,offensive,13544,7.609711455091778,0.00018954348742158635,3.299305169892331e-08,0.0
HYB-s3-b300-a0.50,own,defensive,3668,10.790067775232963,0.00024414419793619035,7.816636217196885e-07,0.0
HYB-s3-b300-a0.50,own,neutral,11376,9.710189439238755,0.0001965298346570157,3.572699587777471e-08,0.0
HYB-s3-b300-a0.50,pool,head_on,2482,24.29735826849102,0.09319465542852214,3.5226761340954003e-08,0.0
HYB-s3-b300-a0.50,pool,offensive,17071,10.166701992933383,0.0002020441430548771,5.121929957441984e-08,0.0
HYB-s3-b300-a0.50,pool,defensive,7203,10.712707746906528,0.0005143356075782193,0.00010027316631162743,0.0
HYB-s3-b300-a0.50,pool,neutral,13244,8.737360202492855,0.00016567904905565015,3.6356379422202285e-08,0.0
HYB-s4-b300-a0.50,own,head_on,2102,22.081651658267095,0.086929282482276,0.0007729706493562294,0.0
HYB-s4-b300-a0.50,own,offensive,14173,11.700168850730497,0.003658757827478495,0.00043069431138061787,0.0
HYB-s4-b300-a0.50,own,defensive,3612,16.790381174032003,0.0012785996923192215,1.1577450535223257e-05,0.0
HYB-s4-b300-a0.50,own,neutral,11136,13.73681565380309,0.0005773261122459178,1.1217068145159852e-05,0.0
HYB-s4-b300-a0.50,pool,head_on,2482,23.488561985858844,0.0940736510157379,0.0020941027767518794,0.0
HYB-s4-b300-a0.50,pool,offensive,17071,11.629007689557357,0.005139380543907483,0.00034216082930784965,0.0
HYB-s4-b300-a0.50,pool,defensive,7203,13.350699449831454,0.0021060971773872272,0.00016095426239935492,0.0
HYB-s4-b300-a0.50,pool,neutral,13244,13.377667441858915,0.0007230135543889216,1.2595125742272318e-05,0.0
HYB-s5-b300-a0.50,own,head_on,2282,21.34269020967024,0.07626055157017365,8.954348486047374e-05,0.0
HYB-s5-b300-a0.50,own,offensive,14050,10.92233101725425,0.0016892758835119622,1.515494962233956e-05,0.0
HYB-s5-b300-a0.50,own,defensive,2921,14.362820989167242,0.0009631429478324274,1.9191737843131523e-05,0.0
HYB-s5-b300-a0.50,own,neutral,10940,15.07745818475864,0.0006098967760847552,3.1580501969970235e-06,0.0
HYB-s5-b300-a0.50,pool,head_on,2482,23.675794060333796,0.0841024171431548,0.00010868105645571833,0.0
HYB-s5-b300-a0.50,pool,offensive,17071,13.315901448287178,0.0019459671445005173,2.0552642942637768e-05,0.0
HYB-s5-b300-a0.50,pool,defensive,7203,13.549859970543018,0.0015764725425482392,0.00041823436454149835,0.0
HYB-s5-b300-a0.50,pool,neutral,13244,15.110731150604437,0.0006178368984202403,5.042097031725337e-06,0.0
HYB-s6-b300-a0.50,own,head_on,2293,24.50665873465231,0.07647253523218799,0.00022596807071872623,0.0
HYB-s6-b300-a0.50,own,offensive,12972,13.820057506659168,0.0045237615961435974,7.725809373853925e-05,0.0
HYB-s6-b300-a0.50,own,defensive,6638,25.210242112884245,0.0009751864062889482,3.474373559059998e-05,0.0
HYB-s6-b300-a0.50,own,neutral,11241,17.688391915464187,0.0009062376209180467,4.8394392231914595e-05,0.0
HYB-s6-b300-a0.50,pool,head_on,2482,24.611445432001506,0.0911729269923724,0.00020892571410933503,0.0
HYB-s6-b300-a0.50,pool,offensive,17071,13.993864250848931,0.005040926135893048,6.912601815083213e-05,0.0
HYB-s6-b300-a0.50,pool,defensive,7203,17.775293963013254,0.00121012417773719,8.640432250067376e-05,0.0
HYB-s6-b300-a0.50,pool,neutral,13244,19.79584644662507,0.0010509059034652095,4.4918614006075014e-05,0.0
HYB-s7-b300-a0.50,own,head_on,2201,22.558778294830713,0.11901249372151233,0.0010279003506265413,0.0
HYB-s7-b300-a0.50,own,offensive,15450,8.025790182491399,0.006456539385579063,0.00011354067663992371,0.0
HYB-s7-b300-a0.50,own,defensive,3216,9.282378829480846,0.004227692274083523,0.0014475406745705843,0.0
HYB-s7-b300-a0.50,own,neutral,12317,13.420961718932904,0.00013970857860701793,2.8816632251874576e-05,0.0
HYB-s7-b300-a0.50,pool,head_on,2482,24.029979305768894,0.1289623184963974,0.0017616801060002377,0.0
HYB-s7-b300-a0.50,pool,offensive,17071,10.842947341647465,0.005630796697895117,0.00014350588203438313,0.0
HYB-s7-b300-a0.50,pool,defensive,7203,10.046590981759962,0.002922830149593444,0.003090786249056624,0.0
HYB-s7-b300-a0.50,pool,neutral,13244,14.88025522303521,0.00013921648136726991,3.399692437089339e-05,0.0
HYB-s8-b300-a0.50,own,head_on,1735,22.37955006500717,0.19808943852281335,9.030738332188851e-05,0.0
HYB-s8-b300-a0.50,own,offensive,15287,10.764530021866811,0.032110788485531026,0.00039813335118967235,0.0
HYB-s8-b300-a0.50,own,defensive,4449,12.95017132250624,0.01610673332028669,0.0004278440390980055,0.0
HYB-s8-b300-a0.50,own,neutral,10655,12.781722222885179,0.003558412794685364,6.121884534694692e-06,0.0
HYB-s8-b300-a0.50,pool,head_on,2482,23.451524046835594,0.16647061088622828,0.00023655454227463376,0.0
HYB-s8-b300-a0.50,pool,offensive,17071,11.787563805680659,0.03147069268397427,0.0006219928228986057,0.0
HYB-s8-b300-a0.50,pool,defensive,7203,11.62079533568854,0.013057483948734122,0.009968354169047108,0.0
HYB-s8-b300-a0.50,pool,neutral,13244,12.624309970346793,0.004378480114118389,3.548814032759714e-05,0.0
HYB-s9-b300-a0.50,own,head_on,2617,21.447171519215956,0.08164003186238171,4.270672745386489e-05,0.0
HYB-s9-b300-a0.50,own,offensive,13093,9.459985144474814,0.00011204842977620408,2.3088283806779598e-05,0.0
HYB-s9-b300-a0.50,own,defensive,2008,11.751963589226314,5.408150694658097e-05,1.690920677578794e-05,0.0
HYB-s9-b300-a0.50,own,neutral,11178,13.231601253146481,5.871257351643668e-05,1.5569605387631443e-05,0.0
HYB-s9-b300-a0.50,pool,head_on,2482,22.959336664012927,0.09305097203655459,4.410358470849141e-05,0.0
HYB-s9-b300-a0.50,pool,offensive,17071,11.775874966939517,0.00010397687065489678,2.4840886086134814e-05,0.0
HYB-s9-b300-a0.50,pool,defensive,7203,10.499054565072205,9.850669474960906e-05,0.00028937312846730114,0.0
HYB-s9-b300-a0.50,pool,neutral,13244,14.484264945503574,5.118153387936938e-05,1.7307382496243736e-05,0.0
HYB-s10-b300-a0.50,own,head_on,1820,32.195845682337044,0.32738287678037126,0.00026560854966059717,0.0
HYB-s10-b300-a0.50,own,offensive,14079,14.97385852443409,0.030037953193841446,6.934993823269099e-05,0.0
HYB-s10-b300-a0.50,own,defensive,4519,24.945226951444866,0.002965954148384256,2.521069367763457e-06,0.0
HYB-s10-b300-a0.50,own,neutral,10278,22.334792070602305,0.0024561702785711997,1.912761355839795e-06,0.0
HYB-s10-b300-a0.50,pool,head_on,2482,29.254915015384142,0.32292016824402336,0.00040221405400209064,0.0
HYB-s10-b300-a0.50,pool,offensive,17071,18.38472706884766,0.032046564619131336,7.401632872993415e-05,0.0
HYB-s10-b300-a0.50,pool,defensive,7203,19.884227447368133,0.025126871497902728,0.0001909774251742899,0.0
HYB-s10-b300-a0.50,pool,neutral,13244,23.86371620762139,0.0023673847012644126,4.774269928821241e-06,0.0
HYB-s11-b300-a0.50,own,head_on,1562,28.176824234707627,0.11817081916021555,7.695899686240454e-05,0.0
HYB-s11-b300-a0.50,own,offensive,16085,8.585783882231496,0.00039390748341321016,1.3865843909218228e-05,0.0
HYB-s11-b300-a0.50,own,defensive,1516,8.966719218429933,0.00015592750294082802,4.3529516062446744e-06,0.0
HYB-s11-b300-a0.50,own,neutral,10356,6.205609226010329,0.00014625992352058654,9.22305556762587e-07,0.0
HYB-s11-b300-a0.50,pool,head_on,2482,22.698443585995744,0.09134651509235307,8.475049485739795e-05,0.0
HYB-s11-b300-a0.50,pool,offensive,17071,8.917663935462965,0.0007381265031141797,2.48558766559765e-05,0.0
HYB-s11-b300-a0.50,pool,defensive,7203,9.35128897821144,0.0005003593342885879,0.002836666531814422,0.0
HYB-s11-b300-a0.50,pool,neutral,13244,7.718190916378377,0.00014144984781974847,1.2958221156280226e-05,0.0
HYB-s12-b300-a0.50,own,head_on,2379,27.24814806986429,0.1884692873699397,0.0011127974264723102,0.0
HYB-s12-b300-a0.50,own,offensive,15306,9.064913056402043,0.016397560922507527,0.0002559406782519861,0.0
HYB-s12-b300-a0.50,own,defensive,3148,12.014724537275585,0.005194412159208115,0.00017489406344267875,0.0
HYB-s12-b300-a0.50,own,neutral,11451,12.292021258381464,0.0006265163457751942,1.910870352102235e-05,0.0
HYB-s12-b300-a0.50,pool,head_on,2482,26.136177961597664,0.17471254262019492,0.001142146779874089,0.0
HYB-s12-b300-a0.50,pool,offensive,17071,10.469599450955746,0.016576929806130587,0.0001785692438505719,0.0
HYB-s12-b300-a0.50,pool,defensive,7203,9.94088198446545,0.005064641690798375,0.0017656447988717327,0.0
HYB-s12-b300-a0.50,pool,neutral,13244,12.499138089967941,0.0007007432503396429,1.969617551427208e-05,0.0
HYB-s13-b300-a0.50,own,head_on,1813,26.382637646217137,0.2285036346030271,0.0006170019916570658,0.0
HYB-s13-b300-a0.50,own,offensive,14644,21.265441341380978,0.019499685812874416,2.870429787539509e-05,0.0
HYB-s13-b300-a0.50,own,defensive,4401,26.26097790566745,0.004866096158420393,6.052784969034265e-06,0.0
HYB-s13-b300-a0.50,own,neutral,11584,20.148228045777337,0.0039787046069908434,1.349379693770798e-06,0.0
HYB-s13-b300-a0.50,pool,head_on,2482,28.379233848500167,0.21465530773691446,0.00036779681501305573,0.0
HYB-s13-b300-a0.50,pool,offensive,17071,26.645675938499146,0.030943342541804277,6.949132752902151e-05,0.0
HYB-s13-b300-a0.50,pool,defensive,7203,24.976576803419388,0.006942470862837133,0.0029042292462503443,0.0
HYB-s13-b300-a0.50,pool,neutral,13244,23.075184023080382,0.0046154286459820235,3.519061883805557e-06,0.0
HYB-s14-b300-a0.50,own,head_on,1724,26.186362596428967,0.2539385609650776,0.0003957587495823977,0.0
HYB-s14-b300-a0.50,own,offensive,14601,6.497769796826227,0.09203507889846642,2.3205706380078452e-05,0.0
HYB-s14-b300-a0.50,own,defensive,4611,5.59902905288853,0.0138436135616606,1.7634396952423213e-05,0.0
HYB-s14-b300-a0.50,own,neutral,11689,7.8537543356221295,0.0019260923525231022,1.2431746453200852e-05,0.0
HYB-s14-b300-a0.50,pool,head_on,2482,26.918973745146413,0.28122784022009434,0.0006837584580211527,0.0
HYB-s14-b300-a0.50,pool,offensive,17071,16.409711565252774,0.07759510622674726,4.8454117944400944e-05,0.0
HYB-s14-b300-a0.50,pool,defensive,7203,15.610337378924228,0.009015399583674257,0.0008035966487410712,0.0
HYB-s14-b300-a0.50,pool,neutral,13244,16.43428503955829,0.0016411183155318598,1.308480341728331e-05,0.0
HYB-s15-b300-a0.50,own,head_on,2791,24.017376561456448,0.08925780586807157,0.0005117668323862221,0.0
HYB-s15-b300-a0.50,own,offensive,14564,8.290361994731182,7.218163692340592e-05,1.2892315149206508e-05,0.0
HYB-s15-b300-a0.50,own,defensive,2577,11.397515147344956,4.8132046098196725e-05,4.01658653298535e-06,0.0
HYB-s15-b300-a0.50,own,neutral,12232,13.1150625228832,5.255911240512555e-05,5.214577922744693e-07,0.0
HYB-s15-b300-a0.50,pool,head_on,2482,26.003471416605926,0.09267794725374975,0.0006237927196572024,0.0
HYB-s15-b300-a0.50,pool,offensive,17071,10.038615144069393,0.00010394051099881174,1.1486105639599773e-05,0.0
HYB-s15-b300-a0.50,pool,defensive,7203,10.365933716949248,0.00011485243400182121,3.450182534081352e-05,0.0
HYB-s15-b300-a0.50,pool,neutral,13244,13.161733336159873,5.688546187025365e-05,5.298754559985287e-07,0.0
HYB-s16-b300-a0.50,own,head_on,1894,24.469091037591546,0.16645066777362413,7.055169064953493e-05,0.0
HYB-s16-b300-a0.50,own,offensive,15302,11.648828222395604,0.023268674514550256,1.5550283923728822e-05,0.0
HYB-s16-b300-a0.50,own,defensive,3293,17.076414767286114,0.005997175443501619,4.051619478105769e-05,0.0
HYB-s16-b300-a0.50,own,neutral,11522,18.54842643678874,0.004377755278919527,2.6567985009564313e-06,0.0
HYB-s16-b300-a0.50,pool,head_on,2482,23.51183837496427,0.1568940614876725,8.783126143008797e-05,0.0
HYB-s16-b300-a0.50,pool,offensive,17071,13.972001714985678,0.0228710174522641,2.5717196165829543e-05,0.0
HYB-s16-b300-a0.50,pool,defensive,7203,17.6364545991948,0.013274358076768225,0.0003987259138031914,0.0
HYB-s16-b300-a0.50,pool,neutral,13244,17.53354255042996,0.004276021263422045,6.037109128362079e-06,0.0
HYB-s17-b300-a0.50,own,head_on,2512,24.763703733063995,0.09118013934337285,8.658547763382584e-06,0.0
HYB-s17-b300-a0.50,own,offensive,13768,10.47285805481824,0.001240064554586948,1.453541823879749e-05,0.0
HYB-s17-b300-a0.50,own,defensive,3570,15.163545057890703,0.00014272666382846865,3.719213385208823e-06,0.0
HYB-s17-b300-a0.50,own,neutral,12306,17.11468467532936,8.70978112380186e-05,2.02690475136611e-06,0.0
HYB-s17-b300-a0.50,pool,head_on,2482,27.147397043492262,0.08891548555596422,1.4677431358374669e-05,0.0
HYB-s17-b300-a0.50,pool,offensive,17071,18.5186953711225,0.0011622697366752797,1.1902586148539662e-05,0.0
HYB-s17-b300-a0.50,pool,defensive,7203,15.186217181621604,0.0009638908878848275,0.003796934779466368,0.0
HYB-s17-b300-a0.50,pool,neutral,13244,20.362797212845962,0.00013479623745170632,3.1427438619401623e-06,0.0
HYB-s18-b300-a0.50,own,head_on,1332,32.89398279055886,0.12913301184526974,0.0007564708436195133,0.0
HYB-s18-b300-a0.50,own,offensive,10277,22.640666436386642,0.004084833091952335,0.00021035053134265042,0.0
HYB-s18-b300-a0.50,own,defensive,11568,24.04356934665511,0.0015028613107339515,0.00017541745488963895,0.0
HYB-s18-b300-a0.50,own,neutral,8599,24.236499366109125,0.00019362726806073524,1.255212159938739e-06,0.0
HYB-s18-b300-a0.50,pool,head_on,2482,33.92085280556748,0.10450814761147816,0.001002345968957426,0.0
HYB-s18-b300-a0.50,pool,offensive,17071,40.531913775970644,0.004641095712957127,0.00015154938099208031,0.0
HYB-s18-b300-a0.50,pool,defensive,7203,28.6074031291969,0.006308398785152575,0.0016791703520188481,0.0
HYB-s18-b300-a0.50,pool,neutral,13244,47.54097853776328,0.00020134119068398006,2.721695543384543e-06,0.0
HYB-s19-b300-a0.50,own,head_on,1887,23.38962373214179,0.0965951425982036,0.00010582672314652955,0.0
HYB-s19-b300-a0.50,own,offensive,15440,10.604398422920312,0.004155201501776187,0.0001114878034141885,0.0
HYB-s19-b300-a0.50,own,defensive,3496,12.737380509947544,0.004461804182835546,0.0012286226311969816,0.0
HYB-s19-b300-a0.50,own,neutral,12603,11.669816200181605,0.0037019915281957605,0.00010148223568222522,0.0
HYB-s19-b300-a0.50,pool,head_on,2482,23.684726211113798,0.09593874495964425,9.293360138563754e-05,0.0
HYB-s19-b300-a0.50,pool,offensive,17071,12.455166687838478,0.004416956097616501,0.00011033965730839356,0.0
HYB-s19-b300-a0.50,pool,defensive,7203,9.43240294265829,0.004895469983688881,0.004378667028699585,0.0
HYB-s19-b300-a0.50,pool,neutral,13244,11.384925881687783,0.0035543881605045145,9.638941378406132e-05,0.0
SHD-s0-b300,own,head_on,1364,25.9464853179178,0.05276349939985723,3.7116371926552727e-06,0.06744868035190615
SHD-s0-b300,own,offensive,13481,24.24433013517949,0.038347501486055216,4.712059278523468e-06,0.010755878644017506
SHD-s0-b300,own,defensive,8093,29.634858373944148,0.026054658273000107,4.937959240440813e-06,0.0
SHD-s0-b300,own,neutral,10373,20.73903623066388,0.02207583246213289,1.8300711597132557e-06,0.0
SHD-s0-b300,pool,head_on,2482,20.382242976549122,0.05092549200172576,6.82018945146929e-06,0.030217566478646252
SHD-s0-b300,pool,offensive,17071,24.125621378056096,0.08167636245876367,6.348231677210934e-06,0.009724093491886826
SHD-s0-b300,pool,defensive,7203,26.683587653539394,0.06198552444975255,0.00019441805255071448,0.003748438150770512
SHD-s0-b300,pool,neutral,13244,23.160408724230425,0.059216295067035775,2.1104988546100897e-06,0.0006795530051344004
SHD-s1-b300,own,head_on,2085,24.907501952453526,0.04546585827465314,0.0002460692675140622,0.06666666666666667
SHD-s1-b300,own,offensive,11527,20.370144650224162,0.06123073265476263,0.001147710087537611,0.013446690379109916
SHD-s1-b300,own,defensive,7326,22.69737236606131,0.10938215418799792,7.659538591819906e-05,0.0075075075075075074
SHD-s1-b300,own,neutral,10384,16.50779026442257,0.03134752401061241,5.477526827583396e-06,0.0003852080123266564
SHD-s1-b300,pool,head_on,2482,24.933742069778823,0.052296229810099765,0.0008410328724872227,0.035052377115229655
SHD-s1-b300,pool,offensive,17071,26.08128980754475,0.06868871159759489,0.0004331427097254528,0.012301564056001406
SHD-s1-b300,pool,defensive,7203,19.894546051697546,0.045740848182772305,0.00012134246093154005,0.004859086491739553
SHD-s1-b300,pool,neutral,13244,20.236863113727228,0.04385537263962271,5.19227148568485e-06,0.000906070673512534
SHD-s2-b300,own,head_on,1988,13.905030880450768,0.1187137813841594,0.000567113959381058,0.03169014084507042
SHD-s2-b300,own,offensive,11145,16.953665234706072,0.017307442050372542,0.00035224201100437716,0.0043965903992821895
SHD-s2-b300,own,defensive,9653,29.57435871342666,0.0029823933220353605,7.2280442417796e-05,0.0
SHD-s2-b300,own,neutral,10696,24.960319224711643,0.009954345859081268,0.00013864663753108413,0.0
SHD-s2-b300,pool,head_on,2482,18.82385450909381,0.11581213948229255,0.0005940890413940353,0.024174053182917002
SHD-s2-b300,pool,offensive,17071,33.35385037442337,0.07081766635501532,0.0003068473632492155,0.014527561361373089
SHD-s2-b300,pool,defensive,7203,27.50499515436581,0.05797135245506921,0.00852431206799271,0.004581424406497293
SHD-s2-b300,pool,neutral,13244,47.13794045600487,0.04427567039606162,0.00010168834229241542,0.014044095439444277
SHD-s3-b300,own,head_on,1810,19.06813621046762,0.03002233735447894,3.2905740272924193e-08,0.03535911602209945
SHD-s3-b300,own,offensive,12840,16.985704081849985,0.013773967544174797,7.84960842003266e-08,0.008255451713395638
SHD-s3-b300,own,defensive,5638,19.58126873803013,0.0025615846948669773,5.872573838454093e-08,0.0
SHD-s3-b300,own,neutral,11907,21.302457718578893,0.008716398511215135,6.023622735101556e-08,0.0
SHD-s3-b300,pool,head_on,2482,26.254346925997314,0.029798038497086846,4.332761741674426e-08,0.035455278001611606
SHD-s3-b300,pool,offensive,17071,30.224435269722278,0.06399046983489033,7.982522121152413e-08,0.0130045105734872
SHD-s3-b300,pool,defensive,7203,26.4656206868059,0.04600467899932497,0.00016737639393655794,0.013744273219491879
SHD-s3-b300,pool,neutral,13244,26.66544791987473,0.044072885232488986,6.717639857081567e-08,0.0014346118997281788
SHD-s4-b300,own,head_on,1665,21.805169584382472,0.06921037112959674,9.602885845623188e-05,0.05525525525525526
SHD-s4-b300,own,offensive,8536,17.990222955117197,0.053294227567145566,0.0007469021899281366,0.018978444236176194
SHD-s4-b300,own,defensive,13813,39.228238087479724,0.00632862910589077,7.617156648436669e-06,0.0
SHD-s4-b300,own,neutral,7053,21.7834915414695,0.0163738614920514,2.347616491446988e-05,0.0
SHD-s4-b300,pool,head_on,2482,19.962672305220575,0.07470686188650592,0.0016676266425523856,0.031426269137792104
SHD-s4-b300,pool,offensive,17071,25.783957469448872,0.07166841773254258,0.000517227237556941,0.009724093491886826
SHD-s4-b300,pool,defensive,7203,27.636640511508,0.04927219722094127,0.000297496517494629,0.003470776065528252
SHD-s4-b300,pool,neutral,13244,28.643888683972335,0.04511507276529799,2.3219859819367932e-05,0.0006795530051344004
SHD-s5-b300,own,head_on,2355,12.530095798505377,0.04188152887111305,6.38220947542394e-05,0.020806794055201697
SHD-s5-b300,own,offensive,11701,12.772622506491755,0.016690430216954433,1.5886520711815575e-05,0.007520724724382532
SHD-s5-b300,own,defensive,6174,25.143911787964544,0.005018593212518593,8.085587548729667e-06,0.0
SHD-s5-b300,own,neutral,11467,20.3664337633919,0.010431634962430348,8.516286002777298e-06,0.0
SHD-s5-b300,pool,head_on,2482,17.861450106286508,0.05827700267635803,0.0001217869888661978,0.028203062046736505
SHD-s5-b300,pool,offensive,17071,26.33776334037815,0.06732016440999247,4.298384059239542e-05,0.01154003866205846
SHD-s5-b300,pool,defensive,7203,28.03675914454773,0.0482463764493729,0.0008229711363901425,0.003609607108149382
SHD-s5-b300,pool,neutral,13244,31.14997856639779,0.045028286806363046,1.0417661313200446e-05,0.0006795530051344004
SHD-s6-b300,own,head_on,1841,24.564882505915975,0.06291441702819876,0.00021898384962326217,0.060293318848451925
SHD-s6-b300,own,offensive,10503,16.526240985429812,0.02505621008147142,0.00018096615843953565,0.005617442635437494
SHD-s6-b300,own,defensive,12278,37.40125424514319,0.0038690016964987605,0.00011522498837331584,0.0
SHD-s6-b300,own,neutral,9206,19.86368787673994,0.013153414528699225,0.0001251280202481335,0.0
SHD-s6-b300,pool,head_on,2482,20.909258535026805,0.06516454605301751,0.00020097179382448172,0.03384367445608381
SHD-s6-b300,pool,offensive,17071,32.15505696584811,0.0713739120398319,0.0001254488938590064,0.014644719114287387
SHD-s6-b300,pool,defensive,7203,37.749833912114006,0.04718122062409018,0.00015129831096264394,0.004581424406497293
SHD-s6-b300,pool,neutral,13244,42.00516472699826,0.04577746243647676,8.687591015359054e-05,0.003171247357293869
SHD-s7-b300,own,head_on,1585,23.20244642072109,0.10834187958322879,0.0006608819795334291,0.03722397476340694
SHD-s7-b300,own,offensive,13353,13.555915429471606,0.01811750073777216,0.000202072420925074,0.007863401482812851
SHD-s7-b300,own,defensive,5731,16.96540009930064,0.006410213900693725,6.517826667607438e-05,0.0
SHD-s7-b300,own,neutral,11586,17.749974929053746,0.012405838694678763,6.557772080156316e-05,0.0007767995857068876
SHD-s7-b300,pool,head_on,2482,22.024771185497322,0.10853452275377463,0.0009362454491278129,0.0394842868654311
SHD-s7-b300,pool,offensive,17071,22.58828040774385,0.07264623684617622,0.00022881181000652322,0.009899830121258274
SHD-s7-b300,pool,defensive,7203,20.143465172199512,0.04970672963234609,0.005832674869489662,0.003748438150770512
SHD-s7-b300,pool,neutral,13244,29.94246338290772,0.04402303599935965,6.418233578042097e-05,0.0006795530051344004
SHD-s8-b300,own,head_on,1300,22.766154776042654,0.43433389668890066,0.0001435256949998222,0.05615384615384615
SHD-s8-b300,own,offensive,13503,17.43312771224973,0.09526971428123762,3.510145582771294e-05,0.009627490187365771
SHD-s8-b300,own,defensive,8275,19.208935341491163,0.03678702831021225,1.9188443951275552e-05,0.0
SHD-s8-b300,own,neutral,11629,21.81905654803614,0.025468922689058447,1.4017546349846778e-05,0.0002579757502794737
SHD-s8-b300,pool,head_on,2482,20.04197919603923,0.2544573291049661,0.0006276396666796859,0.038678485092667206
SHD-s8-b300,pool,offensive,17071,24.326964587449176,0.12602498473622467,0.0014893757561532436,0.010192724503544023
SHD-s8-b300,pool,defensive,7203,23.877017870988738,0.07049051892698247,0.01994246141762467,0.003331945022907122
SHD-s8-b300,pool,neutral,13244,27.35782376183746,0.051566690167665484,6.834502275948539e-05,0.0006795530051344004
SHD-s9-b300,own,head_on,1591,18.269960161922775,0.03167401406050425,3.795050154592978e-05,0.03268384663733501
SHD-s9-b300,own,offensive,12841,18.507784090520946,0.012517848735940609,5.3540193061352054e-05,0.0047504088466630325
SHD-s9-b300,own,defensive,5836,18.90582024520472,0.0033914593111283643,3.281457622922016e-05,0.0
SHD-s9-b300,own,neutral,11524,22.826324509743113,0.008895335121959058,3.0143459399149245e-05,0.0
SHD-s9-b300,pool,head_on,2482,19.86462614719421,0.030065819791914188,5.221995242016302e-05,0.022562449637389202
SHD-s9-b300,pool,offensive,17071,26.53764659478225,0.06382657706739174,4.605861855039602e-05,0.009724093491886826
SHD-s9-b300,pool,defensive,7203,22.269286751718475,0.045272394533335945,0.0005889843495059236,0.003609607108149382
SHD-s9-b300,pool,neutral,13244,30.722182282581134,0.043856201641745474,3.281123440365032e-05,0.0006795530051344004
SHD-s10-b300,own,head_on,1454,34.147981632402484,0.5336171683189923,0.0005085845328544359,0.11004126547455295
SHD-s10-b300,own,offensive,7897,28.472601029347643,0.16012478449823153,0.004825205471209573,0.04292769406103584
SHD-s10-b300,own,defensive,14481,36.99930002446975,0.08494127498588569,1.84372661133741e-05,0.0035909122298183826
SHD-s10-b300,own,neutral,6277,26.46977744793804,0.12425331100058058,7.346913683154137e-06,0.01736498327226382
SHD-s10-b300,pool,head_on,2482,31.581566125551536,0.5952957936522841,0.0004798975421279279,0.0499597099113618
SHD-s10-b300,pool,offensive,17071,40.94434658108143,0.14293095920993995,0.00020668517510981187,0.02987522699314627
SHD-s10-b300,pool,defensive,7203,42.66417583801653,0.09639232598536446,0.00034914151294282317,0.06372344856309871
SHD-s10-b300,pool,neutral,13244,45.84163246723136,0.04829688918974392,1.0486804054532049e-05,0.17970401691331925
SHD-s11-b300,own,head_on,1816,15.20010636512128,0.03267781731681637,1.2899890727071289e-05,0.04460352422907489
SHD-s11-b300,own,offensive,14933,12.085421921867258,0.023724709649667698,8.308346395926768e-06,0.01285742985334494
SHD-s11-b300,own,defensive,2504,20.590366770736395,0.1491674892521702,1.7096135401569428e-06,0.07507987220447285
SHD-s11-b300,own,neutral,10328,13.223144241005048,0.028007896256842146,1.6854766149681871e-06,0.0031951975213013167
SHD-s11-b300,pool,head_on,2482,16.591045632493262,0.03490120734190464,0.0001185831239020363,0.0443190975020145
SHD-s11-b300,pool,offensive,17071,20.45371396774225,0.06438709660546386,6.604485725224102e-05,0.012184406303087108
SHD-s11-b300,pool,defensive,7203,21.109087734322802,0.04604025001650798,0.008107101174897546,0.003470776065528252
SHD-s11-b300,pool,neutral,13244,18.333975594087047,0.04400169366524493,2.900660734088084e-05,0.0006795530051344004
SHD-s12-b300,own,head_on,2313,18.367237281237394,0.27825305185587007,0.0022496471270805367,0.03631647211413749
SHD-s12-b300,own,offensive,12038,14.50255938949231,0.06403426740612427,0.003361108296295364,0.004236584150191062
SHD-s12-b300,own,defensive,7457,19.42799467676271,0.024488395422713628,0.00022764639612173133,0.0005364087434625185
SHD-s12-b300,own,neutral,11465,20.18293288951065,0.01260181289602335,3.272160889518651e-05,0.0
SHD-s12-b300,pool,head_on,2482,22.232126350766446,0.3109298795222829,0.0012151237634647918,0.028605962933118453
SHD-s12-b300,pool,offensive,17071,22.908003626819053,0.10376782658231246,0.0004403831851538462,0.01154003866205846
SHD-s12-b300,pool,defensive,7203,20.966946274121185,0.058984254461181516,0.003781065553855631,0.005136748576981813
SHD-s12-b300,pool,neutral,13244,25.949650666498595,0.04522106780833266,3.795018002354577e-05,0.0007550588945937784
SHD-s13-b300,own,head_on,1417,19.068840308797594,0.345986407249629,0.0003810599885946292,0.027522935779816515
SHD-s13-b300,own,offensive,8126,28.69039446583343,0.0564955932105556,7.313502392125694e-05,0.012798424809254246
SHD-s13-b300,own,defensive,16570,37.25209128690353,0.0069405862570083845,2.827504217265306e-05,0.00012070006035003017
SHD-s13-b300,own,neutral,7586,33.85033746048763,0.018075834875637423,7.017832972941098e-06,0.0014500395465330872
SHD-s13-b300,pool,head_on,2482,30.10177467582463,0.3105412442013065,0.0002207376930785556,0.028605962933118453
SHD-s13-b300,pool,offensive,17071,52.14356126312719,0.1206182660340456,0.00010276074410831618,0.058344560951320956
SHD-s13-b300,pool,defensive,7203,49.517337030404555,0.057701007467733885,0.0043279267299807965,0.07413577675968347
SHD-s13-b300,pool,neutral,13244,45.21582424706097,0.05295359728217369,5.701384599983425e-06,0.022727272727272728
SHD-s14-b300,own,head_on,1486,23.267774438273648,0.34836255592402043,0.0003537473914127031,0.04441453566621804
SHD-s14-b300,own,offensive,8918,12.991573350947109,0.1983330742260194,0.0002942367133416456,0.012895267997308814
SHD-s14-b300,own,defensive,11800,18.073493970136,0.23608736645010317,2.018895936631662e-05,0.03940677966101695
SHD-s14-b300,own,neutral,7765,13.030251571822069,0.07116233918435465,2.360399938969256e-05,0.014423696072118481
SHD-s14-b300,pool,head_on,2482,30.354218921832636,0.5259678588781016,0.0012555358480185453,0.031829170024174055
SHD-s14-b300,pool,offensive,17071,35.72163194796654,0.26006044706175907,0.00016079131541427708,0.014879034620115986
SHD-s14-b300,pool,defensive,7203,32.35632026011693,0.06615999806136912,0.00140494938387111,0.008052200472025544
SHD-s14-b300,pool,neutral,13244,33.2673816777667,0.047383160424699415,2.4954263167148865e-05,0.019556025369978858
SHD-s15-b300,own,head_on,1843,18.357228457940717,0.033239341036637525,9.72541317900757e-05,0.027129679869777535
SHD-s15-b300,own,offensive,10075,19.076382196176024,0.04442323810738707,7.74123293006201e-06,0.008337468982630273
SHD-s15-b300,own,defensive,11657,26.850887856892236,0.0031394662015648183,9.248121449205142e-07,0.0
SHD-s15-b300,own,neutral,9014,22.35878905381487,0.015303821570369884,1.0917721007317987e-06,0.00011093854004881296
SHD-s15-b300,pool,head_on,2482,22.48443756382824,0.031049928509699242,0.0006203534785902145,0.0249798549556809
SHD-s15-b300,pool,offensive,17071,23.73292666293031,0.06391674176353584,3.134302160213916e-05,0.009372620233143928
SHD-s15-b300,pool,defensive,7203,23.463983182048803,0.04530977081536991,6.351782552337803e-05,0.003609607108149382
SHD-s15-b300,pool,neutral,13244,28.63624003214114,0.04387969844193159,1.0858229247889786e-06,0.0007550588945937784
SHD-s17-b300,own,head_on,1983,16.110920272233212,0.02421879828587616,7.653677976682104e-06,0.028240040342914774
SHD-s17-b300,own,offensive,8841,15.906066506162514,0.017970038413587866,9.717699135082765e-06,0.008143875127248049
SHD-s17-b300,own,defensive,10587,25.495621237784917,0.001994686031487361,1.237928055917753e-05,0.0
SHD-s17-b300,own,neutral,8880,26.223336177284732,0.010760764565541321,4.673178610280515e-06,0.0
SHD-s17-b300,pool,head_on,2482,27.770438217815645,0.036734482443079246,1.2506959824432133e-05,0.033440773569701855
SHD-s17-b300,pool,offensive,17071,39.73441708265402,0.06525495279531772,2.203363807820091e-05,0.014703297990744537
SHD-s17-b300,pool,defensive,7203,33.12292060553666,0.04667221853215726,0.005852479201039426,0.004026100236012772
SHD-s17-b300,pool,neutral,13244,44.7847377728769,0.043979478747346167,5.25228033568678e-06,0.0006795530051344004
SHD-s16-b300,own,head_on,1487,23.525987454279463,0.3792435764197902,9.189642488900835e-05,0.05245460659045057
SHD-s16-b300,own,offensive,12977,13.830542344207808,0.07962380577762898,4.82189757415118e-05,0.010480080141789319
SHD-s16-b300,own,defensive,7382,26.297836945436252,0.027303766178684092,1.7634978049088754e-05,0.008940666486047142
SHD-s16-b300,own,neutral,10775,14.709742944394325,0.0476362798175534,1.2420967628264303e-05,0.0058468677494199536
SHD-s16-b300,pool,head_on,2482,20.284128943973904,0.24936056243341595,0.00015496665470668327,0.037066881547139406
SHD-s16-b300,pool,offensive,17071,31.46266157062023,0.10460550660699322,7.735458805563113e-05,0.011657196414972761
SHD-s16-b300,pool,defensive,7203,37.15057848629963,0.0729765753967296,0.0010439714472480757,0.004720255449118423
SHD-s16-b300,pool,neutral,13244,36.42800081673422,0.051338553687163044,1.4548844554706174e-05,0.0006795530051344004
SHD-s18-b300,own,head_on,1349,29.947051185130857,0.05126467091947306,0.0029310424645825413,0.07783543365455893
SHD-s18-b300,own,offensive,8678,23.913252309216254,0.021814802588857016,0.0010937063979531503,0.026388568794653147
SHD-s18-b300,own,defensive,15130,25.051445645208993,0.0022559856203291416,4.513466495535771e-06,0.003238598810310641
SHD-s18-b300,own,neutral,8259,23.88353872643899,0.009874803573491927,3.4396508122313354e-06,0.042135851798038505
SHD-s18-b300,pool,head_on,2482,50.09327920676387,0.08257773709518457,0.0013540032695374203,0.24093473005640612
SHD-s18-b300,pool,offensive,17071,81.97546017241437,0.07410543426267689,0.0004352163685389005,0.4133325522816472
SHD-s18-b300,pool,defensive,7203,57.1851880130453,0.05902000623169339,0.003256408938080363,0.2311536859641816
SHD-s18-b300,pool,neutral,13244,90.12889309199282,0.04413532529402483,6.033230218960215e-06,0.4523557837511326
SHD-s19-b300,own,head_on,1728,19.771605977903867,0.03479010836276963,0.00019961393346235897,0.036458333333333336
SHD-s19-b300,own,offensive,15031,19.641251091978532,0.022589479180030035,0.0004321006609281781,0.006852504823365046
SHD-s19-b300,own,defensive,4982,20.856675569416065,0.013915910525777024,0.0005594629686915261,0.0010036130068245685
SHD-s19-b300,own,neutral,12973,22.01284448035547,0.02355053045267585,0.0002594798358926076,0.0018499961458413629
SHD-s19-b300,pool,head_on,2482,21.997085967941825,0.03560903999664358,0.00011250029739884842,0.03585817888799355
SHD-s19-b300,pool,offensive,17071,28.612972618976446,0.07081438468316645,0.00020196323640181592,0.010251303380001171
SHD-s19-b300,pool,defensive,7203,20.719101353962923,0.053212484909269275,0.008336966425510326,0.0049979175343606835
SHD-s19-b300,pool,neutral,13244,25.606053569979345,0.05017310379139029,0.0001841915333978787,0.0006795530051344004
RES-s0-b200,own,head_on,1801,9.544043645163814,0.04274625545998026,0.0,0.0
RES-s0-b200,own,offensive,16612,10.033266626438165,0.05197164751519042,0.0,0.0
RES-s0-b200,own,defensive,1756,4.821390319852144,0.05257442843547765,0.0,0.0
RES-s0-b200,own,neutral,11710,6.100614330023347,0.04695562969137117,0.0,0.0
RES-s0-b200,pool,head_on,2482,12.429803875120353,0.04695159398380798,0.0,0.0
RES-s0-b200,pool,offensive,17071,9.934352485247626,0.049924885247756644,0.0,0.0
RES-s0-b200,pool,defensive,7203,4.759026453271961,0.05308797847580054,0.0,0.0
RES-s0-b200,pool,neutral,13244,5.590682815659796,0.04752100594672239,0.0,0.0
RES-s1-b200,own,head_on,1296,9.434636198121847,0.07147482447807367,2.0299651030095773e-05,0.0
RES-s1-b200,own,offensive,17453,12.126662313306964,0.02962661974169613,0.00018672934043297923,0.0
RES-s1-b200,own,defensive,2371,11.372475104160506,0.03334568458208811,5.1736971783048434e-05,0.0
RES-s1-b200,own,neutral,12049,10.617065354355269,0.012548855039164215,0.0007028114315397346,0.0
RES-s1-b200,pool,head_on,2482,10.285571244305588,0.06360582128195519,0.00010337547999870111,0.0
RES-s1-b200,pool,offensive,17071,11.276355075960343,0.04440908444658416,0.0002496031741864871,0.0
RES-s1-b200,pool,defensive,7203,11.572215827672837,0.029965921641712204,0.004011458657606515,0.0
RES-s1-b200,pool,neutral,13244,11.040692968835941,0.01602384424357982,0.000499535859508794,0.0
RES-s2-b200,own,head_on,1923,11.870302732188307,0.006176343991318448,0.0,0.0
RES-s2-b200,own,offensive,18200,11.546864912607605,0.0018659845118036136,0.0,0.0
RES-s2-b200,own,defensive,1476,5.461045550627529,0.001184600571061582,0.0,0.0
RES-s2-b200,own,neutral,12872,7.712375112360775,5.936900946633465e-05,0.0,0.0
RES-s2-b200,pool,head_on,2482,14.17908762608215,0.0064728233169043334,0.0,0.0
RES-s2-b200,pool,offensive,17071,10.99317615818138,0.0027055423134794555,0.0,0.0
RES-s2-b200,pool,defensive,7203,6.645806457162954,0.002073120283971098,0.0,0.0
RES-s2-b200,pool,neutral,13244,8.037157906867709,0.000103484825598722,0.0,0.0
GATE-s0-b200,own,head_on,1601,15.288188213511425,0.08677508069315304,0.00019126410990010488,0.0
GATE-s0-b200,own,offensive,16806,6.944223334254971,0.00021600614598240737,8.092634053472293e-06,0.0
GATE-s0-b200,own,defensive,2078,5.415533527778338,0.00011323128586723532,0.00018127000447824558,0.0
GATE-s0-b200,own,neutral,11117,5.2241593933774775,7.342704875095602e-05,4.7068226251987365e-07,0.0
GATE-s0-b200,pool,head_on,2482,14.034384667788288,0.0769268570682765,9.332312497226477e-05,0.0
GATE-s0-b200,pool,offensive,17071,6.656418003118694,0.00036675523615556545,2.692258069091575e-05,0.0
GATE-s0-b200,pool,defensive,7203,7.2574156081497,0.0003815542384829987,0.0032400285569816533,0.0
GATE-s0-b200,pool,neutral,13244,5.494717946935058,8.643815354537389e-05,1.1100486321413049e-05,0.0
GATE-s1-b200,own,head_on,1679,41.571683607548884,0.14352565914461551,4.659534686549865e-05,0.2227516378796903
GATE-s1-b200,own,offensive,18967,9.63892337504838,0.0003231352867285925,6.955863277663056e-06,0.0026361575367743976
GATE-s1-b200,own,defensive,1030,12.708698854674392,0.00016187266713526549,0.0004718616774131658,0.002912621359223301
GATE-s1-b200,own,neutral,11595,8.699268448420224,0.00013199698285974216,1.9560727174804026e-06,0.0
GATE-s1-b200,pool,head_on,2482,34.715027852025116,0.1174213833747086,0.00013138524161609416,0.16639806607574537
GATE-s1-b200,pool,offensive,17071,11.078083612526225,0.000566007173048245,3.971147987834502e-05,0.0035733114638861227
GATE-s1-b200,pool,defensive,7203,11.753913791855744,0.0006137702295184445,0.004931701426551075,0.0
GATE-s1-b200,pool,neutral,13244,9.558334049736558,0.00014423930475383585,1.6834698088820073e-05,0.0
GATE-s2-b200,own,head_on,1673,44.023070008310505,0.15151280479467677,2.222986212247167e-05,0.2390914524805738
GATE-s2-b200,own,offensive,19513,10.204273467463286,0.00033612861776233997,1.4395876333963683e-05,0.0029211295034079843
GATE-s2-b200,own,defensive,978,15.115030421349813,0.00013798937657188913,0.00012431141630017247,0.0
GATE-s2-b200,own,neutral,12143,9.54011927243086,0.00012789919810511402,9.593378783698813e-07,0.0
GATE-s2-b200,pool,head_on,2482,35.4227508191408,0.120054249222133,0.00013883167586267107,0.17042707493956485
GATE-s2-b200,pool,offensive,17071,11.352154723891656,0.0005850882195315657,4.0634524389464385e-05,0.003690469216800422
GATE-s2-b200,pool,defensive,7203,11.747573848223867,0.0005786230074587487,0.004595679811674586,0.0
GATE-s2-b200,pool,neutral,13244,9.842871733789707,0.000147448692795576,1.7162780438310432e-05,0.0
