cond,depth,region,time_share,err_share,unexplained
BT-v1,4,head_on,0.010454310789881259,0.7007036391336096,0.004192464670473731
BT-v1,4,offensive,0.07253484770263294,0.2990071712407665,0.004192464670473731
BT-v1,4,defensive,0.8811306143520908,0.00027787119076888366,0.004192464670473731
BT-v1,4,neutral,0.03588022715539494,1.1318434855028775e-05,0.004192464670473731
BT-v1,8,head_on,0.010454310789881259,0.6199493918863768,0.005507998070315508
BT-v1,8,offensive,0.07253484770263294,0.3800506081136235,0.005507998070315508
BT-v1,8,defensive,0.8811306143520908,9.752145581818777e-24,0.005507998070315508
BT-v1,8,neutral,0.03588022715539494,5.034598030736601e-25,0.005507998070315508
BT-v2,4,head_on,0.03845373376623377,0.8230537999925388,0.04580347860020679
BT-v2,4,offensive,0.5331777597402597,0.14643149900198466,0.04580347860020679
BT-v2,4,defensive,0.11607142857142858,0.007100168316568986,0.04580347860020679
BT-v2,4,neutral,0.31229707792207795,0.02341453268890761,0.04580347860020679
BT-v2,8,head_on,0.03845373376623377,0.539836784884929,0.04337390191093035
BT-v2,8,offensive,0.5331777597402597,0.455733623718998,0.04337390191093035
BT-v2,8,defensive,0.11607142857142858,0.0015655567764635632,0.04337390191093035
BT-v2,8,neutral,0.31229707792207795,0.002864034619609414,0.04337390191093035
BT-v3,4,head_on,0.047380102286982535,0.7308166416392815,0.04142738438948251
BT-v3,4,offensive,0.3360030879089067,0.20248875801847788,0.04142738438948251
BT-v3,4,defensive,0.32789732702885266,0.04574873471974309,0.04142738438948251
BT-v3,4,neutral,0.2887194827752581,0.020945865622497575,0.04142738438948251
BT-v3,8,head_on,0.047380102286982535,0.6773654537115938,0.018331878806571375
BT-v3,8,offensive,0.3360030879089067,0.24554616989654698,0.018331878806571375
BT-v3,8,defensive,0.32789732702885266,0.06741582561465709,0.018331878806571375
BT-v3,8,neutral,0.2887194827752581,0.009672550777202204,0.018331878806571375
RL-s0-b0-a1.00,4,head_on,0.04714038128249567,0.4358035821344232,0.03182608340126167
RL-s0-b0-a1.00,4,offensive,0.6054303870595031,0.4796989248380784,0.03182608340126167
RL-s0-b0-a1.00,4,defensive,0.05684575389948007,0.05184847939196921,0.03182608340126167
RL-s0-b0-a1.00,4,neutral,0.2905834777585211,0.03264901363552911,0.03182608340126167
RL-s0-b0-a1.00,8,head_on,0.04714038128249567,0.2732118092108023,0.022401435332949582
RL-s0-b0-a1.00,8,offensive,0.6054303870595031,0.6497322229084717,0.022401435332949582
RL-s0-b0-a1.00,8,defensive,0.05684575389948007,0.07026819151671995,0.022401435332949582
RL-s0-b0-a1.00,8,neutral,0.2905834777585211,0.006787776364006372,0.022401435332949582
BTO-s0-b300,4,head_on,0.048838209982788296,0.7530658667990844,0.05363652639770827
BTO-s0-b300,4,offensive,0.5246342512908778,0.17371229384163353,0.05363652639770827
BTO-s0-b300,4,defensive,0.1280120481927711,0.049332115125598854,0.05363652639770827
BTO-s0-b300,4,neutral,0.2985154905335628,0.023889724233683112,0.05363652639770827
BTO-s0-b300,8,head_on,0.048838209982788296,0.6811406039975532,0.03221360640185948
BTO-s0-b300,8,offensive,0.5246342512908778,0.23567486319204345,0.03221360640185948
BTO-s0-b300,8,defensive,0.1280120481927711,0.05266628936777763,0.03221360640185948
BTO-s0-b300,8,neutral,0.2985154905335628,0.0305182434426257,0.03221360640185948
BTO-s1-b300,4,head_on,0.05240807871569135,0.7118841086189498,0.03021334961677219
BTO-s1-b300,4,offensive,0.47198342827550493,0.19473712572739557,0.03021334961677219
BTO-s1-b300,4,defensive,0.18560331434489902,0.07941961962857391,0.03021334961677219
BTO-s1-b300,4,neutral,0.29000517866390474,0.013959146025080547,0.03021334961677219
BTO-s1-b300,8,head_on,0.05240807871569135,0.6081111986361988,0.024740289911167872
BTO-s1-b300,8,offensive,0.47198342827550493,0.26928460219032224,0.024740289911167872
BTO-s1-b300,8,defensive,0.18560331434489902,0.08874668514795611,0.024740289911167872
BTO-s1-b300,8,neutral,0.29000517866390474,0.033857514025522915,0.024740289911167872
BTO-s2-b300,4,head_on,0.05400284225485552,0.7510609034925003,0.026233906853926195
BTO-s2-b300,4,offensive,0.5543581241117953,0.19823087491935062,0.026233906853926195
BTO-s2-b300,4,defensive,0.08372809095215537,0.01493214703192697,0.026233906853926195
BTO-s2-b300,4,neutral,0.30791094268119373,0.03577607455622209,0.026233906853926195
BTO-s2-b300,8,head_on,0.05400284225485552,0.5952336690471686,0.04159998611006748
BTO-s2-b300,8,offensive,0.5543581241117953,0.4007342392669506,0.04159998611006748
BTO-s2-b300,8,defensive,0.08372809095215537,0.0008441802174283905,0.04159998611006748
BTO-s2-b300,8,neutral,0.30791094268119373,0.003187911468452448,0.04159998611006748
RL-s0-b300-a1.00,4,head_on,0.05167313736365317,0.5839472435696919,0.028678921216858173
RL-s0-b300-a1.00,4,offensive,0.4491588093917545,0.35803200705394145,0.028678921216858173
RL-s0-b300-a1.00,4,defensive,0.17378443335182103,0.026309617529308337,0.028678921216858173
RL-s0-b300-a1.00,4,neutral,0.3253836198927713,0.03171113184705844,0.028678921216858173
RL-s0-b300-a1.00,8,head_on,0.05167313736365317,0.711589120944534,0.018998076139226064
RL-s0-b300-a1.00,8,offensive,0.4491588093917545,0.27384821736759063,0.018998076139226064
RL-s0-b300-a1.00,8,defensive,0.17378443335182103,0.005495583832554351,0.018998076139226064
RL-s0-b300-a1.00,8,neutral,0.3253836198927713,0.009067077855321033,0.018998076139226064
RL-s1-b300-a1.00,4,head_on,0.09263282638751728,0.31334989228620036,0.1411168796878949
RL-s1-b300-a1.00,4,offensive,0.43580880900651786,0.65029537495665,0.1411168796878949
RL-s1-b300-a1.00,4,defensive,0.12364210942129172,0.012984458415621713,0.1411168796878949
RL-s1-b300-a1.00,4,neutral,0.3479162551846731,0.023370274341527834,0.1411168796878949
RL-s1-b300-a1.00,8,head_on,0.09263282638751728,0.383287530901799,0.11677808696224978
RL-s1-b300-a1.00,8,offensive,0.43580880900651786,0.5983534425618775,0.11677808696224978
RL-s1-b300-a1.00,8,defensive,0.12364210942129172,0.0021166102894489085,0.11677808696224978
RL-s1-b300-a1.00,8,neutral,0.3479162551846731,0.016242416246874603,0.11677808696224978
RL-s2-b300-a1.00,4,head_on,0.06207516993202719,0.6093021648702499,0.08414881764674007
RL-s2-b300-a1.00,4,offensive,0.3337664934026389,0.28631085685940355,0.08414881764674007
RL-s2-b300-a1.00,4,defensive,0.29128348660535786,0.0276321585716515,0.08414881764674007
RL-s2-b300-a1.00,4,neutral,0.312874850059976,0.07675481969869508,0.08414881764674007
RL-s2-b300-a1.00,8,head_on,0.06207516993202719,0.7103580221656081,0.05061179430192249
RL-s2-b300-a1.00,8,offensive,0.3337664934026389,0.24299793456294771,0.05061179430192249
RL-s2-b300-a1.00,8,defensive,0.29128348660535786,0.010995674289454895,0.05061179430192249
RL-s2-b300-a1.00,8,neutral,0.312874850059976,0.035648368981989434,0.05061179430192249
RL-s3-b300-a1.00,4,head_on,0.09061488673139159,0.41553944045878427,0.08130403074439049
RL-s3-b300-a1.00,4,offensive,0.43089663049685895,0.5107306327004016,0.08130403074439049
RL-s3-b300-a1.00,4,defensive,0.08947268227679421,0.011672417669568632,0.08130403074439049
RL-s3-b300-a1.00,4,neutral,0.38901580049495527,0.062057509171245466,0.08130403074439049
RL-s3-b300-a1.00,8,head_on,0.09061488673139159,0.4054576994637582,0.039473784408014655
RL-s3-b300-a1.00,8,offensive,0.43089663049685895,0.539245000430445,0.039473784408014655
RL-s3-b300-a1.00,8,defensive,0.08947268227679421,0.007131597015205854,0.039473784408014655
RL-s3-b300-a1.00,8,neutral,0.38901580049495527,0.04816570309059074,0.039473784408014655
RL-s4-b300-a1.00,4,head_on,0.05997342949326248,0.3834062074157846,0.04034489087842035
RL-s4-b300-a1.00,4,offensive,0.3008160941355096,0.5081619745246705,0.04034489087842035
RL-s4-b300-a1.00,4,defensive,0.3842285063579427,0.032985649425466564,0.04034489087842035
RL-s4-b300-a1.00,4,neutral,0.25498197001328526,0.07544616863407849,0.04034489087842035
RL-s4-b300-a1.00,8,head_on,0.05997342949326248,0.3938090685925974,0.023946236806719964
RL-s4-b300-a1.00,8,offensive,0.3008160941355096,0.5628990646383762,0.023946236806719964
RL-s4-b300-a1.00,8,defensive,0.3842285063579427,0.010644516974043039,0.023946236806719964
RL-s4-b300-a1.00,8,neutral,0.25498197001328526,0.03264734979498339,0.023946236806719964
RL-s5-b300-a1.00,4,head_on,0.061388074291300096,0.5054630535825704,0.04856213944819214
RL-s5-b300-a1.00,4,offensive,0.3606060606060606,0.43398017253295035,0.04856213944819214
RL-s5-b300-a1.00,4,defensive,0.23636363636363636,0.017250945617556388,0.04856213944819214
RL-s5-b300-a1.00,4,neutral,0.3416422287390029,0.04330582826692281,0.04856213944819214
RL-s5-b300-a1.00,8,head_on,0.061388074291300096,0.5936756042815914,0.028477471590133197
RL-s5-b300-a1.00,8,offensive,0.3606060606060606,0.3747029142374206,0.028477471590133197
RL-s5-b300-a1.00,8,defensive,0.23636363636363636,0.009332397670586115,0.028477471590133197
RL-s5-b300-a1.00,8,neutral,0.3416422287390029,0.022289083810402066,0.028477471590133197
RL-s6-b300-a1.00,4,head_on,0.07058142898466879,0.40681415262066123,0.05246005870247711
RL-s6-b300-a1.00,4,offensive,0.3174235849966252,0.42044813484381366,0.05246005870247711
RL-s6-b300-a1.00,4,defensive,0.3234017934625398,0.07437351104744097,0.05246005870247711
RL-s6-b300-a1.00,4,neutral,0.2885931925561662,0.09836420148808418,0.05246005870247711
RL-s6-b300-a1.00,8,head_on,0.07058142898466879,0.4099910051984906,0.027635715766798918
RL-s6-b300-a1.00,8,offensive,0.3174235849966252,0.5255133471074516,0.027635715766798918
RL-s6-b300-a1.00,8,defensive,0.3234017934625398,0.01743607511855657,0.027635715766798918
RL-s6-b300-a1.00,8,neutral,0.2885931925561662,0.047059572575501085,0.027635715766798918
RL-s7-b300-a1.00,4,head_on,0.04591788129941888,0.348608258540288,0.0916495079212385
RL-s7-b300-a1.00,4,offensive,0.4763265694960465,0.5438202587151947,0.0916495079212385
RL-s7-b300-a1.00,4,defensive,0.12565494903305707,0.01635325556080514,0.0916495079212385
RL-s7-b300-a1.00,4,neutral,0.35210060017147754,0.09121822718371228,0.0916495079212385
RL-s7-b300-a1.00,8,head_on,0.04591788129941888,0.2385191076567314,0.10435261515718072
RL-s7-b300-a1.00,8,offensive,0.4763265694960465,0.5451584557082916,0.10435261515718072
RL-s7-b300-a1.00,8,defensive,0.12565494903305707,0.004055101217338465,0.10435261515718072
RL-s7-b300-a1.00,8,neutral,0.35210060017147754,0.21226733541763865,0.10435261515718072
RL-s8-b300-a1.00,4,head_on,0.04141246071362544,0.4655136921359933,0.09786168671498971
RL-s8-b300-a1.00,4,offensive,0.37872065076723976,0.48054172558517333,0.09786168671498971
RL-s8-b300-a1.00,4,defensive,0.24912183398040302,0.01643622458129175,0.09786168671498971
RL-s8-b300-a1.00,4,neutral,0.33074505453873176,0.037508357697541635,0.09786168671498971
RL-s8-b300-a1.00,8,head_on,0.04141246071362544,0.39535770081543403,0.08887523626862649
RL-s8-b300-a1.00,8,offensive,0.37872065076723976,0.5765645223967428,0.08887523626862649
RL-s8-b300-a1.00,8,defensive,0.24912183398040302,0.00983711770143193,0.08887523626862649
RL-s8-b300-a1.00,8,neutral,0.33074505453873176,0.018240659086391296,0.08887523626862649
RL-s9-b300-a1.00,4,head_on,0.06462066336256195,0.5852773881385493,0.05051359034980862
RL-s9-b300-a1.00,4,offensive,0.42098741898589404,0.37032225312285955,0.05051359034980862
RL-s9-b300-a1.00,4,defensive,0.1470644300419367,0.008091031680633064,0.05051359034980862
RL-s9-b300-a1.00,4,neutral,0.3673274876096073,0.036309327057958106,0.05051359034980862
RL-s9-b300-a1.00,8,head_on,0.06462066336256195,0.6088042139510892,0.020966825650802608
RL-s9-b300-a1.00,8,offensive,0.42098741898589404,0.37038889318700186,0.020966825650802608
RL-s9-b300-a1.00,8,defensive,0.1470644300419367,0.0034925105024447177,0.020966825650802608
RL-s9-b300-a1.00,8,neutral,0.3673274876096073,0.01731438235946426,0.020966825650802608
RL-s10-b300-a1.00,4,head_on,0.05155367231638418,0.30375362875075734,0.1210979003960852
RL-s10-b300-a1.00,4,offensive,0.3408662900188324,0.6483072812066103,0.1210979003960852
RL-s10-b300-a1.00,4,defensive,0.3728813559322034,0.01669881484918357,0.1210979003960852
RL-s10-b300-a1.00,4,neutral,0.23469868173258004,0.031240275193448856,0.1210979003960852
RL-s10-b300-a1.00,8,head_on,0.05155367231638418,0.2859247149361375,0.08969554559038119
RL-s10-b300-a1.00,8,offensive,0.3408662900188324,0.6752996045586325,0.08969554559038119
RL-s10-b300-a1.00,8,defensive,0.3728813559322034,0.017728428529019572,0.08969554559038119
RL-s10-b300-a1.00,8,neutral,0.23469868173258004,0.021047251976210386,0.08969554559038119
RL-s11-b300-a1.00,4,head_on,0.07137830501658791,0.47205532465080513,0.034793116684343955
RL-s11-b300-a1.00,4,offensive,0.5245802754599377,0.4711793371757067,0.034793116684343955
RL-s11-b300-a1.00,4,defensive,0.03126570825374485,0.007404284658183417,0.034793116684343955
RL-s11-b300-a1.00,4,neutral,0.3727757112697296,0.049361053515304724,0.034793116684343955
RL-s11-b300-a1.00,8,head_on,0.07137830501658791,0.5666781397295916,0.03060049971588685
RL-s11-b300-a1.00,8,offensive,0.5245802754599377,0.4099876006285252,0.03060049971588685
RL-s11-b300-a1.00,8,defensive,0.03126570825374485,0.009622407067156384,0.03060049971588685
RL-s11-b300-a1.00,8,neutral,0.3727757112697296,0.013711852574726884,0.03060049971588685
RL-s12-b300-a1.00,4,head_on,0.10034993824619184,0.49675174905164693,0.1257039005032029
RL-s12-b300-a1.00,4,offensive,0.4027377521613833,0.4038677208315942,0.1257039005032029
RL-s12-b300-a1.00,4,defensive,0.13894606834088102,0.03560700741860734,0.1257039005032029
RL-s12-b300-a1.00,4,neutral,0.35796624125154386,0.06377352269815147,0.1257039005032029
RL-s12-b300-a1.00,8,head_on,0.10034993824619184,0.4225204905696644,0.09193899538005232
RL-s12-b300-a1.00,8,offensive,0.4027377521613833,0.45802877075309056,0.09193899538005232
RL-s12-b300-a1.00,8,defensive,0.13894606834088102,0.06537455156105203,0.09193899538005232
RL-s12-b300-a1.00,8,neutral,0.35796624125154386,0.054076187116193074,0.09193899538005232
RL-s13-b300-a1.00,4,head_on,0.05360408045423925,0.5551199848453948,0.11663126655328619
RL-s13-b300-a1.00,4,offensive,0.34558752766817435,0.35166763711353893,0.11663126655328619
RL-s13-b300-a1.00,4,defensive,0.2759118467904918,0.025436210937204815,0.11663126655328619
RL-s13-b300-a1.00,4,neutral,0.3248965450870946,0.06777616710386145,0.11663126655328619
RL-s13-b300-a1.00,8,head_on,0.05360408045423925,0.6100241508236557,0.0532316524522821
RL-s13-b300-a1.00,8,offensive,0.34558752766817435,0.3298493296543863,0.0532316524522821
RL-s13-b300-a1.00,8,defensive,0.2759118467904918,0.014552189293831926,0.0532316524522821
RL-s13-b300-a1.00,8,neutral,0.3248965450870946,0.04557433022812586,0.0532316524522821
RL-s14-b300-a1.00,4,head_on,0.0757772786381369,0.2564441671431629,0.10359353271038174
RL-s14-b300-a1.00,4,offensive,0.34767703038184183,0.5924023513809031,0.10359353271038174
RL-s14-b300-a1.00,4,defensive,0.30050833431847734,0.09382296943412509,0.10359353271038174
RL-s14-b300-a1.00,4,neutral,0.27603735666154394,0.057330512041808855,0.10359353271038174
RL-s14-b300-a1.00,8,head_on,0.0757772786381369,0.2539236559817362,0.06795246903694785
RL-s14-b300-a1.00,8,offensive,0.34767703038184183,0.6177638554617344,0.06795246903694785
RL-s14-b300-a1.00,8,defensive,0.30050833431847734,0.07464832919437431,0.06795246903694785
RL-s14-b300-a1.00,8,neutral,0.27603735666154394,0.05366415936215512,0.06795246903694785
RL-s15-b300-a1.00,4,head_on,0.08008573655494934,0.21503014297365966,0.0761000887776415
RL-s15-b300-a1.00,4,offensive,0.4130943102104443,0.7177121828897038,0.0761000887776415
RL-s15-b300-a1.00,4,defensive,0.16436087295401403,0.004660407351875933,0.0761000887776415
RL-s15-b300-a1.00,4,neutral,0.34245908028059235,0.06259726678476059,0.0761000887776415
RL-s15-b300-a1.00,8,head_on,0.08008573655494934,0.16038789521725952,0.059550613868119
RL-s15-b300-a1.00,8,offensive,0.4130943102104443,0.8128917565909164,0.059550613868119
RL-s15-b300-a1.00,8,defensive,0.16436087295401403,0.006067179805075728,0.059550613868119
RL-s15-b300-a1.00,8,neutral,0.34245908028059235,0.020653168386748504,0.059550613868119
RL-s16-b300-a1.00,4,head_on,0.04045865572853547,0.3359120690315102,0.1266220265522713
RL-s16-b300-a1.00,4,offensive,0.4254684441129859,0.36962929562094765,0.1266220265522713
RL-s16-b300-a1.00,4,defensive,0.23538734035611075,0.23829296207893852,0.1266220265522713
RL-s16-b300-a1.00,4,neutral,0.2986855598023679,0.05616567326860367,0.1266220265522713
RL-s16-b300-a1.00,8,head_on,0.04045865572853547,0.3335832946436242,0.08201710107262784
RL-s16-b300-a1.00,8,offensive,0.4254684441129859,0.39095756715947716,0.08201710107262784
RL-s16-b300-a1.00,8,defensive,0.23538734035611075,0.2403402394400084,0.08201710107262784
RL-s16-b300-a1.00,8,neutral,0.2986855598023679,0.03511889875689009,0.08201710107262784
RL-s17-b300-a1.00,4,head_on,0.07907710510747387,0.38389830837428335,0.04403832423471637
RL-s17-b300-a1.00,4,offensive,0.3472687832774601,0.44410078867735364,0.04403832423471637
RL-s17-b300-a1.00,4,defensive,0.23871031354762373,0.02851138348574952,0.04403832423471637
RL-s17-b300-a1.00,4,neutral,0.33494379806744234,0.14348951946261337,0.04403832423471637
RL-s17-b300-a1.00,8,head_on,0.07907710510747387,0.3708818788399972,0.03353859356917292
RL-s17-b300-a1.00,8,offensive,0.3472687832774601,0.5842706647270639,0.03353859356917292
RL-s17-b300-a1.00,8,defensive,0.23871031354762373,0.005602348921909018,0.03353859356917292
RL-s17-b300-a1.00,8,neutral,0.33494379806744234,0.039245107511029664,0.03353859356917292
RL-s18-b300-a1.00,4,head_on,0.04401904576814693,0.32442184242643374,0.06203124591051993
RL-s18-b300-a1.00,4,offensive,0.29715285200660774,0.5398293261984556,0.06203124591051993
RL-s18-b300-a1.00,4,defensive,0.38616266640754054,0.05157317853468883,0.06203124591051993
RL-s18-b300-a1.00,4,neutral,0.2726654358177048,0.08417565284042175,0.06203124591051993
RL-s18-b300-a1.00,8,head_on,0.04401904576814693,0.26791999875174466,0.04395984507765862
RL-s18-b300-a1.00,8,offensive,0.29715285200660774,0.6323662152964694,0.04395984507765862
RL-s18-b300-a1.00,8,defensive,0.38616266640754054,0.033481977452004395,0.04395984507765862
RL-s18-b300-a1.00,8,neutral,0.2726654358177048,0.06623180849978168,0.04395984507765862
RL-s19-b300-a1.00,4,head_on,0.04883567455453945,0.389066678085216,0.04768412244277948
RL-s19-b300-a1.00,4,offensive,0.46950127274441406,0.5219423059734631,0.04768412244277948
RL-s19-b300-a1.00,4,defensive,0.11407561044593194,0.03529885150011438,0.04768412244277948
RL-s19-b300-a1.00,4,neutral,0.3675874422551145,0.05369216444120636,0.04768412244277948
RL-s19-b300-a1.00,8,head_on,0.04883567455453945,0.3818717932205848,0.025960202849779554
RL-s19-b300-a1.00,8,offensive,0.46950127274441406,0.588946756364048,0.025960202849779554
RL-s19-b300-a1.00,8,defensive,0.11407561044593194,0.007618776164065145,0.025960202849779554
RL-s19-b300-a1.00,8,neutral,0.3675874422551145,0.02156267425130208,0.025960202849779554
HYB-s0-b300-a0.50,4,head_on,0.05202140309155767,0.6395252965069068,0.06469585539551832
HYB-s0-b300-a0.50,4,offensive,0.5489496630994848,0.34435635012850185,0.06469585539551832
HYB-s0-b300-a0.50,4,defensive,0.059155766944114146,0.0032692994741640477,0.06469585539551832
HYB-s0-b300-a0.50,4,neutral,0.3398731668648434,0.01284905389042733,0.06469585539551832
HYB-s0-b300-a0.50,8,head_on,0.05202140309155767,0.5427339834532613,0.05887005870375968
HYB-s0-b300-a0.50,8,offensive,0.5489496630994848,0.4413394100511909,0.05887005870375968
HYB-s0-b300-a0.50,8,defensive,0.059155766944114146,0.003655815253603428,0.05887005870375968
HYB-s0-b300-a0.50,8,neutral,0.3398731668648434,0.012270791241944268,0.05887005870375968
HYB-s1-b300-a0.50,4,head_on,0.07374727668845316,0.6186334305301916,0.09007946924714615
HYB-s1-b300-a0.50,4,offensive,0.5029411764705882,0.35634861205128965,0.09007946924714615
HYB-s1-b300-a0.50,4,defensive,0.07505446623093683,0.010061569270215042,0.09007946924714615
HYB-s1-b300-a0.50,4,neutral,0.3482570806100218,0.01495638814830362,0.09007946924714615
HYB-s1-b300-a0.50,8,head_on,0.07374727668845316,0.5993980780235524,0.10866223717998173
HYB-s1-b300-a0.50,8,offensive,0.5029411764705882,0.38815446221710714,0.10866223717998173
HYB-s1-b300-a0.50,8,defensive,0.07505446623093683,0.005960787587569195,0.10866223717998173
HYB-s1-b300-a0.50,8,neutral,0.3482570806100218,0.006486672171771363,0.10866223717998173
HYB-s2-b300-a0.50,4,head_on,0.05980557903634827,0.5581410439121797,0.058859470657308566
HYB-s2-b300-a0.50,4,offensive,0.44346999154691463,0.35214566747496634,0.058859470657308566
HYB-s2-b300-a0.50,4,defensive,0.14349112426035504,0.02267811064217749,0.058859470657308566
HYB-s2-b300-a0.50,4,neutral,0.35323330515638207,0.06703517797067658,0.058859470657308566
HYB-s2-b300-a0.50,8,head_on,0.05980557903634827,0.6547703855821688,0.042619342455792915
HYB-s2-b300-a0.50,8,offensive,0.44346999154691463,0.3232364003665252,0.042619342455792915
HYB-s2-b300-a0.50,8,defensive,0.14349112426035504,0.0038676048148626268,0.042619342455792915
HYB-s2-b300-a0.50,8,neutral,0.35323330515638207,0.0181256092364433,0.042619342455792915
HYB-s3-b300-a0.50,4,head_on,0.06079091291543963,0.5554130112637905,0.10378418935858624
HYB-s3-b300-a0.50,4,offensive,0.4543542280185107,0.3620482977566351,0.10378418935858624
HYB-s3-b300-a0.50,4,defensive,0.13125788809423644,0.06139372003200529,0.10378418935858624
HYB-s3-b300-a0.50,4,neutral,0.3535969709718132,0.021144970947569106,0.10378418935858624
HYB-s3-b300-a0.50,8,head_on,0.06079091291543963,0.5325608874281282,0.09574933699682081
HYB-s3-b300-a0.50,8,offensive,0.4543542280185107,0.4065737755020429,0.09574933699682081
HYB-s3-b300-a0.50,8,defensive,0.13125788809423644,0.05113618362990319,0.09574933699682081
HYB-s3-b300-a0.50,8,neutral,0.3535969709718132,0.009729153439925763,0.09574933699682081
HYB-s4-b300-a0.50,4,head_on,0.06501841136244083,0.5961445308927941,0.08840046530698319
HYB-s4-b300-a0.50,4,offensive,0.45996843766438716,0.37887036031290267,0.08840046530698319
HYB-s4-b300-a0.50,4,defensive,0.1486586007364545,0.005986630421371171,0.08840046530698319
HYB-s4-b300-a0.50,4,neutral,0.3263545502367175,0.018998478372932052,0.08840046530698319
HYB-s4-b300-a0.50,8,head_on,0.06501841136244083,0.63061191328654,0.08161453062135762
HYB-s4-b300-a0.50,8,offensive,0.45996843766438716,0.3616191846204463,0.08161453062135762
HYB-s4-b300-a0.50,8,defensive,0.1486586007364545,0.0010408093222274246,0.08161453062135762
HYB-s4-b300-a0.50,8,neutral,0.3263545502367175,0.00672809277078649,0.08161453062135762
HYB-s5-b300-a0.50,4,head_on,0.07495704467353952,0.7696379682543643,0.08229261886154329
HYB-s5-b300-a0.50,4,offensive,0.4585481099656357,0.19746658378158438,0.08229261886154329
HYB-s5-b300-a0.50,4,defensive,0.0782860824742268,0.005342063767013144,0.08229261886154329
HYB-s5-b300-a0.50,4,neutral,0.38820876288659795,0.02755338419703842,0.08229261886154329
HYB-s5-b300-a0.50,8,head_on,0.07495704467353952,0.6637914584253383,0.07112537290966141
HYB-s5-b300-a0.50,8,offensive,0.4585481099656357,0.30990138860403277,0.07112537290966141
HYB-s5-b300-a0.50,8,defensive,0.0782860824742268,0.005442218003202264,0.07112537290966141
HYB-s5-b300-a0.50,8,neutral,0.38820876288659795,0.02086493496742655,0.07112537290966141
HYB-s6-b300-a0.50,4,head_on,0.07163985949343686,0.6424502044990714,0.07047871686034818
HYB-s6-b300-a0.50,4,offensive,0.43954520244037715,0.30910505044096137,0.07047871686034818
HYB-s6-b300-a0.50,4,defensive,0.16167498613422074,0.010322177855932955,0.07047871686034818
HYB-s6-b300-a0.50,4,neutral,0.32713995193196527,0.03812256720403428,0.07047871686034818
HYB-s6-b300-a0.50,8,head_on,0.07163985949343686,0.5214916164515316,0.07076208713420395
HYB-s6-b300-a0.50,8,offensive,0.43954520244037715,0.4661556903981416,0.07076208713420395
HYB-s6-b300-a0.50,8,defensive,0.16167498613422074,0.004502792661004665,0.07076208713420395
HYB-s6-b300-a0.50,8,neutral,0.32713995193196527,0.00784990048932223,0.07076208713420395
HYB-s7-b300-a0.50,4,head_on,0.0662098253064376,0.4157465746160166,0.14012867458868772
HYB-s7-b300-a0.50,4,offensive,0.4559405462793167,0.41872315440977886,0.14012867458868772
HYB-s7-b300-a0.50,4,defensive,0.11890744136666345,0.040495112334268335,0.14012867458868772
HYB-s7-b300-a0.50,4,neutral,0.3589421870475823,0.1250351586399364,0.14012867458868772
HYB-s7-b300-a0.50,8,head_on,0.0662098253064376,0.46617250677397326,0.11627276405163078
HYB-s7-b300-a0.50,8,offensive,0.4559405462793167,0.4108521916858358,0.11627276405163078
HYB-s7-b300-a0.50,8,defensive,0.11890744136666345,0.06600292782233305,0.11627276405163078
HYB-s7-b300-a0.50,8,neutral,0.3589421870475823,0.05697237371785801,0.11627276405163078
HYB-s8-b300-a0.50,4,head_on,0.051984973093715095,0.4937777574512988,0.11620295993197273
HYB-s8-b300-a0.50,4,offensive,0.45720377703320136,0.4314876795204252,0.11620295993197273
HYB-s8-b300-a0.50,4,defensive,0.19128845568077976,0.061784345863733256,0.11620295993197273
HYB-s8-b300-a0.50,4,neutral,0.29952279419230377,0.012950217164542836,0.11620295993197273
HYB-s8-b300-a0.50,8,head_on,0.051984973093715095,0.44249198297105913,0.11170735927337215
HYB-s8-b300-a0.50,8,offensive,0.45720377703320136,0.48708611268029434,0.11170735927337215
HYB-s8-b300-a0.50,8,defensive,0.19128845568077976,0.06711510267433905,0.11170735927337215
HYB-s8-b300-a0.50,8,neutral,0.29952279419230377,0.003306801674307505,0.11170735927337215
HYB-s9-b300-a0.50,4,head_on,0.09207266721717589,0.7029176213135375,0.06471323950900681
HYB-s9-b300-a0.50,4,offensive,0.4430222956234517,0.27323034794820994,0.06471323950900681
HYB-s9-b300-a0.50,4,defensive,0.06802229562345169,0.0015811076496423558,0.06471323950900681
HYB-s9-b300-a0.50,4,neutral,0.39688274153592074,0.02227092308861021,0.06471323950900681
HYB-s9-b300-a0.50,8,head_on,0.09207266721717589,0.7069142609840433,0.06776458212552851
HYB-s9-b300-a0.50,8,offensive,0.4430222956234517,0.2867917033069682,0.06776458212552851
HYB-s9-b300-a0.50,8,defensive,0.06802229562345169,0.0006182442143039872,0.06776458212552851
HYB-s9-b300-a0.50,8,neutral,0.39688274153592074,0.005675791494684632,0.06776458212552851
HYB-s10-b300-a0.50,4,head_on,0.05752608047690015,0.5896814652753966,0.11516194324522397
HYB-s10-b300-a0.50,4,offensive,0.48633879781420764,0.37705466686873546,0.11516194324522397
HYB-s10-b300-a0.50,4,defensive,0.13879781420765028,0.006922321285135882,0.11516194324522397
HYB-s10-b300-a0.50,4,neutral,0.31733730750124195,0.026341546570732226,0.11516194324522397
HYB-s10-b300-a0.50,8,head_on,0.05752608047690015,0.5867430131914929,0.08799481786557495
HYB-s10-b300-a0.50,8,offensive,0.48633879781420764,0.38907011162053967,0.08799481786557495
HYB-s10-b300-a0.50,8,defensive,0.13879781420765028,0.0035916414583416507,0.08799481786557495
HYB-s10-b300-a0.50,8,neutral,0.31733730750124195,0.020595233729625757,0.08799481786557495
HYB-s11-b300-a0.50,4,head_on,0.05016393442622951,0.707697916547014,0.08420009714077567
HYB-s11-b300-a0.50,4,offensive,0.5558469945355191,0.2822256613994109,0.08420009714077567
HYB-s11-b300-a0.50,4,defensive,0.06174863387978142,0.0018656453675601216,0.08420009714077567
HYB-s11-b300-a0.50,4,neutral,0.33224043715846996,0.008210776686015045,0.08420009714077567
HYB-s11-b300-a0.50,8,head_on,0.05016393442622951,0.495391224187549,0.12672376364521826
HYB-s11-b300-a0.50,8,offensive,0.5558469945355191,0.5026267853685734,0.12672376364521826
HYB-s11-b300-a0.50,8,defensive,0.06174863387978142,0.0008446794330172982,0.12672376364521826
HYB-s11-b300-a0.50,8,neutral,0.33224043715846996,0.0011373110108602478,0.12672376364521826
HYB-s12-b300-a0.50,4,head_on,0.07584461104079447,0.4643996347879926,0.13178037844097953
HYB-s12-b300-a0.50,4,offensive,0.47512413591665853,0.38244858857944725,0.13178037844097953
HYB-s12-b300-a0.50,4,defensive,0.09424593515723882,0.09849514698467025,0.13178037844097953
HYB-s12-b300-a0.50,4,neutral,0.35478531788530815,0.05465662964788992,0.13178037844097953
HYB-s12-b300-a0.50,8,head_on,0.07584461104079447,0.3812277839362385,0.10735825319472175
HYB-s12-b300-a0.50,8,offensive,0.47512413591665853,0.4705423662877208,0.10735825319472175
HYB-s12-b300-a0.50,8,defensive,0.09424593515723882,0.07106306455290268,0.10735825319472175
HYB-s12-b300-a0.50,8,neutral,0.35478531788530815,0.0771667852231378,0.10735825319472175
HYB-s13-b300-a0.50,4,head_on,0.056818181818181816,0.6597766168945358,0.0713372071757201
HYB-s13-b300-a0.50,4,offensive,0.425173343605547,0.2849869711824162,0.0713372071757201
HYB-s13-b300-a0.50,4,defensive,0.15649075500770415,0.011172038326692103,0.0713372071757201
HYB-s13-b300-a0.50,4,neutral,0.36151771956856704,0.044064373596355975,0.0713372071757201
HYB-s13-b300-a0.50,8,head_on,0.056818181818181816,0.7963578856809829,0.05430311485171559
HYB-s13-b300-a0.50,8,offensive,0.425173343605547,0.17522666165098433,0.05430311485171559
HYB-s13-b300-a0.50,8,defensive,0.15649075500770415,0.004944254800162855,0.05430311485171559
HYB-s13-b300-a0.50,8,neutral,0.36151771956856704,0.02347119786786992,0.05430311485171559
HYB-s14-b300-a0.50,4,head_on,0.04865532642782477,0.5412667425265111,0.1227384146671546
HYB-s14-b300-a0.50,4,offensive,0.4366625487028414,0.3947513688555678,0.1227384146671546
HYB-s14-b300-a0.50,4,defensive,0.17323957046469637,0.03676617206363645,0.1227384146671546
HYB-s14-b300-a0.50,4,neutral,0.34144255440463744,0.027215716554284605,0.1227384146671546
HYB-s14-b300-a0.50,8,head_on,0.04865532642782477,0.42684564972713795,0.12482671858879182
HYB-s14-b300-a0.50,8,offensive,0.4366625487028414,0.31000665672801164,0.12482671858879182
HYB-s14-b300-a0.50,8,defensive,0.17323957046469637,0.026991639035473153,0.12482671858879182
HYB-s14-b300-a0.50,8,neutral,0.34144255440463744,0.23615605450937716,0.12482671858879182
HYB-s15-b300-a0.50,4,head_on,0.07968719065531578,0.6763902153732294,0.07698860728533458
HYB-s15-b300-a0.50,4,offensive,0.4684220946347258,0.29258058436045986,0.07698860728533458
HYB-s15-b300-a0.50,4,defensive,0.08938823995248465,0.0021869805854860475,0.07698860728533458
HYB-s15-b300-a0.50,4,neutral,0.36250247475747377,0.028842219680824684,0.07698860728533458
HYB-s15-b300-a0.50,8,head_on,0.07968719065531578,0.7245388669854859,0.047760486280785205
HYB-s15-b300-a0.50,8,offensive,0.4684220946347258,0.2611843554796223,0.047760486280785205
HYB-s15-b300-a0.50,8,defensive,0.08938823995248465,0.002968574097310981,0.047760486280785205
HYB-s15-b300-a0.50,8,neutral,0.36250247475747377,0.011308203437580813,0.047760486280785205
HYB-s16-b300-a0.50,4,head_on,0.058368924140736224,0.4745434150800538,0.12032373172112644
HYB-s16-b300-a0.50,4,offensive,0.5056945291844621,0.3299660689756538,0.12032373172112644
HYB-s16-b300-a0.50,4,defensive,0.0800284726459223,0.07165083618822234,0.12032373172112644
HYB-s16-b300-a0.50,4,neutral,0.3559080740288794,0.12383967975607005,0.12032373172112644
HYB-s16-b300-a0.50,8,head_on,0.058368924140736224,0.527872750002817,0.10501495115500185
HYB-s16-b300-a0.50,8,offensive,0.5056945291844621,0.2216242433179004,0.10501495115500185
HYB-s16-b300-a0.50,8,defensive,0.0800284726459223,0.04225068163950284,0.10501495115500185
HYB-s16-b300-a0.50,8,neutral,0.3559080740288794,0.2082523250397798,0.10501495115500185
HYB-s17-b300-a0.50,4,head_on,0.07397908857762872,0.5837511152817042,0.08134626221834795
HYB-s17-b300-a0.50,4,offensive,0.4295719076740975,0.35406744832601067,0.08134626221834795
HYB-s17-b300-a0.50,4,defensive,0.11974748471098837,0.02572441555926991,0.08134626221834795
HYB-s17-b300-a0.50,4,neutral,0.37670151903728544,0.036457020833015275,0.08134626221834795
HYB-s17-b300-a0.50,8,head_on,0.07397908857762872,0.5232278054081126,0.0738111027276882
HYB-s17-b300-a0.50,8,offensive,0.4295719076740975,0.4634154524239929,0.0738111027276882
HYB-s17-b300-a0.50,8,defensive,0.11974748471098837,0.003961057000228539,0.0738111027276882
HYB-s17-b300-a0.50,8,neutral,0.37670151903728544,0.009395685167665849,0.0738111027276882
HYB-s18-b300-a0.50,4,head_on,0.045109858059498346,0.6368047409754037,0.09160212586527133
HYB-s18-b300-a0.50,4,offensive,0.3279214466264826,0.2921906313386566,0.09160212586527133
HYB-s18-b300-a0.50,4,defensive,0.3421154967917558,0.013421515392645607,0.09160212586527133
HYB-s18-b300-a0.50,4,neutral,0.28485319852226326,0.05758311229329412,0.09160212586527133
HYB-s18-b300-a0.50,8,head_on,0.045109858059498346,0.649532443281412,0.07397813711458147
HYB-s18-b300-a0.50,8,offensive,0.3279214466264826,0.2998849349482205,0.07397813711458147
HYB-s18-b300-a0.50,8,defensive,0.3421154967917558,0.005654218820878011,0.07397813711458147
HYB-s18-b300-a0.50,8,neutral,0.28485319852226326,0.044928402949489285,0.07397813711458147
HYB-s19-b300-a0.50,4,head_on,0.06377358490566037,0.64455170818759,0.07431687451260316
HYB-s19-b300-a0.50,4,offensive,0.4757547169811321,0.34055473450935675,0.07431687451260316
HYB-s19-b300-a0.50,4,defensive,0.0810377358490566,0.004044526004747654,0.07431687451260316
HYB-s19-b300-a0.50,4,neutral,0.37943396226415094,0.0108490312983057,0.07431687451260316
HYB-s19-b300-a0.50,8,head_on,0.06377358490566037,0.7024482472764628,0.054886084972422866
HYB-s19-b300-a0.50,8,offensive,0.4757547169811321,0.28920529993629746,0.054886084972422866
HYB-s19-b300-a0.50,8,defensive,0.0810377358490566,0.0014593735080996656,0.054886084972422866
HYB-s19-b300-a0.50,8,neutral,0.37943396226415094,0.00688707927913992,0.054886084972422866
SHD-s0-b300,4,head_on,0.042797591477535896,0.6891769464408326,0.07304675922194474
SHD-s0-b300,4,offensive,0.3954608615099583,0.26249941614383654,0.07304675922194474
SHD-s0-b300,4,defensive,0.2377952755905512,0.01751872263785837,0.07304675922194474
SHD-s0-b300,4,neutral,0.3239462714219546,0.030804914777472485,0.07304675922194474
SHD-s0-b300,8,head_on,0.042797591477535896,0.6936961828112732,0.049602852859436684
SHD-s0-b300,8,offensive,0.3954608615099583,0.2766474096439146,0.049602852859436684
SHD-s0-b300,8,defensive,0.2377952755905512,0.00513296234177379,0.049602852859436684
SHD-s0-b300,8,neutral,0.3239462714219546,0.024523445203038244,0.049602852859436684
SHD-s1-b300,4,head_on,0.07054545454545455,0.47534008985673687,0.1665962516065187
SHD-s1-b300,4,offensive,0.3616623376623377,0.3408101774902203,0.1665962516065187
SHD-s1-b300,4,defensive,0.21974025974025974,0.05247967218296843,0.1665962516065187
SHD-s1-b300,4,neutral,0.34805194805194806,0.13137006047007443,0.1665962516065187
SHD-s1-b300,8,head_on,0.07054545454545455,0.28913130320714886,0.2014454577689293
SHD-s1-b300,8,offensive,0.3616623376623377,0.6137681024475033,0.2014454577689293
SHD-s1-b300,8,defensive,0.21974025974025974,0.010092262681832114,0.2014454577689293
SHD-s1-b300,8,neutral,0.34805194805194806,0.08700833166351554,0.2014454577689293
SHD-s2-b300,4,head_on,0.05791505791505792,0.6319032909135475,0.09183288455979514
SHD-s2-b300,4,offensive,0.32967032967032966,0.24299096877897275,0.09183288455979514
SHD-s2-b300,4,defensive,0.29561429561429564,0.027684617764399313,0.09183288455979514
SHD-s2-b300,4,neutral,0.3168003168003168,0.09742112254308051,0.09183288455979514
SHD-s2-b300,8,head_on,0.05791505791505792,0.7198873735893474,0.055332694875790844
SHD-s2-b300,8,offensive,0.32967032967032966,0.21788658742114092,0.055332694875790844
SHD-s2-b300,8,defensive,0.29561429561429564,0.01362836918220627,0.055332694875790844
SHD-s2-b300,8,neutral,0.3168003168003168,0.04859766980730545,0.055332694875790844
SHD-s3-b300,4,head_on,0.07001102535832414,0.7198464105337857,0.10984369638156236
SHD-s3-b300,4,offensive,0.3854465270121279,0.21456164853438545,0.10984369638156236
SHD-s3-b300,4,defensive,0.16560088202866594,0.011007176418780611,0.10984369638156236
SHD-s3-b300,4,neutral,0.37894156560088205,0.05458476451304818,0.10984369638156236
SHD-s3-b300,8,head_on,0.07001102535832414,0.7204767744862682,0.09408021509924266
SHD-s3-b300,8,offensive,0.3854465270121279,0.24233579618121678,0.09408021509924266
SHD-s3-b300,8,defensive,0.16560088202866594,0.009664269498161415,0.09408021509924266
SHD-s3-b300,8,neutral,0.37894156560088205,0.02752315983435361,0.09408021509924266
SHD-s4-b300,4,head_on,0.05554994445005555,0.6060057825467812,0.07611084656144963
SHD-s4-b300,4,offensive,0.28663771336228666,0.28033541437723786,0.07611084656144963
SHD-s4-b300,4,defensive,0.3953136046863953,0.03153179231453473,0.07611084656144963
SHD-s4-b300,4,neutral,0.2624987375012625,0.08212701076144614,0.07611084656144963
SHD-s4-b300,8,head_on,0.05554994445005555,0.6323846629721867,0.06956569437455976
SHD-s4-b300,8,offensive,0.28663771336228666,0.33743977091425803,0.06956569437455976
SHD-s4-b300,8,defensive,0.3953136046863953,0.008758923323077565,0.06956569437455976
SHD-s4-b300,8,neutral,0.2624987375012625,0.021416642790477756,0.06956569437455976
SHD-s5-b300,4,head_on,0.07015130674002751,0.6567494276450806,0.08432880019319941
SHD-s5-b300,4,offensive,0.36814698369031246,0.23297764810006022,0.08432880019319941
SHD-s5-b300,4,defensive,0.19325997248968363,0.017891889774312632,0.08432880019319941
SHD-s5-b300,4,neutral,0.3684417370799764,0.09238103448054666,0.08432880019319941
SHD-s5-b300,8,head_on,0.07015130674002751,0.5802015415860524,0.08404913680196714
SHD-s5-b300,8,offensive,0.36814698369031246,0.20112997345187444,0.08404913680196714
SHD-s5-b300,8,defensive,0.19325997248968363,0.004014652066716359,0.08404913680196714
SHD-s5-b300,8,neutral,0.3684417370799764,0.21465383289535667,0.08404913680196714
SHD-s6-b300,4,head_on,0.061204440514785345,0.6819686977372035,0.083650499504728
SHD-s6-b300,4,offensive,0.3116219667943806,0.2420376411564867,0.083650499504728
SHD-s6-b300,4,defensive,0.3212496315944592,0.02513319662937652,0.083650499504728
SHD-s6-b300,4,neutral,0.3059239610963749,0.05086046447693342,0.083650499504728
SHD-s6-b300,8,head_on,0.061204440514785345,0.6490840336343785,0.04840717234477423
SHD-s6-b300,8,offensive,0.3116219667943806,0.29899661258291,0.04840717234477423
SHD-s6-b300,8,defensive,0.3212496315944592,0.012202828647838034,0.04840717234477423
SHD-s6-b300,8,neutral,0.3059239610963749,0.039716525134873365,0.04840717234477423
SHD-s7-b300,4,head_on,0.05219478052194781,0.356027042613606,0.1302776290934044
SHD-s7-b300,4,offensive,0.41605839416058393,0.45849717000113294,0.1302776290934044
SHD-s7-b300,4,defensive,0.1481851814818518,0.012208262741117772,0.1302776290934044
SHD-s7-b300,4,neutral,0.3835616438356164,0.1732675246441435,0.1302776290934044
SHD-s7-b300,8,head_on,0.05219478052194781,0.3775037347240496,0.11376409150921575
SHD-s7-b300,8,offensive,0.41605839416058393,0.44700455531646677,0.11376409150921575
SHD-s7-b300,8,defensive,0.1481851814818518,0.0050396490896563615,0.11376409150921575
SHD-s7-b300,8,neutral,0.3835616438356164,0.1704520608698272,0.11376409150921575
SHD-s8-b300,4,head_on,0.03513162773451984,0.343886856591626,0.17115673346703686
SHD-s8-b300,4,offensive,0.3526140155728587,0.3647120951955276,0.17115673346703686
SHD-s8-b300,4,defensive,0.28476084538375973,0.06656596558889659,0.17115673346703686
SHD-s8-b300,4,neutral,0.3274935113088617,0.2248350826239499,0.17115673346703686
SHD-s8-b300,8,head_on,0.03513162773451984,0.14156429961811487,0.2799797685235301
SHD-s8-b300,8,offensive,0.3526140155728587,0.23877429565903383,0.2799797685235301
SHD-s8-b300,8,defensive,0.28476084538375973,0.46772465145923203,0.2799797685235301
SHD-s8-b300,8,neutral,0.3274935113088617,0.15193675326361925,0.2799797685235301
SHD-s9-b300,4,head_on,0.047719298245614036,0.6295165499674358,0.06599948715279519
SHD-s9-b300,4,offensive,0.37543859649122807,0.238416576782551,0.06599948715279519
SHD-s9-b300,4,defensive,0.20902255639097744,0.01592845486826231,0.06599948715279519
SHD-s9-b300,4,neutral,0.36781954887218044,0.11613841838175097,0.06599948715279519
SHD-s9-b300,8,head_on,0.047719298245614036,0.6951397332245649,0.05288444838248686
SHD-s9-b300,8,offensive,0.37543859649122807,0.265310698406234,0.05288444838248686
SHD-s9-b300,8,defensive,0.20902255639097744,0.006105693898429477,0.05288444838248686
SHD-s9-b300,8,neutral,0.36781954887218044,0.033443874470771656,0.05288444838248686
SHD-s10-b300,4,head_on,0.05642712550607287,0.24303736447670118,0.20607288245223795
SHD-s10-b300,4,offensive,0.3527327935222672,0.5324546467580991,0.20607288245223795
SHD-s10-b300,4,defensive,0.3346406882591093,0.10843765498939788,0.20607288245223795
SHD-s10-b300,4,neutral,0.2561993927125506,0.11607033377580175,0.20607288245223795
SHD-s10-b300,8,head_on,0.05642712550607287,0.34302753593621205,0.13564550112815246
SHD-s10-b300,8,offensive,0.3527327935222672,0.5370013485680855,0.13564550112815246
SHD-s10-b300,8,defensive,0.3346406882591093,0.04434183592498575,0.13564550112815246
SHD-s10-b300,8,neutral,0.2561993927125506,0.07562927957071684,0.13564550112815246
SHD-s11-b300,4,head_on,0.06095496105655266,0.5665588064141446,0.1091510331538428
SHD-s11-b300,4,offensive,0.4786093238514505,0.2533187539569465,0.1091510331538428
SHD-s11-b300,4,defensive,0.08804605485946496,0.08829493459208809,0.1091510331538428
SHD-s11-b300,4,neutral,0.3723896602325319,0.09182750503682079,0.1091510331538428
SHD-s11-b300,8,head_on,0.06095496105655266,0.6119567103784538,0.06403952713457894
SHD-s11-b300,8,offensive,0.4786093238514505,0.3227344520920341,0.06403952713457894
SHD-s11-b300,8,defensive,0.08804605485946496,0.020448588405053324,0.06403952713457894
SHD-s11-b300,8,neutral,0.3723896602325319,0.04486024912445888,0.06403952713457894
SHD-s12-b300,4,head_on,0.06590397966167987,0.30578301115266027,0.22592994251825224
SHD-s12-b300,4,offensive,0.3386134741370881,0.23598471330828427,0.22592994251825224
SHD-s12-b300,4,defensive,0.25002444509631366,0.1738860648590082,0.22592994251825224
SHD-s12-b300,4,neutral,0.34545810110491837,0.28434621068004723,0.22592994251825224
SHD-s12-b300,8,head_on,0.06590397966167987,0.21676879133674953,0.21449716213955528
SHD-s12-b300,8,offensive,0.3386134741370881,0.27070647669072245,0.21449716213955528
SHD-s12-b300,8,defensive,0.25002444509631366,0.34785714540694723,0.21449716213955528
SHD-s12-b300,8,neutral,0.34545810110491837,0.1646675865655808,0.21449716213955528
SHD-s13-b300,4,head_on,0.04921812349639134,0.5783921750926455,0.1386900143307926
SHD-s13-b300,4,offensive,0.25962309542902967,0.3191225030967083,0.1386900143307926
SHD-s13-b300,4,defensive,0.4348436246992783,0.03235503739242874,0.1386900143307926
SHD-s13-b300,4,neutral,0.2563151563753007,0.07013028441821746,0.1386900143307926
SHD-s13-b300,8,head_on,0.04921812349639134,0.579355065468203,0.10062695152813313
SHD-s13-b300,8,offensive,0.25962309542902967,0.3726124444834791,0.10062695152813313
SHD-s13-b300,8,defensive,0.4348436246992783,0.01627346934674968,0.10062695152813313
SHD-s13-b300,8,neutral,0.2563151563753007,0.031759020701568295,0.10062695152813313
SHD-s14-b300,4,head_on,0.04989276442036347,0.33860051629155086,0.12220678878232753
SHD-s14-b300,4,offensive,0.2875042329834067,0.3267648085981384,0.12220678878232753
SHD-s14-b300,4,defensive,0.4120103849192911,0.24937871139346,0.12220678878232753
SHD-s14-b300,4,neutral,0.2505926176769387,0.08525596371685097,0.12220678878232753
SHD-s14-b300,8,head_on,0.04989276442036347,0.28911933033010906,0.07958241390862233
SHD-s14-b300,8,offensive,0.2875042329834067,0.4301132272376485,0.07958241390862233
SHD-s14-b300,8,defensive,0.4120103849192911,0.23055143967699107,0.07958241390862233
SHD-s14-b300,8,neutral,0.2505926176769387,0.05021600275525151,0.07958241390862233
SHD-s15-b300,4,head_on,0.060750077487343734,0.6559780289217066,0.08608760034769199
SHD-s15-b300,4,offensive,0.2855666907738403,0.24055612715468166,0.08608760034769199
SHD-s15-b300,4,defensive,0.35902469263353654,0.03240166210974182,0.08608760034769199
SHD-s15-b300,4,neutral,0.29465853910527945,0.0710641818138697,0.08608760034769199
SHD-s15-b300,8,head_on,0.060750077487343734,0.6860064835160385,0.05661172944682371
SHD-s15-b300,8,offensive,0.2855666907738403,0.2756317597921776,0.05661172944682371
SHD-s15-b300,8,defensive,0.35902469263353654,0.008364504469570643,0.05661172944682371
SHD-s15-b300,8,neutral,0.29465853910527945,0.02999725222221296,0.05661172944682371
SHD-s16-b300,4,head_on,0.04856154012545966,0.43523756318966794,0.1657939637763747
SHD-s16-b300,4,offensive,0.3574518710793857,0.21884271393236485,0.1657939637763747
SHD-s16-b300,4,defensive,0.2736318407960199,0.09277440001101368,0.1657939637763747
SHD-s16-b300,4,neutral,0.32035474799913477,0.2531453228669534,0.1657939637763747
SHD-s16-b300,8,head_on,0.04856154012545966,0.582008882556704,0.07536469042457987
SHD-s16-b300,8,offensive,0.3574518710793857,0.30387707687397575,0.07536469042457987
SHD-s16-b300,8,defensive,0.2736318407960199,0.03110037650478853,0.07536469042457987
SHD-s16-b300,8,neutral,0.32035474799913477,0.08301366406453159,0.07536469042457987
SHD-s17-b300,4,head_on,0.06947162426614481,0.6398870748321952,0.07673953745745743
SHD-s17-b300,4,offensive,0.31137203739943464,0.25538565466213553,0.07673953745745743
SHD-s17-b300,4,defensive,0.30887149380300066,0.021810796888888154,0.07673953745745743
SHD-s17-b300,4,neutral,0.31028484453141986,0.08291647361678108,0.07673953745745743
SHD-s17-b300,8,head_on,0.06947162426614481,0.43660860718780287,0.09146372257139479
SHD-s17-b300,8,offensive,0.31137203739943464,0.5355572500410235,0.09146372257139479
SHD-s17-b300,8,defensive,0.30887149380300066,0.011519673565080482,0.09146372257139479
SHD-s17-b300,8,neutral,0.31028484453141986,0.01631446920609306,0.09146372257139479
SHD-s18-b300,4,head_on,0.031420765027322405,0.40831480286650584,0.07806950892260679
SHD-s18-b300,4,offensive,0.2613192818110851,0.41973097577122426,0.07806950892260679
SHD-s18-b300,4,defensive,0.4657494145199063,0.06310605048042918,0.07806950892260679
SHD-s18-b300,4,neutral,0.24151053864168617,0.10884817088184076,0.07806950892260679
SHD-s18-b300,8,head_on,0.031420765027322405,0.3572025175175164,0.06709905053782203
SHD-s18-b300,8,offensive,0.2613192818110851,0.5148840369283856,0.06709905053782203
SHD-s18-b300,8,defensive,0.4657494145199063,0.05751154916856234,0.06709905053782203
SHD-s18-b300,8,neutral,0.24151053864168617,0.07040189638553566,0.06709905053782203
SHD-s19-b300,4,head_on,0.05139582177851729,0.5227257048177449,0.12454050106011437
SHD-s19-b300,4,offensive,0.4339064522092808,0.2175857851869404,0.12454050106011437
SHD-s19-b300,4,defensive,0.1408763172490294,0.022689474483962836,0.12454050106011437
SHD-s19-b300,4,neutral,0.3738214087631725,0.2369990355113517,0.12454050106011437
SHD-s19-b300,8,head_on,0.05139582177851729,0.5816544079840876,0.0983663954785745
SHD-s19-b300,8,offensive,0.4339064522092808,0.2384706873145704,0.0983663954785745
SHD-s19-b300,8,defensive,0.1408763172490294,0.02079034003854006,0.0983663954785745
SHD-s19-b300,8,neutral,0.3738214087631725,0.1590845646628019,0.0983663954785745
RES-s0-b200,4,head_on,0.05297890138488707,0.6505079627430786,0.08437244649268996
RES-s0-b200,4,offensive,0.5345292313412027,0.33701764215275815,0.08437244649268996
RES-s0-b200,4,defensive,0.043219630077144716,0.0018667598129846375,0.08437244649268996
RES-s0-b200,4,neutral,0.3692722371967655,0.010607635291178499,0.08437244649268996
RES-s0-b200,8,head_on,0.05297890138488707,0.35356927893010853,0.08802118066407007
RES-s0-b200,8,offensive,0.5345292313412027,0.3876631398746487,0.08802118066407007
RES-s0-b200,8,defensive,0.043219630077144716,0.0006964772215395237,0.08802118066407007
RES-s0-b200,8,neutral,0.3692722371967655,0.25807110397370325,0.08802118066407007
RES-s1-b200,4,head_on,0.03711340206185567,0.5830669494152491,0.07164340080165361
RES-s1-b200,4,offensive,0.5310215557638238,0.38488983065325494,0.07164340080165361
RES-s1-b200,4,defensive,0.08903467666354264,0.005952493301414493,0.07164340080165361
RES-s1-b200,4,neutral,0.3428303655107779,0.026090726630081478,0.07164340080165361
RES-s1-b200,8,head_on,0.03711340206185567,0.6618905180472584,0.063148260542792
RES-s1-b200,8,offensive,0.5310215557638238,0.330758122054547,0.063148260542792
RES-s1-b200,8,defensive,0.08903467666354264,0.002196743211310706,0.063148260542792
RES-s1-b200,8,neutral,0.3428303655107779,0.005154616686883876,0.063148260542792
RES-s2-b200,4,head_on,0.05736782902137233,0.7318239246208806,0.08720032501509492
RES-s2-b200,4,offensive,0.5250281214848144,0.2515976550381254,0.08720032501509492
RES-s2-b200,4,defensive,0.03608923884514436,0.005037839167183131,0.08720032501509492
RES-s2-b200,4,neutral,0.38151481064866893,0.011540581173810726,0.08720032501509492
RES-s2-b200,8,head_on,0.05736782902137233,0.5760243238689302,0.07909824700629332
RES-s2-b200,8,offensive,0.5250281214848144,0.4214356660147999,0.07909824700629332
RES-s2-b200,8,defensive,0.03608923884514436,0.0004557954467989003,0.07909824700629332
RES-s2-b200,8,neutral,0.38151481064866893,0.0020842146694711166,0.07909824700629332
GATE-s0-b200,4,head_on,0.052080330546747385,0.7599555939269224,0.07599638967034616
GATE-s0-b200,4,offensive,0.5447295089843375,0.22740858245315676,0.07599638967034616
GATE-s0-b200,4,defensive,0.06044008840203709,0.002410412739839479,0.07599638967034616
GATE-s0-b200,4,neutral,0.3427500720668781,0.010225410880081297,0.07599638967034616
GATE-s0-b200,8,head_on,0.052080330546747385,0.7407952723515164,0.08319552206727182
GATE-s0-b200,8,offensive,0.5447295089843375,0.24478318115260791,0.08319552206727182
GATE-s0-b200,8,defensive,0.06044008840203709,0.0006953967512740315,0.08319552206727182
GATE-s0-b200,8,neutral,0.3427500720668781,0.013726149744601686,0.08319552206727182
GATE-s1-b200,4,head_on,0.04790652385589095,0.6696814800330577,0.07062910200146065
GATE-s1-b200,4,offensive,0.5754625121713729,0.3157972534945329,0.07062910200146065
GATE-s1-b200,4,defensive,0.034469328140214216,0.003999528957685664,0.07062910200146065
GATE-s1-b200,4,neutral,0.3421616358325219,0.010521737514723677,0.07062910200146065
GATE-s1-b200,8,head_on,0.04790652385589095,0.6135777445721138,0.06497462153707853
GATE-s1-b200,8,offensive,0.5754625121713729,0.3698454462201466,0.06497462153707853
GATE-s1-b200,8,defensive,0.034469328140214216,0.0021265868795738436,0.06497462153707853
GATE-s1-b200,8,neutral,0.3421616358325219,0.014450222328165781,0.06497462153707853
GATE-s2-b200,4,head_on,0.04930910467537384,0.6710627065864319,0.07373601395496467
GATE-s2-b200,4,offensive,0.5538519780427787,0.30125327710890093,0.07373601395496467
GATE-s2-b200,4,defensive,0.040128714745409806,0.002622624963166663,0.07373601395496467
GATE-s2-b200,4,neutral,0.35671020253643765,0.025061391341500747,0.07373601395496467
GATE-s2-b200,8,head_on,0.04930910467537384,0.5533702581685227,0.1170160132924282
GATE-s2-b200,8,offensive,0.5538519780427787,0.4373600690144311,0.1170160132924282
GATE-s2-b200,8,defensive,0.040128714745409806,0.0010803421640073617,0.1170160132924282
GATE-s2-b200,8,neutral,0.35671020253643765,0.008189330653038897,0.1170160132924282
