cond,source,split,region,n,n_ep,F4,F8,F16,D90,D95
BT-v1,own,grouped,head_on,335,22,,,,,
BT-v1,own,random,head_on,335,22,,,,,
BT-v1,own,grouped,offensive,2365,49,1.0,1.0,1.0,1.0,2.0
BT-v1,own,random,offensive,2365,49,1.0,1.0,1.0,1.0,2.0
BT-v1,own,grouped,defensive,23927,58,1.0,1.0,1.0,1.0,1.0
BT-v1,own,random,defensive,23927,58,0.999853399011012,0.999853399011012,0.999853399011012,1.0,1.0
BT-v1,own,grouped,neutral,1406,39,1.0,1.0,1.0,1.0,1.0
BT-v1,own,random,neutral,1406,39,1.0,1.0,1.0,1.0,1.0
BT-v1,pool,random,head_on,2482,0,0.6303644837935126,0.9861605957731909,0.9890358978484747,5.0,6.0
BT-v1,pool,random,offensive,17071,0,0.9997997061914289,0.9997997061914289,0.9997997061914289,1.0,1.0
BT-v1,pool,random,defensive,7203,0,0.9995201260596198,0.9995201260596198,0.9995201260596198,1.0,1.0
BT-v1,pool,random,neutral,13244,0,0.99899247653274,0.99899247653274,0.99899247653274,1.0,1.0
BT-v2,own,grouped,head_on,1278,48,0.6314488319493784,0.5944419289876655,0.578042071350103,17.0,17.0
BT-v2,own,random,head_on,1278,48,0.9498563514352409,0.9687333311062096,0.9651986734502407,4.0,5.0
BT-v2,own,grouped,offensive,15626,60,0.9910099806323698,0.9971061573699725,0.9968847958825896,1.0,2.0
BT-v2,own,random,offensive,15626,60,0.9896636632656979,0.9946835676779318,0.9949534829943821,1.0,2.0
BT-v2,own,grouped,defensive,5011,43,0.9991511629877585,0.9998867045133917,0.9998696630743553,1.0,2.0
BT-v2,own,random,defensive,5011,43,0.9880958747972226,0.988647375562304,0.9886744122286723,1.0,2.0
BT-v2,own,grouped,neutral,10063,52,0.9997632867350935,0.9999211310300768,0.9999112740878509,1.0,1.0
BT-v2,own,random,neutral,10063,52,0.9997664329202249,0.9999671201787236,0.9999737479220833,1.0,1.0
BT-v2,pool,random,head_on,2482,0,0.8654292582059606,0.9303167712606375,0.9258409259785593,5.0,17.0
BT-v2,pool,random,offensive,17071,0,0.9911506101972041,0.9985985328226429,0.9991996297798141,1.0,1.0
BT-v2,pool,random,defensive,7203,0,0.9984245139531412,0.9997868192218554,0.9998550298743064,1.0,1.0
BT-v2,pool,random,neutral,13244,0,0.9968902794943935,0.9969024770115803,0.9969925584196474,1.0,1.0
BT-v3,own,grouped,head_on,1650,51,0.8848842250265087,0.8606469155433486,0.8729113930949176,7.0,17.0
BT-v3,own,random,head_on,1650,51,0.902701401422351,0.9386833309249538,0.9390494833616918,4.0,17.0
BT-v3,own,grouped,offensive,11476,58,0.9927867094104639,0.9978205853658033,0.9981502034776402,3.0,3.0
BT-v3,own,random,offensive,11476,58,0.9933281329162386,0.9985758460583618,0.9989672230681078,2.0,3.0
BT-v3,own,grouped,defensive,8531,50,0.987217411362609,0.9917432385880246,0.9917138850894153,3.0,3.0
BT-v3,own,random,defensive,8531,50,0.9948418556702336,0.9962192036187102,0.9962418105630106,3.0,3.0
BT-v3,own,grouped,neutral,9577,53,0.9917285662538767,0.9927476848331866,0.9927577607791306,3.0,4.0
BT-v3,own,random,neutral,9577,53,0.9970678021547823,0.9981161980463941,0.9981381648595721,2.0,4.0
BT-v3,pool,random,head_on,2482,0,0.8669004564508048,0.9432010750996139,0.9322693201292063,5.0,17.0
BT-v3,pool,random,offensive,17071,0,0.9851661812890582,0.9953815659726978,0.9960276512821347,2.0,3.0
BT-v3,pool,random,defensive,7203,0,0.9948287359506686,0.9976792065139048,0.9978350427208015,1.0,2.0
BT-v3,pool,random,neutral,13244,0,0.995358101912052,0.9951074474798283,0.9959105731797071,2.0,2.0
RL-s0-b0-a1.00,own,grouped,head_on,1350,47,0.8695438310670055,0.891248343074422,0.8672934240944842,17.0,17.0
RL-s0-b0-a1.00,own,random,head_on,1350,47,0.8933353910135695,0.9103979838541433,0.9198976376411993,5.0,17.0
RL-s0-b0-a1.00,own,grouped,offensive,15781,60,0.947300411195051,0.9512230400144533,0.9539988409401492,1.0,2.0
RL-s0-b0-a1.00,own,random,offensive,15781,60,0.9834328297217155,0.988183171648831,0.9896726541693042,1.0,2.0
RL-s0-b0-a1.00,own,grouped,defensive,5158,39,0.9829386477298561,0.9855026189834353,0.9809706699479689,2.0,2.0
RL-s0-b0-a1.00,own,random,defensive,5158,39,0.9972921013544478,0.9995457830730152,0.9996200765908763,1.0,2.0
RL-s0-b0-a1.00,own,grouped,neutral,8811,51,0.9995581123422572,0.999844931933374,0.999874411847534,1.0,1.0
RL-s0-b0-a1.00,own,random,neutral,8811,51,0.9997016849335176,0.999916926643823,0.9999323852409157,1.0,1.0
RL-s0-b0-a1.00,pool,random,head_on,2482,0,0.7584691854547496,0.8168425198147081,0.8156300438786217,17.0,17.0
RL-s0-b0-a1.00,pool,random,offensive,17071,0,0.9792464487330736,0.986538820156952,0.9880079571091379,1.0,2.0
RL-s0-b0-a1.00,pool,random,defensive,7203,0,0.9957715431422564,0.9980919168596003,0.9981839457130149,1.0,1.0
RL-s0-b0-a1.00,pool,random,neutral,13244,0,0.9965168408439868,0.9966334350242687,0.9965516076330933,1.0,1.0
BTO-s0-b300,own,grouped,head_on,1363,48,0.7373742628871172,0.8781973620710581,0.8860335042438586,5.0,17.0
BTO-s0-b300,own,random,head_on,1363,48,0.8149422352228962,0.841667042869205,0.8519191249161341,17.0,17.0
BTO-s0-b300,own,grouped,offensive,14684,60,0.9878742091078553,0.9955903897182026,0.9957264672748367,2.0,3.0
BTO-s0-b300,own,random,offensive,14684,60,0.9881436711749088,0.9980424514627636,0.9985277360832284,2.0,3.0
BTO-s0-b300,own,grouped,defensive,6003,47,0.9805574270529656,0.9877791792365367,0.9878515704576207,3.0,3.0
BTO-s0-b300,own,random,defensive,6003,47,0.9811154733504387,0.9861366792166063,0.9862025581920683,3.0,3.0
BTO-s0-b300,own,grouped,neutral,9046,51,0.9907091112485854,0.9996316675576676,0.9998629735984587,2.0,3.0
BTO-s0-b300,own,random,neutral,9046,51,0.9958967376381709,0.9968071668067237,0.987487798838247,2.0,2.0
BTO-s0-b300,pool,random,head_on,2482,0,0.8415985503239178,0.9505808738920414,0.956659014292076,5.0,8.0
BTO-s0-b300,pool,random,offensive,17071,0,0.9855849359241995,0.996087578357917,0.9973798292518884,2.0,2.0
BTO-s0-b300,pool,random,defensive,7203,0,0.9880331208557139,0.9909230756865581,0.9881141391789874,1.0,2.0
BTO-s0-b300,pool,random,neutral,13244,0,0.9965401271438686,0.997331922783886,0.9971339354740689,2.0,2.0
BTO-s1-b300,own,grouped,head_on,1843,50,0.8706962048006169,0.8789539672550951,0.8885930654060988,5.0,17.0
BTO-s1-b300,own,random,head_on,1843,50,0.8932776466831485,0.8942964038698477,0.8954953169492141,5.0,17.0
BTO-s1-b300,own,grouped,offensive,15033,60,0.9881722276519338,0.9943370750824502,0.9956922809251222,2.0,3.0
BTO-s1-b300,own,random,offensive,15033,60,0.9890120534892771,0.9952825895664079,0.9958454272799486,2.0,3.0
BTO-s1-b300,own,grouped,defensive,5678,45,0.9677477423735659,0.978700503941773,0.9786667530950284,3.0,3.0
BTO-s1-b300,own,random,defensive,5678,45,0.9951794553794192,0.9969043240555341,0.9969332365826944,3.0,3.0
BTO-s1-b300,own,grouped,neutral,10004,56,0.9993450305079141,0.9999294811015318,0.9999440450173733,2.0,2.0
BTO-s1-b300,own,random,neutral,10004,56,0.9971978541318547,0.9999551060460226,0.9999811770887396,2.0,2.0
BTO-s1-b300,pool,random,head_on,2482,0,0.896560620601763,0.9550452261081455,0.953141531118426,5.0,7.0
BTO-s1-b300,pool,random,offensive,17071,0,0.9831539835848727,0.9944319429418264,0.9954641600657119,2.0,3.0
BTO-s1-b300,pool,random,defensive,7203,0,0.9892415532157308,0.9921485193508699,0.9922941960096765,1.0,2.0
BTO-s1-b300,pool,random,neutral,13244,0,0.996488658122088,0.9956847876203057,0.9955122435140112,1.0,2.0
BTO-s2-b300,own,grouped,head_on,1421,48,0.736394306865947,0.7120302296006489,0.7353369093977624,17.0,17.0
BTO-s2-b300,own,random,head_on,1421,48,0.8622723215471996,0.8626922120489936,0.8614702249909444,9.0,17.0
BTO-s2-b300,own,grouped,offensive,15363,60,0.9891452613652968,0.9965188355497924,0.9964426500127874,2.0,3.0
BTO-s2-b300,own,random,offensive,15363,60,0.9784055679495738,0.9866256498746019,0.9904564822116121,2.0,3.0
BTO-s2-b300,own,grouped,defensive,5413,44,0.9981550452930241,0.999887913161791,0.9999099063032566,3.0,3.0
BTO-s2-b300,own,random,defensive,5413,44,0.9981670528849353,0.9998846598560078,0.9999203545274363,3.0,3.0
BTO-s2-b300,own,grouped,neutral,9120,50,0.991013286898248,0.9922387405014513,0.9922561265208716,2.0,3.0
BTO-s2-b300,own,random,neutral,9120,50,0.9945980915679876,0.9969282562227995,0.9969714864759747,2.0,2.0
BTO-s2-b300,pool,random,head_on,2482,0,0.8521969671640555,0.8994536574913863,0.9105447742152475,5.0,17.0
BTO-s2-b300,pool,random,offensive,17071,0,0.9851838626080367,0.9964789394599555,0.9974960747333156,2.0,2.0
BTO-s2-b300,pool,random,defensive,7203,0,0.9879523287618758,0.9909238610702673,0.9910680453804799,1.0,2.0
BTO-s2-b300,pool,random,neutral,13244,0,0.9965398934596379,0.9973317433488589,0.9971256581951581,2.0,2.0
RL-s0-b300-a1.00,own,grouped,head_on,1872,54,0.9028106324616295,0.9096869108897991,0.9156812616234048,4.0,17.0
RL-s0-b300-a1.00,own,random,head_on,1872,54,0.9043759013658356,0.895108141823805,0.8863904815405935,4.0,17.0
RL-s0-b300-a1.00,own,grouped,offensive,16724,60,0.9761920769378731,0.9752972608219344,0.9792059428967835,1.0,2.0
RL-s0-b300-a1.00,own,random,offensive,16724,60,0.9692279633338043,0.9783909907689536,0.9811079435727872,1.0,2.0
RL-s0-b300-a1.00,own,grouped,defensive,4147,30,0.9992779386283349,0.999678498564984,0.9997804737168555,1.0,1.0
RL-s0-b300-a1.00,own,random,defensive,4147,30,0.9989331267879653,0.9998508477621334,0.9997930110665053,1.0,1.0
RL-s0-b300-a1.00,own,grouped,neutral,12544,59,0.998982235750712,0.999044743990806,0.9996808391076197,1.0,1.0
RL-s0-b300-a1.00,own,random,neutral,12544,59,0.9994514259968824,0.999852027833994,0.9998804072076903,1.0,1.0
RL-s0-b300-a1.00,pool,random,head_on,2482,0,0.7710577169276178,0.8053625350468615,0.8134346433999137,17.0,17.0
RL-s0-b300-a1.00,pool,random,offensive,17071,0,0.8957284608322161,0.9172066766405097,0.9217304230165363,5.0,17.0
RL-s0-b300-a1.00,pool,random,defensive,7203,0,0.9759807945826869,0.9826467244698288,0.9752274321171379,2.0,2.0
RL-s0-b300-a1.00,pool,random,neutral,13244,0,0.9912756298382381,0.9930715616349628,0.9925452836485388,1.0,1.0
RL-s1-b300-a1.00,own,grouped,head_on,3432,54,0.6300986918562755,0.6461434387759609,0.6440909656208824,17.0,17.0
RL-s1-b300-a1.00,own,random,head_on,3432,54,0.7546272197516437,0.7948768008077393,0.8034851234286189,17.0,17.0
RL-s1-b300-a1.00,own,grouped,offensive,14981,60,0.8265366844426318,0.8350297325541117,0.7816891486574085,17.0,17.0
RL-s1-b300-a1.00,own,random,offensive,14981,60,0.8961659127393778,0.9301323782986637,0.9293353067746064,5.0,17.0
RL-s1-b300-a1.00,own,grouped,defensive,2634,26,0.9986423163177828,0.9992849419274997,0.9991726563585488,1.0,1.0
RL-s1-b300-a1.00,own,random,defensive,2634,26,0.9989467172458466,0.9993715244751423,0.9994263773761912,1.0,1.0
RL-s1-b300-a1.00,own,grouped,neutral,12899,60,0.9957838021267134,0.9969966509463769,0.9964635739054074,1.0,1.0
RL-s1-b300-a1.00,own,random,neutral,12899,60,0.9969698702919159,0.9992773475416196,0.9995271366459036,1.0,1.0
RL-s1-b300-a1.00,pool,random,head_on,2482,0,0.7210858384536033,0.6916753268311805,0.710260755537734,17.0,17.0
RL-s1-b300-a1.00,pool,random,offensive,17071,0,0.9003997580118356,0.9361504365258804,0.9439563289455289,4.0,17.0
RL-s1-b300-a1.00,pool,random,defensive,7203,0,0.9536809160265137,0.9616048687043086,0.9642615378094496,2.0,3.0
RL-s1-b300-a1.00,pool,random,neutral,13244,0,0.9905988977843083,0.9954140386560242,0.995979377970287,1.0,2.0
RL-s2-b300-a1.00,own,grouped,head_on,2264,54,0.7567414576586283,0.7747650213217862,0.7658623315081982,17.0,17.0
RL-s2-b300-a1.00,own,random,head_on,2264,54,0.8078890332898165,0.8859463698968225,0.8774250881011211,17.0,17.0
RL-s2-b300-a1.00,own,grouped,offensive,12124,60,0.9498309508010014,0.9667174870521148,0.9655258001509592,1.0,5.0
RL-s2-b300-a1.00,own,random,offensive,12124,60,0.9393536291453755,0.9672959271378168,0.9661144237800399,1.0,6.0
RL-s2-b300-a1.00,own,grouped,defensive,8701,54,0.9935276208978315,0.9976948997600971,0.996519845163887,1.0,1.0
RL-s2-b300-a1.00,own,random,defensive,8701,54,0.9958176555278356,0.9979317706530132,0.998617572071582,1.0,1.0
RL-s2-b300-a1.00,own,grouped,neutral,11108,60,0.9916665862852023,0.9961401482930451,0.9962135640374328,1.0,2.0
RL-s2-b300-a1.00,own,random,neutral,11108,60,0.9929318445822215,0.9981798197937427,0.9986668776490902,1.0,2.0
RL-s2-b300-a1.00,pool,random,head_on,2482,0,0.7476622289213793,0.8090604917988192,0.7762950591276415,17.0,17.0
RL-s2-b300-a1.00,pool,random,offensive,17071,0,0.8596268783521527,0.9012441604134026,0.8972663065905088,8.0,17.0
RL-s2-b300-a1.00,pool,random,defensive,7203,0,0.9521435493760384,0.9732675791367739,0.9740682214220874,3.0,4.0
RL-s2-b300-a1.00,pool,random,neutral,13244,0,0.9631352199860346,0.9788770655252451,0.9817434668931976,3.0,4.0
RL-s3-b300-a1.00,own,grouped,head_on,3330,54,0.8693965620544355,0.872386816468115,0.8593918418659653,17.0,17.0
RL-s3-b300-a1.00,own,random,head_on,3330,54,0.8623353264107387,0.8890514913850367,0.8926859558712522,10.0,17.0
RL-s3-b300-a1.00,own,grouped,offensive,14751,60,0.9096724562990293,0.9408847695982809,0.9447119929437684,1.0,15.0
RL-s3-b300-a1.00,own,random,offensive,14751,60,0.9343644858504757,0.9639401771319698,0.9596869472876567,2.0,7.0
RL-s3-b300-a1.00,own,grouped,defensive,2743,35,0.9949348083189808,0.9981773942471359,0.9961355949251622,1.0,1.0
RL-s3-b300-a1.00,own,random,defensive,2743,35,0.9984303874811645,0.9995550261403054,0.9995791056467962,1.0,1.0
RL-s3-b300-a1.00,own,grouped,neutral,13659,60,0.9929894302182817,0.997154778040427,0.9973273734658462,1.0,1.0
RL-s3-b300-a1.00,own,random,neutral,13659,60,0.9960565149032125,0.9988389507648032,0.9992356867729407,1.0,1.0
RL-s3-b300-a1.00,pool,random,head_on,2482,0,0.7050080691100674,0.7468773287137532,0.7177012595475253,17.0,17.0
RL-s3-b300-a1.00,pool,random,offensive,17071,0,0.8612632925803873,0.9021399667333084,0.9114734161880739,6.0,17.0
RL-s3-b300-a1.00,pool,random,defensive,7203,0,0.9576076294757047,0.9566107713818611,0.9613044125087136,2.0,3.0
RL-s3-b300-a1.00,pool,random,neutral,13244,0,0.986801750650893,0.9951270027704592,0.9956893516567971,2.0,3.0
RL-s4-b300-a1.00,own,grouped,head_on,2171,52,0.8889529685127752,0.8228887615455843,0.8126555966969249,17.0,17.0
RL-s4-b300-a1.00,own,random,head_on,2171,52,0.8259561052334602,0.8265659280751131,0.8183689620738535,17.0,17.0
RL-s4-b300-a1.00,own,grouped,offensive,11632,60,0.9470595646132094,0.9443353863194947,0.9325707175892218,2.0,6.0
RL-s4-b300-a1.00,own,random,offensive,11632,60,0.9201461886797773,0.9424118690230049,0.9473183773031265,3.0,9.0
RL-s4-b300-a1.00,own,grouped,defensive,12421,39,0.9979818327358762,0.9994043523837624,0.9995050996639636,1.0,1.0
RL-s4-b300-a1.00,own,random,defensive,12421,39,0.9972438260890292,0.9996569580930661,0.9998172913882376,1.0,2.0
RL-s4-b300-a1.00,own,grouped,neutral,9122,60,0.9949236243650702,0.9972647646136752,0.9975643550103486,1.0,1.0
RL-s4-b300-a1.00,own,random,neutral,9122,60,0.9967484277799571,0.9990246934177959,0.9991955787711672,1.0,1.0
RL-s4-b300-a1.00,pool,random,head_on,2482,0,0.7696609496255503,0.7823503672733572,0.7577346934923597,17.0,17.0
RL-s4-b300-a1.00,pool,random,offensive,17071,0,0.8901889205412868,0.924476650239791,0.9160265723533786,5.0,17.0
RL-s4-b300-a1.00,pool,random,defensive,7203,0,0.9453947455249657,0.9425910739530244,0.9430967734470255,2.0,17.0
RL-s4-b300-a1.00,pool,random,neutral,13244,0,0.9860839798161869,0.9891587868981796,0.9900229931996368,1.0,1.0
RL-s5-b300-a1.00,own,grouped,head_on,2576,55,0.8014357775325002,0.8117010566727224,0.8150522455126852,17.0,17.0
RL-s5-b300-a1.00,own,random,head_on,2576,55,0.8044672846370478,0.8447587778114958,0.8319138711907471,17.0,17.0
RL-s5-b300-a1.00,own,grouped,offensive,13753,60,0.9473075084568496,0.9485719003096528,0.9549663274596575,1.0,5.0
RL-s5-b300-a1.00,own,random,offensive,13753,60,0.9505614351683552,0.9704564467545824,0.9685534599690595,1.0,4.0
RL-s5-b300-a1.00,own,grouped,defensive,5798,39,0.9958536233133808,0.997804661541462,0.9982136036433124,1.0,2.0
RL-s5-b300-a1.00,own,random,defensive,5798,39,0.9967978918922171,0.9986190065035346,0.9986099645925784,1.0,2.0
RL-s5-b300-a1.00,own,grouped,neutral,12519,60,0.9974573843929545,0.9984362046267733,0.9990214793511518,1.0,1.0
RL-s5-b300-a1.00,own,random,neutral,12519,60,0.9972819803538487,0.9991927820700145,0.9993280779967956,1.0,1.0
RL-s5-b300-a1.00,pool,random,head_on,2482,0,0.7776980217127732,0.8482993361647732,0.8632517279838087,17.0,17.0
RL-s5-b300-a1.00,pool,random,offensive,17071,0,0.9183119223494457,0.9296205150165775,0.9389613764718103,4.0,17.0
RL-s5-b300-a1.00,pool,random,defensive,7203,0,0.9773239284684423,0.9858401112530237,0.9866700218390214,2.0,3.0
RL-s5-b300-a1.00,pool,random,neutral,13244,0,0.9837228451217725,0.9895212177681079,0.9903192542590245,1.0,2.0
RL-s6-b300-a1.00,own,grouped,head_on,2558,52,0.8708767054926543,0.923116642705538,0.9312926187202686,7.0,17.0
RL-s6-b300-a1.00,own,random,head_on,2558,52,0.9045734457842486,0.9294949110493036,0.9264602324346176,4.0,17.0
RL-s6-b300-a1.00,own,grouped,offensive,11194,60,0.8937475798496751,0.9229053701658547,0.9226902279370696,6.0,17.0
RL-s6-b300-a1.00,own,random,offensive,11194,60,0.9083159128781731,0.9388410036601486,0.9403509569217263,3.0,17.0
RL-s6-b300-a1.00,own,grouped,defensive,11247,41,0.9948921235860548,0.9981917411064741,0.998889803010109,1.0,2.0
RL-s6-b300-a1.00,own,random,defensive,11247,41,0.9937520333687739,0.9990066804250207,0.9995403292244454,1.0,2.0
RL-s6-b300-a1.00,own,grouped,neutral,10437,59,0.9915551812603582,0.9880276380680816,0.9926891139908268,1.0,2.0
RL-s6-b300-a1.00,own,random,neutral,10437,59,0.9924413053505169,0.9979890185532418,0.9986429598057007,1.0,2.0
RL-s6-b300-a1.00,pool,random,head_on,2482,0,0.6711380182112677,0.7988996811763894,0.8217377781788788,17.0,17.0
RL-s6-b300-a1.00,pool,random,offensive,17071,0,0.8695817936743387,0.9132962644060908,0.9259322181845131,7.0,17.0
RL-s6-b300-a1.00,pool,random,defensive,7203,0,0.9613658387095522,0.9654830532233,0.9665345456958857,2.0,3.0
RL-s6-b300-a1.00,pool,random,neutral,13244,0,0.9658499756740498,0.9818751252476332,0.9835864395554496,2.0,3.0
RL-s7-b300-a1.00,own,grouped,head_on,1714,54,0.7855030245720603,0.7862237423707544,0.7280212797356213,17.0,17.0
RL-s7-b300-a1.00,own,random,head_on,1714,54,0.650580439281717,0.7311286975917459,0.7261749822222585,17.0,17.0
RL-s7-b300-a1.00,own,grouped,offensive,16855,60,0.928109321888814,0.9233502427883066,0.9462718345582979,2.0,17.0
RL-s7-b300-a1.00,own,random,offensive,16855,60,0.9407377477904646,0.9558476292719374,0.9615854135747044,1.0,6.0
RL-s7-b300-a1.00,own,grouped,defensive,4018,41,0.9934618406803052,0.9901125325102715,0.9960538070796953,2.0,2.0
RL-s7-b300-a1.00,own,random,defensive,4018,41,0.9966578396409975,0.9992668898531696,0.9995354183390188,1.0,2.0
RL-s7-b300-a1.00,own,grouped,neutral,12686,60,0.9940933651177826,0.9956850630990673,0.9966464259102452,1.0,2.0
RL-s7-b300-a1.00,own,random,neutral,12686,60,0.9963205656326422,0.9985923236372263,0.9989228968276139,1.0,2.0
RL-s7-b300-a1.00,pool,random,head_on,2482,0,0.6869584029631921,0.7403354369163961,0.7350855385369327,17.0,17.0
RL-s7-b300-a1.00,pool,random,offensive,17071,0,0.8811631324497228,0.91567518903007,0.9250809850744545,6.0,17.0
RL-s7-b300-a1.00,pool,random,defensive,7203,0,0.975232137227039,0.9900763465362297,0.9848158192474176,2.0,2.0
RL-s7-b300-a1.00,pool,random,neutral,13244,0,0.9889084488415344,0.9966784557362007,0.9975444728325951,1.0,2.0
RL-s8-b300-a1.00,own,grouped,head_on,1949,51,0.8013726447272532,0.8159510657725407,0.8266669450472426,17.0,17.0
RL-s8-b300-a1.00,own,random,head_on,1949,51,0.8254356589630772,0.8601688465262088,0.8718292043421667,17.0,17.0
RL-s8-b300-a1.00,own,grouped,offensive,14183,60,0.7479912751869424,0.7639612851137848,0.7580946191672424,17.0,17.0
RL-s8-b300-a1.00,own,random,offensive,14183,60,0.9219175959225115,0.939487328274359,0.9511703021579384,3.0,14.0
RL-s8-b300-a1.00,own,grouped,defensive,6029,39,0.9976007480403091,0.9986772288254114,0.9981312257240056,1.0,1.0
RL-s8-b300-a1.00,own,random,defensive,6029,39,0.9985434313806011,0.9996209430776647,0.9997623924185911,1.0,1.0
RL-s8-b300-a1.00,own,grouped,neutral,12401,58,0.9962539338550965,0.9960741167268888,0.9985877792552272,1.0,1.0
RL-s8-b300-a1.00,own,random,neutral,12401,58,0.9970896459805796,0.9989292826768535,0.9992635447035638,1.0,1.0
RL-s8-b300-a1.00,pool,random,head_on,2482,0,0.6414436307719988,0.6658859237489556,0.6642261757221776,17.0,17.0
RL-s8-b300-a1.00,pool,random,offensive,17071,0,0.8293005683615977,0.8970345222579311,0.8961991020668447,11.0,17.0
RL-s8-b300-a1.00,pool,random,defensive,7203,0,0.9592089277653204,0.9653015973788899,0.984408082571787,3.0,4.0
RL-s8-b300-a1.00,pool,random,neutral,13244,0,0.9916388876434888,0.99589750199539,0.9965570240292297,1.0,2.0
RL-s9-b300-a1.00,own,grouped,head_on,2558,55,0.8908740590136459,0.8932044242717752,0.8821176148135562,5.0,17.0
RL-s9-b300-a1.00,own,random,head_on,2558,55,0.8969615962528423,0.9058492375208415,0.9062790078189867,5.0,17.0
RL-s9-b300-a1.00,own,grouped,offensive,15139,60,0.957241025258394,0.9739158883692168,0.9625472914265074,1.0,3.0
RL-s9-b300-a1.00,own,random,offensive,15139,60,0.9609381393741299,0.9694984537961829,0.9732618924989307,1.0,2.0
RL-s9-b300-a1.00,own,grouped,defensive,3925,42,0.9986582387727041,0.9989567418664685,0.9989429509904675,1.0,1.0
RL-s9-b300-a1.00,own,random,defensive,3925,42,0.9995614394177419,0.9999265326946664,0.9999360928467181,1.0,1.0
RL-s9-b300-a1.00,own,grouped,neutral,13476,59,0.997655670495123,0.9992118532169413,0.99933879705507,1.0,1.0
RL-s9-b300-a1.00,own,random,neutral,13476,59,0.9980160409908744,0.9995549527019771,0.9997059521184495,1.0,1.0
RL-s9-b300-a1.00,pool,random,head_on,2482,0,0.8312328504002879,0.8722985498279386,0.8661516864136269,17.0,17.0
RL-s9-b300-a1.00,pool,random,offensive,17071,0,0.9098847701836786,0.9480231197029095,0.9584732446137846,4.0,9.0
RL-s9-b300-a1.00,pool,random,defensive,7203,0,0.9625898459810455,0.9691610405343307,0.9715412378642246,2.0,3.0
RL-s9-b300-a1.00,pool,random,neutral,13244,0,0.98441220207388,0.988647710794741,0.9894312725883753,1.0,2.0
RL-s10-b300-a1.00,own,grouped,head_on,1357,49,0.7502814858314117,0.8018028081038172,0.813546744181524,17.0,17.0
RL-s10-b300-a1.00,own,random,head_on,1357,49,0.7803314319443748,0.8309513830069698,0.8506309419901674,17.0,17.0
RL-s10-b300-a1.00,own,grouped,offensive,8696,60,0.7649719005120919,0.8637911527482225,0.8571776488108105,17.0,17.0
RL-s10-b300-a1.00,own,random,offensive,8696,60,0.8317908838284561,0.8700605318040906,0.8766353474964104,17.0,17.0
RL-s10-b300-a1.00,own,grouped,defensive,13286,48,0.9885889664204789,0.9902926363571211,0.9902783534544062,1.0,2.0
RL-s10-b300-a1.00,own,random,defensive,13286,48,0.9876200204182704,0.9961128362568347,0.997016691439595,2.0,3.0
RL-s10-b300-a1.00,own,grouped,neutral,6446,55,0.9910588333184306,0.994244502138065,0.9972377624112195,2.0,2.0
RL-s10-b300-a1.00,own,random,neutral,6446,55,0.9916909074116873,0.9978791787978646,0.9989457033428067,2.0,2.0
RL-s10-b300-a1.00,pool,random,head_on,2482,0,0.8109383976396239,0.8457405315997388,0.8531595673684024,17.0,17.0
RL-s10-b300-a1.00,pool,random,offensive,17071,0,0.8184104247956816,0.9008707292857155,0.9053941294775644,8.0,17.0
RL-s10-b300-a1.00,pool,random,defensive,7203,0,0.9582242128483812,0.9795722560934399,0.9813583375820225,3.0,4.0
RL-s10-b300-a1.00,pool,random,neutral,13244,0,0.9698008580159957,0.9894315862507871,0.9907019899778166,3.0,3.0
RL-s11-b300-a1.00,own,grouped,head_on,2417,52,0.8753650522792487,0.8518691883998117,0.8244936608345076,17.0,17.0
RL-s11-b300-a1.00,own,random,head_on,2417,52,0.8572396494908486,0.8817866759831802,0.8730349392873865,17.0,17.0
RL-s11-b300-a1.00,own,grouped,offensive,18121,60,0.9646912127090423,0.9703967447477053,0.9737095559261655,1.0,2.0
RL-s11-b300-a1.00,own,random,offensive,18121,60,0.9604531335493222,0.9706029063432479,0.9750119523502017,1.0,3.0
RL-s11-b300-a1.00,own,grouped,defensive,1012,17,0.9949475603770518,0.9959018824997122,0.99146630034609,1.0,1.0
RL-s11-b300-a1.00,own,random,defensive,1012,17,0.9988923825147099,0.9993369410901207,0.999080453227261,1.0,1.0
RL-s11-b300-a1.00,own,grouped,neutral,12425,59,0.9975162424400044,0.9987395774710932,0.9987408947260714,1.0,1.0
RL-s11-b300-a1.00,own,random,neutral,12425,59,0.9987950425707447,0.9996760074723275,0.9997547635879598,1.0,1.0
RL-s11-b300-a1.00,pool,random,head_on,2482,0,0.8335165720998371,0.8457145282075068,0.8400073187474926,17.0,17.0
RL-s11-b300-a1.00,pool,random,offensive,17071,0,0.9262695783750957,0.9392910293956725,0.9444451972211475,2.0,11.0
RL-s11-b300-a1.00,pool,random,defensive,7203,0,0.9689356491341915,0.9741386704062532,0.9737529458148286,1.0,3.0
RL-s11-b300-a1.00,pool,random,neutral,13244,0,0.9922742355090245,0.9941799636058627,0.9944446036271147,1.0,1.0
RL-s12-b300-a1.00,own,grouped,head_on,3382,53,0.8399902964689401,0.8397616262598991,0.8373449777035806,17.0,17.0
RL-s12-b300-a1.00,own,random,head_on,3382,53,0.8521791285968356,0.8835745255562901,0.8930372018237033,17.0,17.0
RL-s12-b300-a1.00,own,grouped,offensive,13849,60,0.854357810765499,0.9090905629078775,0.8895234391176585,8.0,17.0
RL-s12-b300-a1.00,own,random,offensive,13849,60,0.9107228997975114,0.9438917131249759,0.9512766212291774,3.0,12.0
RL-s12-b300-a1.00,own,grouped,defensive,3842,28,0.9966696132421095,0.9964729686022645,0.996296817536281,1.0,1.0
RL-s12-b300-a1.00,own,random,defensive,3842,28,0.9958939357747464,0.9987417648492681,0.9989644250831172,1.0,1.0
RL-s12-b300-a1.00,own,grouped,neutral,11510,60,0.9944325767209901,0.9980814361672979,0.998527123719297,1.0,2.0
RL-s12-b300-a1.00,own,random,neutral,11510,60,0.9955747300583326,0.9980716040300597,0.9983090717772864,1.0,1.0
RL-s12-b300-a1.00,pool,random,head_on,2482,0,0.7213481480843194,0.7809926055348745,0.7679628319302603,17.0,17.0
RL-s12-b300-a1.00,pool,random,offensive,17071,0,0.8869077875966757,0.9333595461932374,0.9474847268603768,5.0,17.0
RL-s12-b300-a1.00,pool,random,defensive,7203,0,0.9635254336127046,0.9726758655527453,0.974589937965733,2.0,3.0
RL-s12-b300-a1.00,pool,random,neutral,13244,0,0.9848007796433628,0.9948645392022006,0.9955345159614765,1.0,2.0
RL-s13-b300-a1.00,own,grouped,head_on,1667,49,0.7871138623434932,0.8149986930625079,0.7752670553116724,17.0,17.0
RL-s13-b300-a1.00,own,random,head_on,1667,49,0.8390073670315964,0.8834305447585825,0.8988445402453178,15.0,17.0
RL-s13-b300-a1.00,own,grouped,offensive,11261,60,0.9122576075240486,0.9259258274770791,0.9527456334134545,2.0,11.0
RL-s13-b300-a1.00,own,random,offensive,11261,60,0.9253677870999866,0.9591719677111115,0.9578059786446524,3.0,6.0
RL-s13-b300-a1.00,own,grouped,defensive,11669,59,0.9956766518894344,0.9969731830647289,0.9968021026591707,1.0,1.0
RL-s13-b300-a1.00,own,random,defensive,11669,59,0.9969370571477616,0.9986224725751874,0.9988500958554737,1.0,1.0
RL-s13-b300-a1.00,own,grouped,neutral,9735,56,0.9848697439757793,0.9913329400484893,0.991474712533628,1.0,2.0
RL-s13-b300-a1.00,own,random,neutral,9735,56,0.9936062636904005,0.9976236827166318,0.9980397970719883,1.0,1.0
RL-s13-b300-a1.00,pool,random,head_on,2482,0,0.6866096525318681,0.790080842137545,0.7418672718377577,17.0,17.0
RL-s13-b300-a1.00,pool,random,offensive,17071,0,0.7158673897389319,0.8119904622180385,0.8336146570521266,17.0,17.0
RL-s13-b300-a1.00,pool,random,defensive,7203,0,0.9068797720992141,0.9317163929599592,0.9208450579989584,4.0,17.0
RL-s13-b300-a1.00,pool,random,neutral,13244,0,0.9663065071987351,0.9847763751291599,0.9885069918634598,2.0,3.0
RL-s14-b300-a1.00,own,grouped,head_on,2024,51,0.8913470814098857,0.9029447431230004,0.9099848201552291,5.0,17.0
RL-s14-b300-a1.00,own,random,head_on,2024,51,0.8879793012059137,0.9265016564429923,0.9288129286695715,5.0,17.0
RL-s14-b300-a1.00,own,grouped,offensive,11622,60,0.8586320082586146,0.8742572734871972,0.8698796108720868,17.0,17.0
RL-s14-b300-a1.00,own,random,offensive,11622,60,0.8822715603584727,0.9285569964299156,0.9189637537056643,6.0,17.0
RL-s14-b300-a1.00,own,grouped,defensive,9140,41,0.9347547620933595,0.955527464802957,0.9555350692621476,4.0,7.0
RL-s14-b300-a1.00,own,random,defensive,9140,41,0.953086421839499,0.9757631575219795,0.9832518788939455,2.0,4.0
RL-s14-b300-a1.00,own,grouped,neutral,8247,58,0.9861879740599881,0.9934127268880236,0.9949893536906822,1.0,2.0
RL-s14-b300-a1.00,own,random,neutral,8247,58,0.9905512175382889,0.995743228514323,0.9963540625282553,1.0,2.0
RL-s14-b300-a1.00,pool,random,head_on,2482,0,0.8563487904272186,0.8938129821669686,0.9003314967324944,16.0,17.0
RL-s14-b300-a1.00,pool,random,offensive,17071,0,0.8915346179587165,0.9421541892337366,0.9531964897678,5.0,12.0
RL-s14-b300-a1.00,pool,random,defensive,7203,0,0.9742895485495087,0.9848777554105749,0.9863361124987056,2.0,3.0
RL-s14-b300-a1.00,pool,random,neutral,13244,0,0.9796010365657656,0.9904635568269219,0.9911184375879648,2.0,3.0
RL-s15-b300-a1.00,own,grouped,head_on,2729,52,0.8778871000556142,0.9134822512917499,0.879489753857733,8.0,17.0
RL-s15-b300-a1.00,own,random,head_on,2729,52,0.9248423362722082,0.9112956819943187,0.9287648585724328,3.0,17.0
RL-s15-b300-a1.00,own,grouped,offensive,14161,60,0.8789905178320463,0.8906943215801464,0.8827821294436395,17.0,17.0
RL-s15-b300-a1.00,own,random,offensive,14161,60,0.9591030585311074,0.9729525136292407,0.9741211261898024,1.0,4.0
RL-s15-b300-a1.00,own,grouped,defensive,5360,35,0.9986617742937858,0.999394327781953,0.99936485160982,1.0,1.0
RL-s15-b300-a1.00,own,random,defensive,5360,35,0.9987297324951052,0.9995406564934459,0.9998378089577233,1.0,1.0
RL-s15-b300-a1.00,own,grouped,neutral,12159,60,0.9951722659953812,0.9970223086955107,0.9970581223908169,1.0,2.0
RL-s15-b300-a1.00,own,random,neutral,12159,60,0.9971216856281876,0.9992803246793692,0.9994287117423122,1.0,1.0
RL-s15-b300-a1.00,pool,random,head_on,2482,0,0.8061813049222977,0.8546190668545367,0.8677046951137198,17.0,17.0
RL-s15-b300-a1.00,pool,random,offensive,17071,0,0.9408781188732827,0.9625764659108781,0.9687694479239681,3.0,5.0
RL-s15-b300-a1.00,pool,random,defensive,7203,0,0.9650627652604354,0.981921306924665,0.9881556763938033,2.0,3.0
RL-s15-b300-a1.00,pool,random,neutral,13244,0,0.9830415960944504,0.988636188760484,0.989427106444633,1.0,2.0
RL-s16-b300-a1.00,own,grouped,head_on,1518,49,0.6788564481457843,0.7303062016930754,0.717673082245466,17.0,17.0
RL-s16-b300-a1.00,own,random,head_on,1518,49,0.767519976069342,0.8420032171514995,0.8675510416876514,17.0,17.0
RL-s16-b300-a1.00,own,grouped,offensive,15153,60,0.889058013628714,0.872692141796422,0.89873492826734,10.0,17.0
RL-s16-b300-a1.00,own,random,offensive,15153,60,0.8846473018522188,0.9113528165636718,0.931525149477923,5.0,17.0
RL-s16-b300-a1.00,own,grouped,defensive,8219,33,0.9833175607681739,0.9859712152064029,0.9817654583503201,1.0,2.0
RL-s16-b300-a1.00,own,random,defensive,8219,33,0.996583120981002,0.9991711980096988,0.9993366441761976,1.0,1.0
RL-s16-b300-a1.00,own,grouped,neutral,10129,59,0.994063589509733,0.9977217957978839,0.9980264846643173,1.0,2.0
RL-s16-b300-a1.00,own,random,neutral,10129,59,0.9940395933677592,0.9978527199227414,0.9977786298923571,1.0,2.0
RL-s16-b300-a1.00,pool,random,head_on,2482,0,0.6845491823171365,0.7185071073831537,0.7083796298345378,17.0,17.0
RL-s16-b300-a1.00,pool,random,offensive,17071,0,0.8649981640128802,0.9207826456875704,0.9261430957522301,7.0,17.0
RL-s16-b300-a1.00,pool,random,defensive,7203,0,0.9588001786216926,0.9732420338113015,0.9803136928214667,3.0,4.0
RL-s16-b300-a1.00,pool,random,neutral,13244,0,0.9880673658698224,0.9948598503972912,0.9958700054896885,1.0,2.0
RL-s17-b300-a1.00,own,grouped,head_on,2662,53,0.8871565881505196,0.8986163931990458,0.8994401731565613,9.0,17.0
RL-s17-b300-a1.00,own,random,head_on,2662,53,0.9007950015941092,0.9225646102286711,0.9216148536103523,4.0,17.0
RL-s17-b300-a1.00,own,grouped,offensive,11911,60,0.9556492643415883,0.9363621641783852,0.94130065939197,2.0,4.0
RL-s17-b300-a1.00,own,random,offensive,11911,60,0.9539388889833195,0.9751871271107573,0.9687446430447417,1.0,4.0
RL-s17-b300-a1.00,own,grouped,defensive,8094,41,0.9974874658269641,0.9990876087406656,0.9983011975109884,1.0,1.0
RL-s17-b300-a1.00,own,random,defensive,8094,41,0.9974286453267853,0.9996156955138368,0.9997252665286236,1.0,2.0
RL-s17-b300-a1.00,own,grouped,neutral,11329,60,0.9922251706049277,0.9939204455379861,0.996596295930894,1.0,2.0
RL-s17-b300-a1.00,own,random,neutral,11329,60,0.9961513697447465,0.9990665374374077,0.9993525328686969,1.0,2.0
RL-s17-b300-a1.00,pool,random,head_on,2482,0,0.7817876434522518,0.8542618495813603,0.8619920950450943,17.0,17.0
RL-s17-b300-a1.00,pool,random,offensive,17071,0,0.8721099792785024,0.9188794891530044,0.916686775400523,6.0,17.0
RL-s17-b300-a1.00,pool,random,defensive,7203,0,0.9472712385092588,0.9505609211904226,0.9566547555593565,2.0,5.0
RL-s17-b300-a1.00,pool,random,neutral,13244,0,0.9730070994320487,0.982818180201076,0.9840953899021837,2.0,3.0
RL-s18-b300-a1.00,own,grouped,head_on,1828,55,0.7708921677151409,0.7761073354666432,0.7504089191437423,17.0,17.0
RL-s18-b300-a1.00,own,random,head_on,1828,55,0.7101972219934668,0.7519223373261361,0.771686703030762,17.0,17.0
RL-s18-b300-a1.00,own,grouped,offensive,10242,60,0.8856013371589239,0.8747864096913185,0.8450922919665534,17.0,17.0
RL-s18-b300-a1.00,own,random,offensive,10242,60,0.8886967281343735,0.9164684598234594,0.9176472635724757,5.0,17.0
RL-s18-b300-a1.00,own,grouped,defensive,12446,60,0.991974847744127,0.9918823602748431,0.9926756541258078,1.0,1.0
RL-s18-b300-a1.00,own,random,defensive,12446,60,0.9968896974118722,0.999146403628153,0.9990785626411781,1.0,1.0
RL-s18-b300-a1.00,own,grouped,neutral,9731,60,0.9735482251427614,0.981223282477656,0.9868979167307581,2.0,3.0
RL-s18-b300-a1.00,own,random,neutral,9731,60,0.9668843697547451,0.985670295485389,0.9880874546569742,2.0,3.0
RL-s18-b300-a1.00,pool,random,head_on,2482,0,0.5725327409972861,0.7213877388640941,0.6990893921959207,17.0,17.0
RL-s18-b300-a1.00,pool,random,offensive,17071,0,0.40862647935678825,0.6982270517345104,0.7717751561816455,17.0,17.0
RL-s18-b300-a1.00,pool,random,defensive,7203,0,0.931759445831585,0.9542724459690923,0.9612408305887502,4.0,6.0
RL-s18-b300-a1.00,pool,random,neutral,13244,0,0.21070827549606494,0.9112902956014168,0.9478863284346654,8.0,17.0
RL-s19-b300-a1.00,own,grouped,head_on,1669,54,0.9100092967502589,0.8210586642385688,0.8164488267467842,4.0,17.0
RL-s19-b300-a1.00,own,random,head_on,1669,54,0.7781000863356509,0.8319263918819241,0.807481642250442,17.0,17.0
RL-s19-b300-a1.00,own,grouped,offensive,17105,60,0.966219463151117,0.9654554269052015,0.9632088737830334,1.0,3.0
RL-s19-b300-a1.00,own,random,offensive,17105,60,0.9478846910336054,0.955508628694878,0.9547403262227352,1.0,5.0
RL-s19-b300-a1.00,own,grouped,defensive,2974,33,0.9981166182892008,0.9966325489137324,0.9983536601929468,1.0,1.0
RL-s19-b300-a1.00,own,random,defensive,2974,33,0.9984050533422326,0.9993554624914273,0.999556768512153,1.0,1.0
RL-s19-b300-a1.00,own,grouped,neutral,13398,60,0.9963181855970562,0.9983206672322482,0.9984008536056437,1.0,1.0
RL-s19-b300-a1.00,own,random,neutral,13398,60,0.9978170293370447,0.9992457524871579,0.9995753343262046,1.0,1.0
RL-s19-b300-a1.00,pool,random,head_on,2482,0,0.727292540963336,0.7593511438781835,0.760279634960664,17.0,17.0
RL-s19-b300-a1.00,pool,random,offensive,17071,0,0.8717379109660501,0.9039373204667257,0.9152775133600775,6.0,17.0
RL-s19-b300-a1.00,pool,random,defensive,7203,0,0.9581162447880767,0.9727438766839903,0.9747024455749838,2.0,3.0
RL-s19-b300-a1.00,pool,random,neutral,13244,0,0.9926798389371797,0.9967646534667414,0.9976507890259382,1.0,1.0
HYB-s0-b300-a0.50,own,grouped,head_on,1637,52,0.6858707195361677,0.6547006861735564,0.6530811302016333,17.0,17.0
HYB-s0-b300-a0.50,own,random,head_on,1637,52,0.6869216823891634,0.6783370112550868,0.6870250664378662,17.0,17.0
HYB-s0-b300-a0.50,own,grouped,offensive,16607,60,0.9612940685360608,0.9567217064523802,0.9507149039171026,1.0,1.0
HYB-s0-b300-a0.50,own,random,offensive,16607,60,0.9743686388434869,0.9715440070390516,0.9665376939105427,1.0,1.0
HYB-s0-b300-a0.50,own,grouped,defensive,2024,35,0.9986496151511389,0.9987662577640758,0.9987956768516192,1.0,1.0
HYB-s0-b300-a0.50,own,random,defensive,2024,35,0.9998112875850768,0.9999236116476332,0.9999297252187057,1.0,1.0
HYB-s0-b300-a0.50,own,grouped,neutral,11811,54,0.9985177425769353,0.9991235927205427,0.9990862155666582,1.0,1.0
HYB-s0-b300-a0.50,own,random,neutral,11811,54,0.9995927539764212,0.9998095543098255,0.99983418985342,1.0,1.0
HYB-s0-b300-a0.50,pool,random,head_on,2482,0,0.6677747422532015,0.7697454060817066,0.7620768681148026,17.0,17.0
HYB-s0-b300-a0.50,pool,random,offensive,17071,0,0.9477609151422166,0.9560823043680468,0.9583092843966107,1.0,5.0
HYB-s0-b300-a0.50,pool,random,defensive,7203,0,0.982842239916054,0.9919806323415038,0.9849319135976273,1.0,2.0
HYB-s0-b300-a0.50,pool,random,neutral,13244,0,0.994853294840292,0.9955904046056137,0.9956293881268229,1.0,1.0
HYB-s1-b300-a0.50,own,grouped,head_on,2297,53,0.6071429024660425,0.49239694934855327,0.43133098874377823,17.0,17.0
HYB-s1-b300-a0.50,own,random,head_on,2297,53,0.6306407695370053,0.5673099057234579,0.5999723979700724,17.0,17.0
HYB-s1-b300-a0.50,own,grouped,offensive,14249,60,0.9360600527042251,0.824506749538541,0.8325532855269335,1.0,17.0
HYB-s1-b300-a0.50,own,random,offensive,14249,60,0.9411884234528102,0.9280836740935315,0.9305730212792586,1.0,17.0
HYB-s1-b300-a0.50,own,grouped,defensive,2807,38,0.9864251892776288,0.985131502444418,0.9844809187359823,1.0,1.0
HYB-s1-b300-a0.50,own,random,defensive,2807,38,0.9556347066700586,0.9563725946006453,0.954557247592149,1.0,2.0
HYB-s1-b300-a0.50,own,grouped,neutral,11328,53,0.9986979172457648,0.9986196627311236,0.9986970814433958,1.0,1.0
HYB-s1-b300-a0.50,own,random,neutral,11328,53,0.9989109447043331,0.9997209730267337,0.9998197304110096,1.0,1.0
HYB-s1-b300-a0.50,pool,random,head_on,2482,0,0.6962734732271747,0.6927607049406272,0.6406929788571832,17.0,17.0
HYB-s1-b300-a0.50,pool,random,offensive,17071,0,0.9510236590062016,0.9408487736932802,0.9350990752537578,1.0,4.0
HYB-s1-b300-a0.50,pool,random,defensive,7203,0,0.9769139778556543,0.9797579412492612,0.9799206503566281,1.0,2.0
HYB-s1-b300-a0.50,pool,random,neutral,13244,0,0.9937661425036411,0.9943578936979016,0.9943456872438144,1.0,1.0
HYB-s2-b300-a0.50,own,grouped,head_on,1975,53,0.5451016825513718,0.29369077721044107,0.22626713486509747,17.0,17.0
HYB-s2-b300-a0.50,own,random,head_on,1975,53,0.673844829627118,0.6944916212847098,0.6993574346242465,17.0,17.0
HYB-s2-b300-a0.50,own,grouped,offensive,12141,58,0.9614030626778326,0.9541851902979231,0.9466870296547639,1.0,3.0
HYB-s2-b300-a0.50,own,random,offensive,12141,58,0.9240590445934826,0.9227003129572144,0.9175253345431421,1.0,17.0
HYB-s2-b300-a0.50,own,grouped,defensive,4572,40,0.9970701639721471,0.9974954722003754,0.9982256947475081,1.0,1.0
HYB-s2-b300-a0.50,own,random,defensive,4572,40,0.9984930122160498,0.9997442859215903,0.9998559972271686,1.0,1.0
HYB-s2-b300-a0.50,own,grouped,neutral,10033,56,0.9982249379227871,0.9992013322572592,0.9991203319560406,1.0,1.0
HYB-s2-b300-a0.50,own,random,neutral,10033,56,0.9981169809221835,0.9996546646533719,0.9997553583755832,1.0,1.0
HYB-s2-b300-a0.50,pool,random,head_on,2482,0,0.6972859272790309,0.8041962262886581,0.7691224618069592,17.0,17.0
HYB-s2-b300-a0.50,pool,random,offensive,17071,0,0.9271094917624573,0.9385848975500959,0.929113806301088,3.0,17.0
HYB-s2-b300-a0.50,pool,random,defensive,7203,0,0.9774713112979388,0.974020574285615,0.9758930494107136,1.0,3.0
HYB-s2-b300-a0.50,pool,random,neutral,13244,0,0.990926422610231,0.992082650247413,0.993064855005304,1.0,2.0
HYB-s3-b300-a0.50,own,grouped,head_on,2186,54,0.5544741225903281,0.6668060719750891,0.6075742390661121,17.0,17.0
HYB-s3-b300-a0.50,own,random,head_on,2186,54,0.6267416668195573,0.6442255546824035,0.6402612693909927,17.0,17.0
HYB-s3-b300-a0.50,own,grouped,offensive,13544,59,0.9289404793540446,0.937440631333556,0.9276804898030361,1.0,17.0
HYB-s3-b300-a0.50,own,random,offensive,13544,59,0.9260684956853085,0.9216233856021291,0.9176196232682031,1.0,17.0
HYB-s3-b300-a0.50,own,grouped,defensive,3668,38,0.9727339308891151,0.9805829330352498,0.9630049683884457,1.0,2.0
HYB-s3-b300-a0.50,own,random,defensive,3668,38,0.9600281480968788,0.9425877622986619,0.9618695032869742,1.0,2.0
HYB-s3-b300-a0.50,own,grouped,neutral,11376,53,0.9989418429064552,0.9995089538778431,0.999604273481865,1.0,1.0
HYB-s3-b300-a0.50,own,random,neutral,11376,53,0.9988987679597235,0.9997730012716732,0.9997403164754204,1.0,1.0
HYB-s3-b300-a0.50,pool,random,head_on,2482,0,0.6590035075378308,0.711264817051944,0.6535965439034087,17.0,17.0
HYB-s3-b300-a0.50,pool,random,offensive,17071,0,0.955924968162279,0.954868289977762,0.9544496061612278,2.0,3.0
HYB-s3-b300-a0.50,pool,random,defensive,7203,0,0.9754653978297531,0.9747303050368749,0.9752329090555297,1.0,2.0
HYB-s3-b300-a0.50,pool,random,neutral,13244,0,0.9971906657515907,0.9990359263747787,0.9991824828926227,1.0,1.0
HYB-s4-b300-a0.50,own,grouped,head_on,2102,52,0.5594613597367083,0.5950410909258583,0.5790881673742747,17.0,17.0
HYB-s4-b300-a0.50,own,random,head_on,2102,52,0.6851448060690497,0.6440290184325249,0.5640717929954027,17.0,17.0
HYB-s4-b300-a0.50,own,grouped,offensive,14173,59,0.9651016045879194,0.946198955026706,0.9408599283051787,1.0,2.0
HYB-s4-b300-a0.50,own,random,offensive,14173,59,0.9577200512932277,0.9478864776609831,0.9482333751456119,1.0,3.0
HYB-s4-b300-a0.50,own,grouped,defensive,3612,30,0.9991752867710191,0.9990895890497623,0.9993493840208824,1.0,1.0
HYB-s4-b300-a0.50,own,random,defensive,3612,30,0.9985991675241632,0.9993860094782123,0.9993853774577108,1.0,2.0
HYB-s4-b300-a0.50,own,grouped,neutral,11136,54,0.9982567394313034,0.9992439957041965,0.9993035932870745,1.0,1.0
HYB-s4-b300-a0.50,own,random,neutral,11136,54,0.9989045613478716,0.9997564122089575,0.9998443323726305,1.0,1.0
HYB-s4-b300-a0.50,pool,random,head_on,2482,0,0.6074877663177215,0.7177880019523782,0.6268983976686436,17.0,17.0
HYB-s4-b300-a0.50,pool,random,offensive,17071,0,0.9515457984835424,0.9409930653400536,0.9392723561092821,1.0,4.0
HYB-s4-b300-a0.50,pool,random,defensive,7203,0,0.98615242585857,0.9826610674171138,0.9827486903468426,1.0,2.0
HYB-s4-b300-a0.50,pool,random,neutral,13244,0,0.9939518386852847,0.9948746848739749,0.9949761665886369,1.0,1.0
HYB-s5-b300-a0.50,own,grouped,head_on,2282,53,0.6496046262117948,0.7407257443357546,0.743611334912111,17.0,17.0
HYB-s5-b300-a0.50,own,random,head_on,2282,53,0.7319518701770423,0.8199421126402221,0.8166643987210368,17.0,17.0
HYB-s5-b300-a0.50,own,grouped,offensive,14050,60,0.952223502493919,0.9504104525263394,0.9485460733200498,1.0,1.0
HYB-s5-b300-a0.50,own,random,offensive,14050,60,0.930512175677092,0.9311103676657675,0.9336701890338959,1.0,17.0
HYB-s5-b300-a0.50,own,grouped,defensive,2921,33,0.9968115999832519,0.9995455770109807,0.9996651505562417,1.0,1.0
HYB-s5-b300-a0.50,own,random,defensive,2921,33,0.977527977364408,0.9779850709682848,0.9783185791962602,1.0,1.0
HYB-s5-b300-a0.50,own,grouped,neutral,10940,54,0.9989499321485783,0.9992688719897435,0.999631987340269,1.0,1.0
HYB-s5-b300-a0.50,own,random,neutral,10940,54,0.9985844275792449,0.9996417534017147,0.9996648860657543,1.0,1.0
HYB-s5-b300-a0.50,pool,random,head_on,2482,0,0.6418408051431848,0.6604439628763167,0.6881999443051114,17.0,17.0
HYB-s5-b300-a0.50,pool,random,offensive,17071,0,0.9479902967637619,0.9425290292905655,0.940853752771603,2.0,5.0
HYB-s5-b300-a0.50,pool,random,defensive,7203,0,0.9741298792348709,0.9723532115945809,0.9729661655611909,1.0,2.0
HYB-s5-b300-a0.50,pool,random,neutral,13244,0,0.9935289589188394,0.9949569595862774,0.9947985307257423,1.0,1.0
HYB-s6-b300-a0.50,own,grouped,head_on,2293,55,0.671364385376468,0.8116568315588718,0.7983022045882888,17.0,17.0
HYB-s6-b300-a0.50,own,random,head_on,2293,55,0.7301614456289268,0.7904935242848348,0.8148255561618037,17.0,17.0
HYB-s6-b300-a0.50,own,grouped,offensive,12972,60,0.9434756303288223,0.9372255192348045,0.9435832034832153,1.0,14.0
HYB-s6-b300-a0.50,own,random,offensive,12972,60,0.959341782467113,0.9497282514839075,0.9463942390016027,1.0,2.0
HYB-s6-b300-a0.50,own,grouped,defensive,6638,39,0.9991920245018145,0.999835553930118,0.9998656275395488,1.0,1.0
HYB-s6-b300-a0.50,own,random,defensive,6638,39,0.9987179208534984,0.999871485406002,0.9999360058686552,1.0,1.0
HYB-s6-b300-a0.50,own,grouped,neutral,11241,57,0.9977378552597337,0.9993543213979226,0.9995131070797209,1.0,1.0
HYB-s6-b300-a0.50,own,random,neutral,11241,57,0.998292841428789,0.9995792647041716,0.9996317625799613,1.0,1.0
HYB-s6-b300-a0.50,pool,random,head_on,2482,0,0.7058659125144857,0.8014944541729329,0.7887079430185763,17.0,17.0
HYB-s6-b300-a0.50,pool,random,offensive,17071,0,0.94476788497039,0.9470446156798241,0.9462161523753979,2.0,5.0
HYB-s6-b300-a0.50,pool,random,defensive,7203,0,0.9668686064626643,0.9691552168557916,0.969518058547922,1.0,2.0
HYB-s6-b300-a0.50,pool,random,neutral,13244,0,0.9902944374770906,0.9925533767613777,0.993693599423156,1.0,1.0
HYB-s7-b300-a0.50,own,grouped,head_on,2201,52,0.6272488082783321,0.5743875710466694,0.5154090208336508,17.0,17.0
HYB-s7-b300-a0.50,own,random,head_on,2201,52,0.677851515279326,0.6791169449187984,0.6661196629113952,17.0,17.0
HYB-s7-b300-a0.50,own,grouped,offensive,15450,60,0.9205616879401955,0.903847852707978,0.9017277955352266,1.0,17.0
HYB-s7-b300-a0.50,own,random,offensive,15450,60,0.9450519143655721,0.9409776749108357,0.9401796054261825,1.0,17.0
HYB-s7-b300-a0.50,own,grouped,defensive,3216,37,0.9563544103600078,0.9718581766397145,0.9706685980782619,1.0,3.0
HYB-s7-b300-a0.50,own,random,defensive,3216,37,0.9394295699363516,0.926291234804512,0.9262544277469743,1.0,6.0
HYB-s7-b300-a0.50,own,grouped,neutral,12317,58,0.9977844274291292,0.9994801252248942,0.9995104864574964,1.0,1.0
HYB-s7-b300-a0.50,own,random,neutral,12317,58,0.9988691377548395,0.9997227764519274,0.9997912610907295,1.0,1.0
HYB-s7-b300-a0.50,pool,random,head_on,2482,0,0.5702318433804356,0.634383917282239,0.5657389440090951,17.0,17.0
HYB-s7-b300-a0.50,pool,random,offensive,17071,0,0.9386472822907701,0.9322321513082825,0.9291649533852943,2.0,17.0
HYB-s7-b300-a0.50,pool,random,defensive,7203,0,0.979282429698296,0.9824860669294292,0.9841469438440353,1.0,2.0
HYB-s7-b300-a0.50,pool,random,neutral,13244,0,0.9931370059802108,0.9948283374658133,0.9949536035812574,1.0,1.0
HYB-s8-b300-a0.50,own,grouped,head_on,1735,51,0.48287186752208716,0.3944041596324982,0.23978826521537783,17.0,17.0
HYB-s8-b300-a0.50,own,random,head_on,1735,51,0.5957495204159989,0.6307892005435723,0.5926318434521972,17.0,17.0
HYB-s8-b300-a0.50,own,grouped,offensive,15287,60,0.8981991036679563,0.8804326300322552,0.8533506453605194,3.0,17.0
HYB-s8-b300-a0.50,own,random,offensive,15287,60,0.9337062126395225,0.9180103114198933,0.9106387498446209,1.0,17.0
HYB-s8-b300-a0.50,own,grouped,defensive,4449,26,0.9674381701377556,0.9699018277322558,0.9694395659570718,1.0,1.0
HYB-s8-b300-a0.50,own,random,defensive,4449,26,0.9594814512642733,0.9531127655497593,0.9505790256873822,1.0,1.0
HYB-s8-b300-a0.50,own,grouped,neutral,10655,53,0.9986842188591776,0.9994767690226203,0.999621888864231,1.0,1.0
HYB-s8-b300-a0.50,own,random,neutral,10655,53,0.9990643844027868,0.9996765648412795,0.9997556341628767,1.0,1.0
HYB-s8-b300-a0.50,pool,random,head_on,2482,0,0.619939826583487,0.7433357283991787,0.7108238107907356,17.0,17.0
HYB-s8-b300-a0.50,pool,random,offensive,17071,0,0.936327439280062,0.950583032962105,0.9310560841868433,2.0,7.0
HYB-s8-b300-a0.50,pool,random,defensive,7203,0,0.9635607084117768,0.9603622398478875,0.9642229224990989,2.0,3.0
HYB-s8-b300-a0.50,pool,random,neutral,13244,0,0.9937862130706598,0.9939095125880307,0.9950571214587501,1.0,1.0
HYB-s9-b300-a0.50,own,grouped,head_on,2617,52,0.7015481980305497,0.7026067374043645,0.6807544286637792,17.0,17.0
HYB-s9-b300-a0.50,own,random,head_on,2617,52,0.7531489402701397,0.7740257945340413,0.7549910121350765,17.0,17.0
HYB-s9-b300-a0.50,own,grouped,offensive,13093,59,0.9695720694028359,0.9523307202157654,0.9469705433297251,1.0,1.0
HYB-s9-b300-a0.50,own,random,offensive,13093,59,0.9554443935894193,0.9441948470576375,0.9365323506082726,1.0,2.0
HYB-s9-b300-a0.50,own,grouped,defensive,2008,37,0.9992302453721794,0.999548427760432,0.9988992619735674,1.0,1.0
HYB-s9-b300-a0.50,own,random,defensive,2008,37,0.9993987580501466,0.9997994664106279,0.9998103289264445,1.0,1.0
HYB-s9-b300-a0.50,own,grouped,neutral,11178,55,0.9991167411132302,0.9996413399141768,0.999714632923996,1.0,1.0
HYB-s9-b300-a0.50,own,random,neutral,11178,55,0.9989215749643872,0.9997549082442677,0.9997969175742933,1.0,1.0
HYB-s9-b300-a0.50,pool,random,head_on,2482,0,0.6791278558817067,0.7158695005323195,0.7176308189506506,17.0,17.0
HYB-s9-b300-a0.50,pool,random,offensive,17071,0,0.949978100739481,0.9452611081094409,0.9417765788777903,2.0,5.0
HYB-s9-b300-a0.50,pool,random,defensive,7203,0,0.984413966791783,0.9861959071894102,0.9774670127789223,1.0,2.0
HYB-s9-b300-a0.50,pool,random,neutral,13244,0,0.9934100056162878,0.99372900491565,0.9939213396217994,1.0,1.0
HYB-s10-b300-a0.50,own,grouped,head_on,1820,54,0.5790122861262043,0.5694998236308868,0.5717373340802465,17.0,17.0
HYB-s10-b300-a0.50,own,random,head_on,1820,54,0.6874374220152764,0.762083469253456,0.7786946376640244,17.0,17.0
HYB-s10-b300-a0.50,own,grouped,offensive,14079,60,0.9273471849664401,0.9189385968011753,0.9196077272678704,3.0,17.0
HYB-s10-b300-a0.50,own,random,offensive,14079,60,0.924072448130722,0.9415199788134992,0.9477048844964387,3.0,17.0
HYB-s10-b300-a0.50,own,grouped,defensive,4519,36,0.997837249348652,0.9985775867311336,0.9989523192520968,1.0,1.0
HYB-s10-b300-a0.50,own,random,defensive,4519,36,0.9981685957493829,0.9996728540818971,0.9998675172946637,1.0,1.0
HYB-s10-b300-a0.50,own,grouped,neutral,10278,56,0.9962178448641231,0.9981472056810887,0.9980763867122963,1.0,1.0
HYB-s10-b300-a0.50,own,random,neutral,10278,56,0.9971771623077623,0.9993514238192657,0.9994917592313592,1.0,1.0
HYB-s10-b300-a0.50,pool,random,head_on,2482,0,0.5999568400834322,0.7574887157500827,0.732993231150536,17.0,17.0
HYB-s10-b300-a0.50,pool,random,offensive,17071,0,0.9198590338944632,0.9454765712487694,0.9499360632495385,4.0,9.0
HYB-s10-b300-a0.50,pool,random,defensive,7203,0,0.9727747846508048,0.9792831375176692,0.9790900403605137,2.0,3.0
HYB-s10-b300-a0.50,pool,random,neutral,13244,0,0.9928945927269782,0.9968149485169605,0.9968577834989111,1.0,2.0
HYB-s11-b300-a0.50,own,grouped,head_on,1562,51,0.5759471476072322,0.47199010382118334,0.4413695583322503,17.0,17.0
HYB-s11-b300-a0.50,own,random,head_on,1562,51,0.6930708867291736,0.7209561149663499,0.6731753398285798,17.0,17.0
HYB-s11-b300-a0.50,own,grouped,offensive,16085,60,0.9558508181653949,0.958131030063713,0.9487061652830031,1.0,1.0
HYB-s11-b300-a0.50,own,random,offensive,16085,60,0.9507457678356844,0.9467675906545967,0.9334692951224344,1.0,4.0
HYB-s11-b300-a0.50,own,grouped,defensive,1516,28,0.9987653010822203,0.9989267817097102,0.9989472102675576,1.0,1.0
HYB-s11-b300-a0.50,own,random,defensive,1516,28,0.9983361697562685,0.9984809137596061,0.998504317224286,1.0,1.0
HYB-s11-b300-a0.50,own,grouped,neutral,10356,55,0.9991869414553356,0.9997225297326018,0.9997104976567229,1.0,1.0
HYB-s11-b300-a0.50,own,random,neutral,10356,55,0.9992373380478126,0.9997594363569748,0.9998053413981668,1.0,1.0
HYB-s11-b300-a0.50,pool,random,head_on,2482,0,0.5939345957929442,0.6566693496077168,0.6398848644418312,17.0,17.0
HYB-s11-b300-a0.50,pool,random,offensive,17071,0,0.9537311617308412,0.9508954902695704,0.9464799442347986,1.0,4.0
HYB-s11-b300-a0.50,pool,random,defensive,7203,0,0.9906382399716742,0.9884214360094637,0.9955313482959504,1.0,1.0
HYB-s11-b300-a0.50,pool,random,neutral,13244,0,0.9956113121129231,0.9957484040730217,0.9958663045615855,1.0,1.0
HYB-s12-b300-a0.50,own,grouped,head_on,2379,52,0.5048243329333976,0.6519504155835959,0.6527914078370278,17.0,17.0
HYB-s12-b300-a0.50,own,random,head_on,2379,52,0.6597930651872173,0.735996022359497,0.7483377661871012,17.0,17.0
HYB-s12-b300-a0.50,own,grouped,offensive,15306,60,0.8904613585048899,0.8746254023246445,0.8674788061903278,17.0,17.0
HYB-s12-b300-a0.50,own,random,offensive,15306,60,0.9087621271609783,0.8905513048443692,0.8974623540915568,3.0,17.0
HYB-s12-b300-a0.50,own,grouped,defensive,3148,26,0.7871420761291074,0.7803212527586488,0.7796070389584595,17.0,17.0
HYB-s12-b300-a0.50,own,random,defensive,3148,26,0.9975997160845734,0.999232533557269,0.9987824231991626,1.0,1.0
HYB-s12-b300-a0.50,own,grouped,neutral,11451,58,0.9878909856462597,0.9887122190714479,0.9888460101373953,1.0,1.0
HYB-s12-b300-a0.50,own,random,neutral,11451,58,0.998129187226498,0.9994965378292078,0.9996826899253907,1.0,1.0
HYB-s12-b300-a0.50,pool,random,head_on,2482,0,0.6794237861735697,0.7298647395187842,0.7226338956774063,17.0,17.0
HYB-s12-b300-a0.50,pool,random,offensive,17071,0,0.9462016342913588,0.9427350422698338,0.9430601549346201,1.0,17.0
HYB-s12-b300-a0.50,pool,random,defensive,7203,0,0.9661063916254763,0.9687272340589304,0.9797377151542683,1.0,2.0
HYB-s12-b300-a0.50,pool,random,neutral,13244,0,0.9960921022702207,0.9987650566436678,0.9988482259356257,1.0,1.0
HYB-s13-b300-a0.50,own,grouped,head_on,1813,51,0.6132412267312608,0.5738280333348961,0.5286986434312988,17.0,17.0
HYB-s13-b300-a0.50,own,random,head_on,1813,51,0.7574561949311993,0.7337830145014517,0.7533832079484281,17.0,17.0
HYB-s13-b300-a0.50,own,grouped,offensive,14644,60,0.9637823241526022,0.9714030293560066,0.9729824279517217,1.0,2.0
HYB-s13-b300-a0.50,own,random,offensive,14644,60,0.9527007244394575,0.9660634028984847,0.9653199992489299,1.0,4.0
HYB-s13-b300-a0.50,own,grouped,defensive,4401,37,0.9995005490446005,0.9995488746302826,0.999532526997137,1.0,1.0
HYB-s13-b300-a0.50,own,random,defensive,4401,37,0.9994630397771063,0.9998990498010225,0.9999342036880707,1.0,1.0
HYB-s13-b300-a0.50,own,grouped,neutral,11584,57,0.9968924339239746,0.9972939551428416,0.997408352235299,1.0,1.0
HYB-s13-b300-a0.50,own,random,neutral,11584,57,0.997677095401791,0.9990959518153911,0.9992673387359223,1.0,1.0
HYB-s13-b300-a0.50,pool,random,head_on,2482,0,0.6044462598610119,0.7514924805811218,0.7414482275594667,17.0,17.0
HYB-s13-b300-a0.50,pool,random,offensive,17071,0,0.9086028026124525,0.9372425130830813,0.9349621765822649,4.0,17.0
HYB-s13-b300-a0.50,pool,random,defensive,7203,0,0.9651743976459554,0.9843062802645275,0.9761307820442042,2.0,4.0
HYB-s13-b300-a0.50,pool,random,neutral,13244,0,0.993805028206931,0.9974774595219399,0.9977574374334216,1.0,2.0
HYB-s14-b300-a0.50,own,grouped,head_on,1724,52,0.4767918855806341,0.329836818215577,0.3589298791097863,17.0,17.0
HYB-s14-b300-a0.50,own,random,head_on,1724,52,0.650696679779579,0.6805448139384521,0.6731936837498083,17.0,17.0
HYB-s14-b300-a0.50,own,grouped,offensive,14601,60,0.9050689408690983,0.90003741865569,0.8988392867990392,4.0,17.0
HYB-s14-b300-a0.50,own,random,offensive,14601,60,0.9039218421980645,0.9144535917601578,0.9221296013729738,4.0,17.0
HYB-s14-b300-a0.50,own,grouped,defensive,4611,44,0.9836030569663506,0.9846820532405095,0.9840955478010499,1.0,1.0
HYB-s14-b300-a0.50,own,random,defensive,4611,44,0.9954097117989719,0.9973891131002435,0.9976566402941492,1.0,1.0
HYB-s14-b300-a0.50,own,grouped,neutral,11689,57,0.9957506378952519,0.9976571219209748,0.9979128579648672,1.0,1.0
HYB-s14-b300-a0.50,own,random,neutral,11689,57,0.9974806023793307,0.9988995078725601,0.9991278953603233,1.0,1.0
HYB-s14-b300-a0.50,pool,random,head_on,2482,0,0.7291846915008482,0.7826301580898749,0.7925659988807912,17.0,17.0
HYB-s14-b300-a0.50,pool,random,offensive,17071,0,0.9280346572576362,0.9359256425113199,0.9442909984622267,3.0,14.0
HYB-s14-b300-a0.50,pool,random,defensive,7203,0,0.9897608391661392,0.9724581839428472,0.9729988034590621,1.0,2.0
HYB-s14-b300-a0.50,pool,random,neutral,13244,0,0.9904663238484527,0.9940226325105139,0.9943145939974204,1.0,2.0
HYB-s15-b300-a0.50,own,grouped,head_on,2791,51,0.6649622814805628,0.6743265667403029,0.5472640717445859,17.0,17.0
HYB-s15-b300-a0.50,own,random,head_on,2791,51,0.681288197861864,0.7358839175982904,0.7155414451807051,17.0,17.0
HYB-s15-b300-a0.50,own,grouped,offensive,14564,60,0.9538007117383932,0.9464432501003764,0.9380767120681666,1.0,3.0
HYB-s15-b300-a0.50,own,random,offensive,14564,60,0.9606806461699813,0.9693158426096955,0.9776270123627565,1.0,2.0
HYB-s15-b300-a0.50,own,grouped,defensive,2577,36,0.9989922141027026,0.9993474006157783,0.9993863775823411,1.0,1.0
HYB-s15-b300-a0.50,own,random,defensive,2577,36,0.9989815681148507,0.9992392980164077,0.9992578390372332,1.0,1.0
HYB-s15-b300-a0.50,own,grouped,neutral,12232,57,0.9984239317380527,0.9995626956801882,0.9996885947940513,1.0,1.0
HYB-s15-b300-a0.50,own,random,neutral,12232,57,0.9987235566956009,0.9996934080268982,0.9997881884651649,1.0,1.0
HYB-s15-b300-a0.50,pool,random,head_on,2482,0,0.5692192290607662,0.6465468828372051,0.6092660071596205,17.0,17.0
HYB-s15-b300-a0.50,pool,random,offensive,17071,0,0.9493248920964262,0.9572727549336871,0.9555082715128348,1.0,5.0
HYB-s15-b300-a0.50,pool,random,defensive,7203,0,0.9817898213529362,0.9918099442129804,0.9924145004104504,1.0,2.0
HYB-s15-b300-a0.50,pool,random,neutral,13244,0,0.9930264633526279,0.9942006556528462,0.9943845062564374,1.0,1.0
HYB-s16-b300-a0.50,own,grouped,head_on,1894,51,0.6082913955028556,0.5674373663473181,0.5378138893610388,17.0,17.0
HYB-s16-b300-a0.50,own,random,head_on,1894,51,0.6358448984306754,0.5982313866052761,0.6174964239281628,17.0,17.0
HYB-s16-b300-a0.50,own,grouped,offensive,15302,59,0.9399940122697371,0.9082147260923739,0.9345276492770942,1.0,5.0
HYB-s16-b300-a0.50,own,random,offensive,15302,59,0.93957699919533,0.9384710784222001,0.9407224838576554,1.0,17.0
HYB-s16-b300-a0.50,own,grouped,defensive,3293,33,0.9183299414757019,0.922251222799834,0.9060198394287788,1.0,1.0
HYB-s16-b300-a0.50,own,random,defensive,3293,33,0.9954957602591343,0.9956196918285821,0.9955488969469077,1.0,1.0
HYB-s16-b300-a0.50,own,grouped,neutral,11522,55,0.9976480665167795,0.9989328047580982,0.9991039998725316,1.0,1.0
HYB-s16-b300-a0.50,own,random,neutral,11522,55,0.9984589205317445,0.9996630028011576,0.9998205602282559,1.0,1.0
HYB-s16-b300-a0.50,pool,random,head_on,2482,0,0.6323190928192096,0.7102472567607256,0.7023184625988295,17.0,17.0
HYB-s16-b300-a0.50,pool,random,offensive,17071,0,0.9422868902033605,0.9474974097489116,0.9471269821297007,2.0,15.0
HYB-s16-b300-a0.50,pool,random,defensive,7203,0,0.9782110882018404,0.9960793288912267,0.9972657254265402,1.0,2.0
HYB-s16-b300-a0.50,pool,random,neutral,13244,0,0.9972246134555353,0.9989070454503792,0.9991837841005331,1.0,1.0
HYB-s17-b300-a0.50,own,grouped,head_on,2512,55,0.6152337300559765,0.6615818433411956,0.5929937523901251,17.0,17.0
HYB-s17-b300-a0.50,own,random,head_on,2512,55,0.6777782473243573,0.6600686998707045,0.6488253377420563,17.0,17.0
HYB-s17-b300-a0.50,own,grouped,offensive,13768,59,0.9652342864626573,0.9498863233529229,0.9505976307436299,1.0,3.0
HYB-s17-b300-a0.50,own,random,offensive,13768,59,0.9575382257157913,0.9582438101127732,0.9452611132847827,1.0,3.0
HYB-s17-b300-a0.50,own,grouped,defensive,3570,37,0.9978320161438854,0.9990120166850135,0.999038273603028,1.0,1.0
HYB-s17-b300-a0.50,own,random,defensive,3570,37,0.9993367820395186,0.9996069630324436,0.9997911641423355,1.0,1.0
HYB-s17-b300-a0.50,own,grouped,neutral,12306,55,0.9981579546023436,0.9988381038941713,0.9990165197086855,1.0,1.0
HYB-s17-b300-a0.50,own,random,neutral,12306,55,0.9985255738543746,0.9995851903343812,0.9996608561146489,1.0,1.0
HYB-s17-b300-a0.50,pool,random,head_on,2482,0,0.7108535260809838,0.7273042505251,0.6851052064322454,17.0,17.0
HYB-s17-b300-a0.50,pool,random,offensive,17071,0,0.9361617345161545,0.9367551472031654,0.9412965216138135,2.0,17.0
HYB-s17-b300-a0.50,pool,random,defensive,7203,0,0.9701878541030274,0.9695814188912004,0.9702380399367141,1.0,2.0
HYB-s17-b300-a0.50,pool,random,neutral,13244,0,0.9914940832674906,0.9924048053049159,0.9935777548416406,1.0,2.0
HYB-s18-b300-a0.50,own,grouped,head_on,1332,51,0.5647264704681525,0.7553101623325258,0.6595320261478207,17.0,17.0
HYB-s18-b300-a0.50,own,random,head_on,1332,51,0.47025296998726146,0.5316683304079771,0.4781857118532687,17.0,17.0
HYB-s18-b300-a0.50,own,grouped,offensive,10277,59,0.945201036081761,0.9378899100480309,0.9405574330623871,1.0,17.0
HYB-s18-b300-a0.50,own,random,offensive,10277,59,0.932627716943961,0.9272572904768538,0.9218200027675274,3.0,17.0
HYB-s18-b300-a0.50,own,grouped,defensive,11568,53,0.997363787886221,0.9992604390844241,0.9994321938884074,1.0,1.0
HYB-s18-b300-a0.50,own,random,defensive,11568,53,0.9969870236128004,0.9987498110082993,0.9992048792789312,1.0,1.0
HYB-s18-b300-a0.50,own,grouped,neutral,8599,56,0.9944438227765341,0.9978652628709139,0.998506764467717,1.0,2.0
HYB-s18-b300-a0.50,own,random,neutral,8599,56,0.9954936875040453,0.9983066398802793,0.9985136084951456,1.0,2.0
HYB-s18-b300-a0.50,pool,random,head_on,2482,0,0.4627039586474698,0.6665688378917765,0.5835990418751966,17.0,17.0
HYB-s18-b300-a0.50,pool,random,offensive,17071,0,0.8590503364413655,0.8689635139554293,0.8544577564851049,17.0,17.0
HYB-s18-b300-a0.50,pool,random,defensive,7203,0,0.9610391233971697,0.9676756250390216,0.9691977209644803,2.0,4.0
HYB-s18-b300-a0.50,pool,random,neutral,13244,0,0.975878075447976,0.9798158706375419,0.9835595637419491,2.0,3.0
HYB-s19-b300-a0.50,own,grouped,head_on,1887,52,0.7233108038351534,0.7320673358818544,0.7353587982609886,17.0,17.0
HYB-s19-b300-a0.50,own,random,head_on,1887,52,0.7310378627396303,0.714434165613268,0.6971986660290458,17.0,17.0
HYB-s19-b300-a0.50,own,grouped,offensive,15440,60,0.9510321328665996,0.952477783420838,0.9525139655409507,1.0,4.0
HYB-s19-b300-a0.50,own,random,offensive,15440,60,0.959204055679757,0.9785785884020566,0.9802225818279942,1.0,3.0
HYB-s19-b300-a0.50,own,grouped,defensive,3496,39,0.9989278888412604,0.9995075302913068,0.9996407031906759,1.0,1.0
HYB-s19-b300-a0.50,own,random,defensive,3496,39,0.8331218526107212,0.8076984129462078,0.7849825223330782,17.0,17.0
HYB-s19-b300-a0.50,own,grouped,neutral,12603,56,0.9992938111558669,0.999712442340694,0.9998127053859044,1.0,1.0
HYB-s19-b300-a0.50,own,random,neutral,12603,56,0.9992470670278994,0.9998122094592584,0.9998633253670038,1.0,1.0
HYB-s19-b300-a0.50,pool,random,head_on,2482,0,0.6289045067535104,0.6525248298781655,0.6991872023763489,17.0,17.0
HYB-s19-b300-a0.50,pool,random,offensive,17071,0,0.9480802454922191,0.9297249707047427,0.928549362379513,1.0,17.0
HYB-s19-b300-a0.50,pool,random,defensive,7203,0,0.969516331926812,0.9681874436316579,0.9617479433086028,1.0,2.0
HYB-s19-b300-a0.50,pool,random,neutral,13244,0,0.994515514110827,0.9937499090808279,0.9950000163472439,1.0,1.0
SHD-s0-b300,own,grouped,head_on,1364,53,0.7148182239641601,0.732345467930276,0.7129949717072609,17.0,17.0
SHD-s0-b300,own,random,head_on,1364,53,0.8185785400932173,0.8645111839255452,0.8778465453945741,17.0,17.0
SHD-s0-b300,own,grouped,offensive,13481,59,0.9651487377607233,0.9711350272350308,0.9647766967558269,1.0,3.0
SHD-s0-b300,own,random,offensive,13481,59,0.9553662614368374,0.9696215124259986,0.970062050022798,2.0,4.0
SHD-s0-b300,own,grouped,defensive,8093,42,0.9967771775528939,0.9971670605752593,0.9973840145157152,1.0,1.0
SHD-s0-b300,own,random,defensive,8093,42,0.9976728841906344,0.9995645067943525,0.9996576112937867,1.0,1.0
SHD-s0-b300,own,grouped,neutral,10373,58,0.99536390181085,0.9976818918155945,0.997791608921315,1.0,1.0
SHD-s0-b300,own,random,neutral,10373,58,0.9974075340126625,0.999032600852169,0.9992926847326525,1.0,1.0
SHD-s0-b300,pool,random,head_on,2482,0,0.6419549158662022,0.8616880171150444,0.8841998756603151,17.0,17.0
SHD-s0-b300,pool,random,offensive,17071,0,0.9156036092694338,0.9429380841330812,0.94415001086746,4.0,17.0
SHD-s0-b300,pool,random,defensive,7203,0,0.9657243909217574,0.9799319209024056,0.982246928112285,3.0,4.0
SHD-s0-b300,pool,random,neutral,13244,0,0.9901594032378056,0.9916513218118396,0.992310666501366,2.0,2.0
SHD-s1-b300,own,grouped,head_on,2085,53,0.5084316297200603,0.6328809208605879,0.644848693403831,17.0,17.0
SHD-s1-b300,own,random,head_on,2085,53,0.7158992564765415,0.6846148762495534,0.7228318940811556,17.0,17.0
SHD-s1-b300,own,grouped,offensive,11527,59,0.886061868784307,0.8593124425553508,0.7488739303934463,6.0,17.0
SHD-s1-b300,own,random,offensive,11527,59,0.8807360191695786,0.9218018179962164,0.9329061880300188,5.0,17.0
SHD-s1-b300,own,grouped,defensive,7326,44,0.9608026306826101,0.9955995909926653,0.9922750739608907,2.0,4.0
SHD-s1-b300,own,random,defensive,7326,44,0.9664378988784786,0.994510641496359,0.9863820735780942,2.0,3.0
SHD-s1-b300,own,grouped,neutral,10384,59,0.9041304464020314,0.9293274053218529,0.800257461895295,3.0,17.0
SHD-s1-b300,own,random,neutral,10384,59,0.9647986372942491,0.9816405472355527,0.9897865054465017,2.0,4.0
SHD-s1-b300,pool,random,head_on,2482,0,0.6875735903891032,0.8665520272595882,0.8600367541051254,17.0,17.0
SHD-s1-b300,pool,random,offensive,17071,0,0.9046005111094432,0.9415045307459389,0.9418456660241357,4.0,17.0
SHD-s1-b300,pool,random,defensive,7203,0,0.9487742643225273,0.9635025576439651,0.9703795108949722,3.0,5.0
SHD-s1-b300,pool,random,neutral,13244,0,0.9799898693867773,0.9934654616746201,0.9948074295084929,2.0,3.0
SHD-s2-b300,own,grouped,head_on,1988,54,0.6801829667113104,0.8338175506717801,0.8422033822758918,17.0,17.0
SHD-s2-b300,own,random,head_on,1988,54,0.6643850689227601,0.8010442399179935,0.7722280748302095,17.0,17.0
SHD-s2-b300,own,grouped,offensive,11145,60,0.9407242595308205,0.9551611372839266,0.9504808570058968,1.0,6.0
SHD-s2-b300,own,random,offensive,11145,60,0.9397253993431562,0.9599101196647158,0.9653093777285721,2.0,5.0
SHD-s2-b300,own,grouped,defensive,9653,58,0.9951655232849007,0.9976221084756567,0.9978249765478482,1.0,1.0
SHD-s2-b300,own,random,defensive,9653,58,0.9963919612684554,0.998894376090182,0.9987025301398846,1.0,1.0
SHD-s2-b300,own,grouped,neutral,10696,59,0.9868598966264496,0.9922559319541416,0.9936287361560013,1.0,2.0
SHD-s2-b300,own,random,neutral,10696,59,0.989553946392766,0.9969029535740731,0.9973939474305583,1.0,2.0
SHD-s2-b300,pool,random,head_on,2482,0,0.6648544925318998,0.8056266821567805,0.8128483316841821,17.0,17.0
SHD-s2-b300,pool,random,offensive,17071,0,0.8826832395199525,0.9244131132170273,0.9323578196123994,6.0,17.0
SHD-s2-b300,pool,random,defensive,7203,0,0.9213947975987572,0.9698665544650318,0.9737017300604974,4.0,6.0
SHD-s2-b300,pool,random,neutral,13244,0,0.9554839241255004,0.9812280652726363,0.9834768771319264,3.0,4.0
SHD-s3-b300,own,grouped,head_on,1810,55,0.6685196104910401,0.696261616163088,0.45857039305682595,17.0,17.0
SHD-s3-b300,own,random,head_on,1810,55,0.705016431005326,0.7371400181898334,0.7789096205818401,17.0,17.0
SHD-s3-b300,own,grouped,offensive,12840,60,0.9294085489486906,0.9330437843253999,0.9403708750151689,1.0,17.0
SHD-s3-b300,own,random,offensive,12840,60,0.9542198852384517,0.9617927658190025,0.9729751928559389,2.0,4.0
SHD-s3-b300,own,grouped,defensive,5638,48,0.9934679020008409,0.9939832618519776,0.9948288882747603,1.0,1.0
SHD-s3-b300,own,random,defensive,5638,48,0.9964258934913134,0.9979204605738577,0.9980074926585218,1.0,1.0
SHD-s3-b300,own,grouped,neutral,11907,59,0.9854321003732933,0.9927406698180081,0.9882282476416563,1.0,1.0
SHD-s3-b300,own,random,neutral,11907,59,0.9927370673632189,0.9973160249484043,0.9978068368416319,1.0,1.0
SHD-s3-b300,pool,random,head_on,2482,0,0.6531687092670075,0.8654494811524007,0.8298132013043659,17.0,17.0
SHD-s3-b300,pool,random,offensive,17071,0,0.8773895353348753,0.9339097151433831,0.9299390375908319,6.0,17.0
SHD-s3-b300,pool,random,defensive,7203,0,0.9494532357820012,0.9595809348106418,0.9591836545120818,3.0,6.0
SHD-s3-b300,pool,random,neutral,13244,0,0.9739453210526233,0.9922154153409775,0.9937082055547702,2.0,4.0
SHD-s4-b300,own,grouped,head_on,1665,50,0.7268515068972918,0.8968869284972417,0.8990519468640837,5.0,17.0
SHD-s4-b300,own,random,head_on,1665,50,0.7785886631489802,0.9175420582481921,0.916425452677432,6.0,17.0
SHD-s4-b300,own,grouped,offensive,8536,60,0.9302486822798648,0.934238757234683,0.9348685697377882,3.0,17.0
SHD-s4-b300,own,random,offensive,8536,60,0.919576280761593,0.9389413946736282,0.9447623039800255,4.0,17.0
SHD-s4-b300,own,grouped,defensive,13813,44,0.994498132168793,0.9968099825968119,0.9966699607757971,1.0,1.0
SHD-s4-b300,own,random,defensive,13813,44,0.996196423859061,0.999284777341431,0.9993453798235873,1.0,2.0
SHD-s4-b300,own,grouped,neutral,7053,58,0.9922494801010588,0.994278229550491,0.9968239792320129,1.0,2.0
SHD-s4-b300,own,random,neutral,7053,58,0.992686444077304,0.9979143849873112,0.9985370367907308,1.0,2.0
SHD-s4-b300,pool,random,head_on,2482,0,0.6139607429813617,0.7546679428033157,0.7349146782197232,17.0,17.0
SHD-s4-b300,pool,random,offensive,17071,0,0.9032289271560938,0.9376244600038389,0.9456333447141697,4.0,17.0
SHD-s4-b300,pool,random,defensive,7203,0,0.9393805428107037,0.9415127893800779,0.9458753041531226,3.0,17.0
SHD-s4-b300,pool,random,neutral,13244,0,0.9814855313747088,0.9884346424329814,0.9905113169598464,2.0,2.0
SHD-s5-b300,own,grouped,head_on,2355,53,0.6040493371952228,0.8223681146922553,0.8130255484390202,17.0,17.0
SHD-s5-b300,own,random,head_on,2355,53,0.689338910595662,0.8729792104942645,0.8685620695100122,17.0,17.0
SHD-s5-b300,own,grouped,offensive,11701,59,0.9586065159450851,0.9451386835213326,0.9572224973354821,1.0,3.0
SHD-s5-b300,own,random,offensive,11701,59,0.9565701541395435,0.9546772200877748,0.9618172475396022,1.0,4.0
SHD-s5-b300,own,grouped,defensive,6174,46,0.992034785898709,0.9934323271601787,0.9923739907622603,1.0,1.0
SHD-s5-b300,own,random,defensive,6174,46,0.9969610206704005,0.9991551787744744,0.9993293198082414,1.0,1.0
SHD-s5-b300,own,grouped,neutral,11467,59,0.9904087818719329,0.9963867246237552,0.9953072134090627,1.0,2.0
SHD-s5-b300,own,random,neutral,11467,59,0.9918585598038221,0.9975422083037894,0.9984007260328214,1.0,2.0
SHD-s5-b300,pool,random,head_on,2482,0,0.7365550310339019,0.7502163158940233,0.7545485118170601,17.0,17.0
SHD-s5-b300,pool,random,offensive,17071,0,0.9110355229869764,0.940063977393586,0.9477180337545543,4.0,12.0
SHD-s5-b300,pool,random,defensive,7203,0,0.9672813669195415,0.9825803588219018,0.9834442094792732,3.0,4.0
SHD-s5-b300,pool,random,neutral,13244,0,0.9752570390180813,0.987896852878585,0.9893880031511122,2.0,3.0
SHD-s6-b300,own,grouped,head_on,1841,52,0.701262183277688,0.9076045579620652,0.8939145453764403,8.0,17.0
SHD-s6-b300,own,random,head_on,1841,52,0.7693425919030797,0.9391678489439224,0.9414562240412232,6.0,17.0
SHD-s6-b300,own,grouped,offensive,10503,60,0.9101932775071339,0.9398102103661654,0.944450834430276,4.0,17.0
SHD-s6-b300,own,random,offensive,10503,60,0.9136580440225014,0.928591162164328,0.9293915599906742,4.0,17.0
SHD-s6-b300,own,grouped,defensive,12278,48,0.9924824056832612,0.9947369195815686,0.9955920956801646,1.0,1.0
SHD-s6-b300,own,random,defensive,12278,48,0.9951937673647218,0.9991518521141987,0.9992016224196635,1.0,1.0
SHD-s6-b300,own,grouped,neutral,9206,59,0.987394495272669,0.9928027138686097,0.9936618927116403,2.0,3.0
SHD-s6-b300,own,random,neutral,9206,59,0.9879239205078012,0.9960569673023818,0.9974020101814837,2.0,2.0
SHD-s6-b300,pool,random,head_on,2482,0,0.7509639291500072,0.8509067164900594,0.8464679822728428,17.0,17.0
SHD-s6-b300,pool,random,offensive,17071,0,0.8856835780112136,0.9309543002970754,0.9418676234124702,5.0,17.0
SHD-s6-b300,pool,random,defensive,7203,0,0.9401906583616398,0.9643436469283343,0.9655664786728261,3.0,5.0
SHD-s6-b300,pool,random,neutral,13244,0,0.9666492572196993,0.9831834606041796,0.9863121447475759,3.0,4.0
SHD-s7-b300,own,grouped,head_on,1585,54,0.6527041775174964,0.6535240419847874,0.6455581579354717,17.0,17.0
SHD-s7-b300,own,random,head_on,1585,54,0.6819560362456603,0.6930322549958162,0.6710169122086433,17.0,17.0
SHD-s7-b300,own,grouped,offensive,13353,60,0.9534123825229286,0.9710903824132232,0.9725342717311126,1.0,4.0
SHD-s7-b300,own,random,offensive,13353,60,0.9031997925294105,0.9403638092863214,0.9465439390320793,4.0,17.0
SHD-s7-b300,own,grouped,defensive,5731,52,0.9896151345303807,0.992922439257966,0.9913401087834685,1.0,1.0
SHD-s7-b300,own,random,defensive,5731,52,0.9947215220114717,0.997799611327033,0.9981339239190826,1.0,1.0
SHD-s7-b300,own,grouped,neutral,11586,56,0.9286685830343916,0.9314715125070765,0.9316321116201063,1.0,17.0
SHD-s7-b300,own,random,neutral,11586,56,0.9935210715005657,0.9973432969879563,0.9982112897826411,1.0,2.0
SHD-s7-b300,pool,random,head_on,2482,0,0.6346907902231577,0.7195759430265292,0.7348443073491262,17.0,17.0
SHD-s7-b300,pool,random,offensive,17071,0,0.8834661686773496,0.9218005919775496,0.9333988799897325,5.0,17.0
SHD-s7-b300,pool,random,defensive,7203,0,0.9657226502399622,0.9799454165235666,0.9821454781241258,3.0,4.0
SHD-s7-b300,pool,random,neutral,13244,0,0.9805746320911918,0.9934318238708314,0.9949940226341667,2.0,2.0
SHD-s8-b300,own,grouped,head_on,1300,52,0.6750239888236984,0.7353074996405999,0.7212411968306494,17.0,17.0
SHD-s8-b300,own,random,head_on,1300,52,0.6200643139916219,0.713768326179131,0.7186274116520301,17.0,17.0
SHD-s8-b300,own,grouped,offensive,13503,60,0.8681170367903674,0.891743626788275,0.9055901140479027,10.0,17.0
SHD-s8-b300,own,random,offensive,13503,60,0.8992354443806662,0.948331532440298,0.9507969763315997,5.0,9.0
SHD-s8-b300,own,grouped,defensive,8275,53,0.989869111766012,0.9926676876022951,0.9917982170794021,1.0,1.0
SHD-s8-b300,own,random,defensive,8275,53,0.9973142858394811,0.9993199153504821,0.9996014618469411,1.0,1.0
SHD-s8-b300,own,grouped,neutral,11629,60,0.9931524689322944,0.9976184768183687,0.9982051434239813,1.0,1.0
SHD-s8-b300,own,random,neutral,11629,60,0.9924386794428803,0.9982850835497014,0.9987001361741471,1.0,1.0
SHD-s8-b300,pool,random,head_on,2482,0,0.5291977611403963,0.6842258685340478,0.6886328191769898,17.0,17.0
SHD-s8-b300,pool,random,offensive,17071,0,0.8454536329203997,0.8990511607158153,0.907601182031467,11.0,17.0
SHD-s8-b300,pool,random,defensive,7203,0,0.927553261410376,0.9757548960992508,0.9772664471544942,4.0,5.0
SHD-s8-b300,pool,random,neutral,13244,0,0.9814551238218338,0.9937179996733237,0.9945549018742065,2.0,3.0
SHD-s9-b300,own,grouped,head_on,1591,55,0.65670734040375,0.5671519625486188,0.5802920719927186,17.0,17.0
SHD-s9-b300,own,random,head_on,1591,55,0.7541065382503299,0.8490468503280786,0.8699116770585094,17.0,17.0
SHD-s9-b300,own,grouped,offensive,12841,60,0.9636470928378759,0.9629722731318778,0.9610601132482899,1.0,2.0
SHD-s9-b300,own,random,offensive,12841,60,0.9638360561624931,0.9730218456243637,0.97915852695034,1.0,3.0
SHD-s9-b300,own,grouped,defensive,5836,49,0.9974833931213565,0.9990093639134681,0.9989896636903469,1.0,1.0
SHD-s9-b300,own,random,defensive,5836,49,0.9980555947827183,0.9990634799081495,0.9989704830812237,1.0,1.0
SHD-s9-b300,own,grouped,neutral,11524,57,0.9944572215214373,0.9974262877264426,0.9976325552354739,1.0,2.0
SHD-s9-b300,own,random,neutral,11524,57,0.9958362378398401,0.998552145792214,0.9990187122503059,1.0,1.0
SHD-s9-b300,pool,random,head_on,2482,0,0.7268762050908721,0.9199542412035246,0.929512525442086,6.0,17.0
SHD-s9-b300,pool,random,offensive,17071,0,0.9063879316720439,0.9540093009320819,0.9640816139987521,4.0,8.0
SHD-s9-b300,pool,random,defensive,7203,0,0.944617341752426,0.9701623666879037,0.9630143187562462,3.0,5.0
SHD-s9-b300,pool,random,neutral,13244,0,0.9756895972470565,0.9877266603031885,0.9892903534457557,2.0,3.0
SHD-s10-b300,own,grouped,head_on,1454,50,0.5787661363039479,0.5563239855003744,0.5531920502347613,17.0,17.0
SHD-s10-b300,own,random,head_on,1454,50,0.612060235121682,0.7444905948340761,0.7763817833820625,17.0,17.0
SHD-s10-b300,own,grouped,offensive,7897,60,0.6649717736587164,0.6878653785945675,0.7076760893356164,17.0,17.0
SHD-s10-b300,own,random,offensive,7897,60,0.7998030377751433,0.8632511090859452,0.8705180479960593,17.0,17.0
SHD-s10-b300,own,grouped,defensive,14481,50,0.9875380121011544,0.992343678147211,0.9926904090504586,3.0,4.0
SHD-s10-b300,own,random,defensive,14481,50,0.9901961040232407,0.997030921550748,0.998226321632516,3.0,4.0
SHD-s10-b300,own,grouped,neutral,6277,53,0.972213068282456,0.9791664537327477,0.9779813745554056,3.0,3.0
SHD-s10-b300,own,random,neutral,6277,53,0.9332798813260225,0.9789878268813398,0.9813284794282735,3.0,7.0
SHD-s10-b300,pool,random,head_on,2482,0,0.6986631774348174,0.8271265597191366,0.824593163006213,17.0,17.0
SHD-s10-b300,pool,random,offensive,17071,0,0.8036587084383745,0.9019315370824809,0.9165294083181754,8.0,17.0
SHD-s10-b300,pool,random,defensive,7203,0,0.9264302654147051,0.9753008608075496,0.9802028184889352,4.0,5.0
SHD-s10-b300,pool,random,neutral,13244,0,0.9625049675391911,0.9878548791020904,0.9900203641994364,3.0,4.0
SHD-s11-b300,own,grouped,head_on,1816,52,0.5362621804077912,0.6653571760541065,0.715851205821124,17.0,17.0
SHD-s11-b300,own,random,head_on,1816,52,0.7267937201825454,0.8983743678715818,0.9051744948451931,13.0,17.0
SHD-s11-b300,own,grouped,offensive,14933,60,0.951244131775714,0.9592784023228267,0.9465688860034693,2.0,3.0
SHD-s11-b300,own,random,offensive,14933,60,0.9429736092956817,0.950101913442128,0.9536345975716876,2.0,7.0
SHD-s11-b300,own,grouped,defensive,2504,31,0.9836446423444611,0.9901089089864782,0.9882718163021573,4.0,4.0
SHD-s11-b300,own,random,defensive,2504,31,0.9917423001467134,0.9989247273562186,0.9992988706053091,4.0,4.0
SHD-s11-b300,own,grouped,neutral,10328,56,0.9864586015266544,0.9930577367892178,0.9936113793235418,2.0,3.0
SHD-s11-b300,own,random,neutral,10328,56,0.986315763993306,0.9905999923969019,0.9907239943410887,2.0,3.0
SHD-s11-b300,pool,random,head_on,2482,0,0.7596108090537486,0.8194159366356865,0.8138551134725046,17.0,17.0
SHD-s11-b300,pool,random,offensive,17071,0,0.9307267837407686,0.942864124845272,0.9415986318743308,3.0,17.0
SHD-s11-b300,pool,random,defensive,7203,0,0.9542968919055201,0.9723335998534788,0.9733389131078751,3.0,4.0
SHD-s11-b300,pool,random,neutral,13244,0,0.9874867169254273,0.9925864181425794,0.9932441252499913,2.0,2.0
SHD-s12-b300,own,grouped,head_on,2313,53,0.5775306104033715,0.7664840365267128,0.7998090837970865,17.0,17.0
SHD-s12-b300,own,random,head_on,2313,53,0.6497144632190521,0.8229373937957909,0.8467740547190299,17.0,17.0
SHD-s12-b300,own,grouped,offensive,12038,59,0.7992657444316391,0.809417579334838,0.8628981009074208,17.0,17.0
SHD-s12-b300,own,random,offensive,12038,59,0.9020454476499983,0.9473406863055971,0.9475666691058031,4.0,17.0
SHD-s12-b300,own,grouped,defensive,7457,43,0.9118238863736204,0.9157381533322251,0.9159313538503889,3.0,17.0
SHD-s12-b300,own,random,defensive,7457,43,0.9846367122458513,0.9951296891095868,0.9953703956282594,1.0,2.0
SHD-s12-b300,own,grouped,neutral,11465,57,0.9693896640664191,0.9736870851206136,0.9739627699175343,1.0,3.0
SHD-s12-b300,own,random,neutral,11465,57,0.9843464257667627,0.9953589638691678,0.9958760107965716,1.0,2.0
SHD-s12-b300,pool,random,head_on,2482,0,0.6241572843620099,0.7526807772524566,0.7214388168825192,17.0,17.0
SHD-s12-b300,pool,random,offensive,17071,0,0.8891966912188458,0.9356834524084668,0.9465479819931547,5.0,17.0
SHD-s12-b300,pool,random,defensive,7203,0,0.9528721976199334,0.9705531221565363,0.9732250629749002,3.0,4.0
SHD-s12-b300,pool,random,neutral,13244,0,0.9754004898796718,0.9922550251660587,0.9942231241299285,2.0,3.0
SHD-s13-b300,own,grouped,head_on,1417,48,0.5071833777407425,0.6289559707248468,0.6396797285552188,17.0,17.0
SHD-s13-b300,own,random,head_on,1417,48,0.6318055828733615,0.7888894684960428,0.8024044194061078,17.0,17.0
SHD-s13-b300,own,grouped,offensive,8126,60,0.8880741258660061,0.9103210211571064,0.915641057059916,8.0,17.0
SHD-s13-b300,own,random,offensive,8126,60,0.8864025457127489,0.9401431026696283,0.9473851877965512,5.0,12.0
SHD-s13-b300,own,grouped,defensive,16570,59,0.9924600784322545,0.9953583641696705,0.9955796134496004,1.0,1.0
SHD-s13-b300,own,random,defensive,16570,59,0.9940799188810356,0.9970883145270187,0.9979619096978765,1.0,1.0
SHD-s13-b300,own,grouped,neutral,7586,56,0.9750306577270286,0.9884397979851175,0.9869169589716685,1.0,3.0
SHD-s13-b300,own,random,neutral,7586,56,0.9875535735058726,0.9943064175928829,0.9959918015800171,1.0,2.0
SHD-s13-b300,pool,random,head_on,2482,0,0.6347952459949594,0.7760762709577673,0.7742865735489723,17.0,17.0
SHD-s13-b300,pool,random,offensive,17071,0,0.7723426290092312,0.8724003691554834,0.8990103345216631,13.0,17.0
SHD-s13-b300,pool,random,defensive,7203,0,0.8931176499799599,0.9262333480758824,0.9426381850828891,5.0,17.0
SHD-s13-b300,pool,random,neutral,13244,0,0.9611672857435714,0.9855719556214039,0.9891139951924098,3.0,4.0
SHD-s14-b300,own,grouped,head_on,1486,50,0.6917348971771186,0.7587840816811984,0.6992425375371302,17.0,17.0
SHD-s14-b300,own,random,head_on,1486,50,0.7721782480097202,0.8383841436513738,0.8397166408223318,17.0,17.0
SHD-s14-b300,own,grouped,offensive,8918,60,0.8961847379369612,0.9167911549762985,0.9094062190652993,6.0,17.0
SHD-s14-b300,own,random,offensive,8918,60,0.9021799286611063,0.9449624308368946,0.9552640376483199,4.0,10.0
SHD-s14-b300,own,grouped,defensive,11800,56,0.9512274344846261,0.9878431550721669,0.9875041314768028,4.0,4.0
SHD-s14-b300,own,random,defensive,11800,56,0.96682083900312,0.9926285384256354,0.9938991149527769,3.0,4.0
SHD-s14-b300,own,grouped,neutral,7765,55,0.9711031355494633,0.9835399622249739,0.9740819213956983,3.0,3.0
SHD-s14-b300,own,random,neutral,7765,55,0.9774558185532007,0.9895655055352097,0.9906445154691457,3.0,3.0
SHD-s14-b300,pool,random,head_on,2482,0,0.6696869305339407,0.8180905729084567,0.8191866816183124,17.0,17.0
SHD-s14-b300,pool,random,offensive,17071,0,0.8813070483271014,0.9234105584012463,0.9341991953730985,5.0,17.0
SHD-s14-b300,pool,random,defensive,7203,0,0.9552062101607187,0.9788027617520033,0.9815941095258289,3.0,4.0
SHD-s14-b300,pool,random,neutral,13244,0,0.9673987730715691,0.9895835215576926,0.9908193458307261,3.0,4.0
SHD-s15-b300,own,grouped,head_on,1843,53,0.6673465153419189,0.8890194701305821,0.8819538889950373,11.0,17.0
SHD-s15-b300,own,random,head_on,1843,53,0.7458538570244267,0.9071357886189304,0.9076856184711606,8.0,17.0
SHD-s15-b300,own,grouped,offensive,10075,60,0.9363830938563834,0.9504409650023329,0.9513619946434526,1.0,8.0
SHD-s15-b300,own,random,offensive,10075,60,0.947026849752594,0.9580250480735428,0.9564105375849903,3.0,8.0
SHD-s15-b300,own,grouped,defensive,11657,50,0.9314959574660219,0.9340743226787612,0.9341526208522853,1.0,1.0
SHD-s15-b300,own,random,defensive,11657,50,0.99543558348372,0.9990490284147391,0.9989644971479619,1.0,1.0
SHD-s15-b300,own,grouped,neutral,9014,59,0.8629890102020809,0.9964939682248155,0.997240454006521,1.0,1.0
SHD-s15-b300,own,random,neutral,9014,59,0.9929397030590934,0.9983094519368768,0.9979311768775774,1.0,2.0
SHD-s15-b300,pool,random,head_on,2482,0,0.6401629062694675,0.9079579536312009,0.8979005333713332,7.0,17.0
SHD-s15-b300,pool,random,offensive,17071,0,0.9275483030838967,0.9612344239391578,0.9679870467660712,4.0,7.0
SHD-s15-b300,pool,random,defensive,7203,0,0.9443888426089975,0.9774174752110811,0.9722154525915524,3.0,5.0
SHD-s15-b300,pool,random,neutral,13244,0,0.9755755517879705,0.9881041079648247,0.9892725750537212,2.0,3.0
SHD-s16-b300,own,grouped,head_on,1487,51,0.5443612871890747,0.6390669089077198,0.6088036630352742,17.0,17.0
SHD-s16-b300,own,random,head_on,1487,51,0.6138986613220567,0.6924640991949182,0.6783588697140885,17.0,17.0
SHD-s16-b300,own,grouped,offensive,12977,60,0.9051881656313437,0.9334631971288915,0.9360793494917082,3.0,17.0
SHD-s16-b300,own,random,offensive,12977,60,0.9037347114551272,0.9393935152924836,0.9401701835152454,4.0,15.0
SHD-s16-b300,own,grouped,defensive,7382,46,0.9836963578263561,0.9888309557667802,0.9854437260081992,1.0,2.0
SHD-s16-b300,own,random,defensive,7382,46,0.9950224849531338,0.9980306632728198,0.9978555383688448,2.0,3.0
SHD-s16-b300,own,grouped,neutral,10775,58,0.9556507832994928,0.9723218291646685,0.9720620624097887,3.0,4.0
SHD-s16-b300,own,random,neutral,10775,58,0.9729177323223269,0.9929990348509563,0.9941261116057929,3.0,3.0
SHD-s16-b300,pool,random,head_on,2482,0,0.5073538387401186,0.6455288717181253,0.6152543469056928,17.0,17.0
SHD-s16-b300,pool,random,offensive,17071,0,0.8691249208718489,0.9158041011965734,0.9244978909211766,6.0,17.0
SHD-s16-b300,pool,random,defensive,7203,0,0.9461106911104289,0.9708964854407012,0.9783695962745603,4.0,5.0
SHD-s16-b300,pool,random,neutral,13244,0,0.9806585029966206,0.992263666870114,0.9940355105345029,2.0,3.0
SHD-s17-b300,own,grouped,head_on,1983,53,0.6136706688075539,0.763493748790812,0.7732356069809619,17.0,17.0
SHD-s17-b300,own,random,head_on,1983,53,0.6949248764904431,0.8770373336750604,0.8735262261961673,17.0,17.0
SHD-s17-b300,own,grouped,offensive,8841,59,0.9340102356546875,0.9346822389019899,0.9370571424335781,2.0,17.0
SHD-s17-b300,own,random,offensive,8841,59,0.9396833378952184,0.9617862853418832,0.9678533710285943,2.0,5.0
SHD-s17-b300,own,grouped,defensive,10587,54,0.9960020619644595,0.9972353725911954,0.997508042785345,1.0,1.0
SHD-s17-b300,own,random,defensive,10587,54,0.9961707849590818,0.9988381788227955,0.9989638230911886,1.0,1.0
SHD-s17-b300,own,grouped,neutral,8880,56,0.9909139877535977,0.9974601372250638,0.9977393542342043,1.0,2.0
SHD-s17-b300,own,random,neutral,8880,56,0.9910693352553822,0.9976955717269264,0.9979134757192152,1.0,2.0
SHD-s17-b300,pool,random,head_on,2482,0,0.5972388182665277,0.7478895586512596,0.730458772009285,17.0,17.0
SHD-s17-b300,pool,random,offensive,17071,0,0.8879585370985833,0.9374324950337927,0.940510483579057,5.0,17.0
SHD-s17-b300,pool,random,defensive,7203,0,0.929506774642172,0.9543478197059378,0.9515048440455348,4.0,5.0
SHD-s17-b300,pool,random,neutral,13244,0,0.9630135014885176,0.9840965729710123,0.9859357877041671,3.0,4.0
SHD-s18-b300,own,grouped,head_on,1349,54,0.7327740428585393,0.826685396462111,0.6774336684102431,17.0,17.0
SHD-s18-b300,own,random,head_on,1349,54,0.6535974728567446,0.7813499738896266,0.7685212364693008,17.0,17.0
SHD-s18-b300,own,grouped,offensive,8678,60,0.8661035875480473,0.8569153226870668,0.8534546658189056,17.0,17.0
SHD-s18-b300,own,random,offensive,8678,60,0.879637790901193,0.9155150984890684,0.924573211351847,7.0,17.0
SHD-s18-b300,own,grouped,defensive,15130,57,0.9910198193829924,0.9890196568377984,0.9921753540060125,1.0,1.0
SHD-s18-b300,own,random,defensive,15130,57,0.9900091628117019,0.9945554816175436,0.9942509672359694,1.0,1.0
SHD-s18-b300,own,grouped,neutral,8259,56,0.9555860679112648,0.971114378988702,0.9727651593242379,2.0,4.0
SHD-s18-b300,own,random,neutral,8259,56,0.9584473668260535,0.9812163317049826,0.9843000689912315,2.0,4.0
SHD-s18-b300,pool,random,head_on,2482,0,0.5716914647219741,0.7971230458014209,0.7882191402320984,17.0,17.0
SHD-s18-b300,pool,random,offensive,17071,0,0.5745793901454442,0.7675830221835328,0.8440724035704484,17.0,17.0
SHD-s18-b300,pool,random,defensive,7203,0,0.8966385181269273,0.9497014009777105,0.9566068354194172,5.0,7.0
SHD-s18-b300,pool,random,neutral,13244,0,0.6177305259672381,0.7543488175117234,0.959475656890076,12.0,16.0
SHD-s19-b300,own,grouped,head_on,1728,55,0.6762072370586599,0.8208928575681307,0.8352220053913929,17.0,17.0
SHD-s19-b300,own,random,head_on,1728,55,0.7893856036217067,0.7574792491067506,0.7859645055300274,17.0,17.0
SHD-s19-b300,own,grouped,offensive,15031,60,0.9515596086197445,0.9597597274784181,0.9675446411997827,2.0,4.0
SHD-s19-b300,own,random,offensive,15031,60,0.9468494596788744,0.9565376696425101,0.9593764674301762,1.0,5.0
SHD-s19-b300,own,grouped,defensive,4982,42,0.9727804447901505,0.9758345217163944,0.9733811097055641,1.0,1.0
SHD-s19-b300,own,random,defensive,4982,42,0.9933387859653957,0.9977495437286504,0.9874244712941044,1.0,1.0
SHD-s19-b300,own,grouped,neutral,12973,60,0.9660057149431233,0.9984262788697407,0.9981126089318065,2.0,3.0
SHD-s19-b300,own,random,neutral,12973,60,0.9840272459263184,0.9950265354316383,0.9959618798519012,2.0,3.0
SHD-s19-b300,pool,random,head_on,2482,0,0.6733856312955401,0.7075308854409917,0.7278411090328939,17.0,17.0
SHD-s19-b300,pool,random,offensive,17071,0,0.8925034636198026,0.9235710433976325,0.9254670319763459,5.0,17.0
SHD-s19-b300,pool,random,defensive,7203,0,0.9551221892540779,0.9697128460647301,0.9734397031719023,3.0,4.0
SHD-s19-b300,pool,random,neutral,13244,0,0.9882564130138428,0.9938780382458842,0.9952754508623964,2.0,2.0
RES-s0-b200,own,grouped,head_on,1801,50,0.6634697816753679,0.7259540922527198,0.7561721333527486,17.0,17.0
RES-s0-b200,own,random,head_on,1801,50,0.7849567869460717,0.8742820169117468,0.8728053353767934,17.0,17.0
RES-s0-b200,own,grouped,offensive,16612,59,0.9301989200001464,0.9155201736753982,0.914509929136394,1.0,3.0
RES-s0-b200,own,random,offensive,16612,59,0.9494009331957978,0.9536486434062696,0.9458674382528643,1.0,7.0
RES-s0-b200,own,grouped,defensive,1756,28,0.9989168677808945,0.9994349698525902,0.9990260208665424,1.0,1.0
RES-s0-b200,own,random,defensive,1756,28,0.9993800362735065,0.9997172417998204,0.999725273696534,1.0,1.0
RES-s0-b200,own,grouped,neutral,11710,56,0.9991891008435952,0.9996470534875274,0.9996053872840657,1.0,1.0
RES-s0-b200,own,random,neutral,11710,56,0.9991035755344496,0.9996838603574426,0.99980536794474,1.0,1.0
RES-s0-b200,pool,random,head_on,2482,0,0.6745078287918563,0.8131906051219534,0.7811085261976177,17.0,17.0
RES-s0-b200,pool,random,offensive,17071,0,0.9440661703544794,0.9532937076555515,0.946539690128155,2.0,5.0
RES-s0-b200,pool,random,defensive,7203,0,0.9651135431952342,0.9658192103476708,0.9695996763710699,1.0,2.0
RES-s0-b200,pool,random,neutral,13244,0,0.9971337907116923,0.9987781586492517,0.9992872492930693,1.0,1.0
RES-s1-b200,own,grouped,head_on,1296,50,0.7227062468612083,0.6792554826326699,0.6359567350783182,17.0,17.0
RES-s1-b200,own,random,head_on,1296,50,0.7863913705966157,0.8824483059672513,0.8639047611768477,17.0,17.0
RES-s1-b200,own,grouped,offensive,17453,60,0.9261900085861247,0.8966248125681404,0.892116424857867,1.0,17.0
RES-s1-b200,own,random,offensive,17453,60,0.9412935083512654,0.9437409891108555,0.9485057751258961,1.0,6.0
RES-s1-b200,own,grouped,defensive,2371,31,0.9982502063110881,0.8972557481990003,0.9989865259081101,1.0,1.0
RES-s1-b200,own,random,defensive,2371,31,0.9990035739326208,0.9997039165395664,0.9998298331851716,1.0,1.0
RES-s1-b200,own,grouped,neutral,12049,58,0.9983379905949842,0.9991624780658401,0.9994196232588666,1.0,1.0
RES-s1-b200,own,random,neutral,12049,58,0.9986426393070722,0.9997003554987834,0.9998542980083112,1.0,1.0
RES-s1-b200,pool,random,head_on,2482,0,0.5574236964974579,0.713999390484422,0.6784654667541322,17.0,17.0
RES-s1-b200,pool,random,offensive,17071,0,0.9382954495435929,0.9651798705006003,0.9512745139443468,2.0,5.0
RES-s1-b200,pool,random,defensive,7203,0,0.9896335685623008,0.9918654835151675,0.9922661275021155,1.0,1.0
RES-s1-b200,pool,random,neutral,13244,0,0.996578729121309,0.9987260584901548,0.9990457371437469,1.0,1.0
RES-s2-b200,own,grouped,head_on,1923,52,0.5946922055015449,0.6686693593285306,0.6181099025449529,17.0,17.0
RES-s2-b200,own,random,head_on,1923,52,0.6385239533747405,0.7330970295992313,0.7256935994379385,17.0,17.0
RES-s2-b200,own,grouped,offensive,18200,60,0.9386985236241707,0.9461046887029388,0.9477246637657831,1.0,3.0
RES-s2-b200,own,random,offensive,18200,60,0.9459872862295976,0.9542428952104222,0.9532418387296876,1.0,8.0
RES-s2-b200,own,grouped,defensive,1476,32,0.9984319431901009,0.9989759153409161,0.9989128535425204,1.0,1.0
RES-s2-b200,own,random,defensive,1476,32,0.9995958911514389,0.9998589708357057,0.999846579591569,1.0,1.0
RES-s2-b200,own,grouped,neutral,12872,59,0.9989550599438629,0.9995897723213183,0.999674943295233,1.0,1.0
RES-s2-b200,own,random,neutral,12872,59,0.9991994136702712,0.9997439287151146,0.9998135768442218,1.0,1.0
RES-s2-b200,pool,random,head_on,2482,0,0.6854566922594262,0.8036931594920274,0.7327941038098749,17.0,17.0
RES-s2-b200,pool,random,offensive,17071,0,0.9223534079436199,0.9536714795940747,0.9502308880868964,2.0,7.0
RES-s2-b200,pool,random,defensive,7203,0,0.9822112458010291,0.980804447151541,0.981814286014145,1.0,1.0
RES-s2-b200,pool,random,neutral,13244,0,0.9976431793503691,0.9991170474034913,0.9993077914186178,1.0,1.0
GATE-s0-b200,own,grouped,head_on,1601,53,0.6795218671201291,0.6766664255302726,0.6813838901700343,17.0,17.0
GATE-s0-b200,own,random,head_on,1601,53,0.6841387369186405,0.7627230646658097,0.7611071688755541,17.0,17.0
GATE-s0-b200,own,grouped,offensive,16806,59,0.9715138230860392,0.9764524803712582,0.9802807375289955,1.0,1.0
GATE-s0-b200,own,random,offensive,16806,59,0.9588846915897357,0.9575063168419512,0.9487375960877773,1.0,3.0
GATE-s0-b200,own,grouped,defensive,2078,34,0.9995778312212701,0.9997071641786974,0.9997239000247556,1.0,1.0
GATE-s0-b200,own,random,defensive,2078,34,0.998691262144138,0.9988041465916322,0.99891466898893,1.0,1.0
GATE-s0-b200,own,grouped,neutral,11117,56,0.9987281851442974,0.9993658770985075,0.9991850086522244,1.0,1.0
GATE-s0-b200,own,random,neutral,11117,56,0.9994245200552218,0.9998706810902707,0.999907703431243,1.0,1.0
GATE-s0-b200,pool,random,head_on,2482,0,0.7111759728779997,0.7008129099525304,0.6331660553894188,17.0,17.0
GATE-s0-b200,pool,random,offensive,17071,0,0.9551422924201278,0.9597477695179573,0.9610625198384529,1.0,2.0
GATE-s0-b200,pool,random,defensive,7203,0,0.9712613888362926,0.9748372967878052,0.9750562960705119,1.0,1.0
GATE-s0-b200,pool,random,neutral,13244,0,0.9958487862020212,0.9956966219385006,0.9957799781969505,1.0,1.0
GATE-s1-b200,own,grouped,head_on,1679,52,0.5275516722337746,0.4426559374948592,0.3471186636433843,17.0,17.0
GATE-s1-b200,own,random,head_on,1679,52,0.5727475827239816,0.4604425857301025,0.34507391789269765,17.0,17.0
GATE-s1-b200,own,grouped,offensive,18967,60,0.9680232478158735,0.9689877294540392,0.9645928602049793,1.0,2.0
GATE-s1-b200,own,random,offensive,18967,60,0.9675136791660186,0.974369914438217,0.9722371950685176,1.0,1.0
GATE-s1-b200,own,grouped,defensive,1030,18,0.9881656535875509,0.9885861717579336,0.9897323682172626,2.0,2.0
GATE-s1-b200,own,random,defensive,1030,18,0.8879318735102795,0.8440397316250633,0.77654565777206,17.0,17.0
GATE-s1-b200,own,grouped,neutral,11595,58,0.9986414133847131,0.9993198312450073,0.99939191526185,1.0,1.0
GATE-s1-b200,own,random,neutral,11595,58,0.9989313007368354,0.9994296658284282,0.9995079809543397,1.0,1.0
GATE-s1-b200,pool,random,head_on,2482,0,0.5765990619843602,0.5579889192487903,0.5325671675340216,17.0,17.0
GATE-s1-b200,pool,random,offensive,17071,0,0.9447114226800426,0.9389364446469028,0.9360851552995213,1.0,17.0
GATE-s1-b200,pool,random,defensive,7203,0,0.9742102394076209,0.9749885018884751,0.9814345472946386,1.0,2.0
GATE-s1-b200,pool,random,neutral,13244,0,0.9948052492548761,0.9957352309396753,0.9954374940058744,1.0,1.0
GATE-s2-b200,own,grouped,head_on,1673,53,0.6370092060733877,0.49660442756622525,0.564786328766479,17.0,17.0
GATE-s2-b200,own,random,head_on,1673,53,0.5993833295299555,0.34186473279005003,0.2909768564846628,17.0,17.0
GATE-s2-b200,own,grouped,offensive,19513,60,0.9710507069737287,0.9776812311350912,0.9721217634622411,1.0,1.0
GATE-s2-b200,own,random,offensive,19513,60,0.9578829093010255,0.9532611958610767,0.9580699325330029,1.0,2.0
GATE-s2-b200,own,grouped,defensive,978,21,,,,,
GATE-s2-b200,own,random,defensive,978,21,,,,,
GATE-s2-b200,own,grouped,neutral,12143,58,0.9990128250243018,0.9994585118025416,0.9995388169805759,1.0,1.0
GATE-s2-b200,own,random,neutral,12143,58,0.9992682954530409,0.9997539438073926,0.9998383073019343,1.0,1.0
GATE-s2-b200,pool,random,head_on,2482,0,0.578153783703345,0.4694892967011092,0.4224172614222307,17.0,17.0
GATE-s2-b200,pool,random,offensive,17071,0,0.9455184977131456,0.941835535395903,0.9352232196203146,1.0,17.0
GATE-s2-b200,pool,random,defensive,7203,0,0.9739167345626937,0.9812140994497037,0.9755961810772514,1.0,2.0
GATE-s2-b200,pool,random,neutral,13244,0,0.9947394621047945,0.9952444698138636,0.9958746010261728,1.0,1.0
