cond,head_on,offensive,defensive,neutral
BT-v1,0.011950201548175365,0.08436485570577533,0.8535297684871401,0.05015517425890914
BT-v2,0.03996497592094565,0.48864844580649197,0.15670148226905997,0.3146850960035024
BT-v3,0.05282704744829353,0.3674201191009797,0.273131843503874,0.3066209899468528
RL-s0-b0-a1.00,0.04340836012861737,0.507427652733119,0.16585209003215434,0.2833118971061093
BTO-s0-b300,0.04383200411628505,0.4722150758940057,0.1930473372781065,0.2909055827116028
BTO-s1-b300,0.05660667117144788,0.4617298359850114,0.17439646169912157,0.30726703114441917
BTO-s2-b300,0.04537471660759332,0.4905642302902577,0.1728454194207619,0.2912156336813871
RL-s0-b300-a1.00,0.053050698557542436,0.47394224501941223,0.11752203361011138,0.3554850228129339
RL-s1-b300-a1.00,0.10110174983797797,0.44131856477935544,0.07759382548753903,0.37998585989512756
RL-s2-b300-a1.00,0.06620463783372811,0.35453402345234963,0.2544375237593941,0.32482381495452817
RL-s3-b300-a1.00,0.0965693240147319,0.427776005567961,0.07954644317489777,0.3961082272424093
RL-s4-b300-a1.00,0.061421377242120746,0.32908957166298874,0.3514117580490013,0.2580772930458892
RL-s5-b300-a1.00,0.0743520175489234,0.3969578017664377,0.1673497662067771,0.3613404144778618
RL-s6-b300-a1.00,0.07218647702901004,0.31589344169770855,0.31738909583474434,0.29453098543853706
RL-s7-b300-a1.00,0.048592407790661415,0.4778442434723443,0.11391149037507442,0.3596518583619199
RL-s8-b300-a1.00,0.056391412533996876,0.41036398356576587,0.17444013656617094,0.3588044673340663
RL-s9-b300-a1.00,0.0728816456778164,0.4313351188101886,0.11182973388797082,0.38395350162402414
RL-s10-b300-a1.00,0.04555984555984556,0.2919590397851267,0.4460634547591069,0.21641765989592077
RL-s11-b300-a1.00,0.07114054451802797,0.5333627667402502,0.029786607799852833,0.365710080941869
RL-s12-b300-a1.00,0.10379645827578798,0.4250375962925452,0.1179142497621459,0.3532516956695209
RL-s13-b300-a1.00,0.048555283700337876,0.3280030292438541,0.33988698590236516,0.28355470115344283
RL-s14-b300-a1.00,0.06522089388715238,0.37450455966229496,0.29452518286984825,0.2657493635807044
RL-s15-b300-a1.00,0.07931064547066174,0.41154930396117295,0.15577319887238802,0.35336685169577725
RL-s16-b300-a1.00,0.04334789685599246,0.43270795853679433,0.23470116222622006,0.28924298238099316
RL-s17-b300-a1.00,0.0783033298035063,0.3503647487939758,0.2380868337451465,0.33324508765737143
RL-s18-b300-a1.00,0.053376938125967235,0.2990626916226239,0.3634186936081993,0.2841416766432096
RL-s19-b300-a1.00,0.047487623058100496,0.48668411768053266,0.08461844875661526,0.3812098105047516
HYB-s0-b300-a0.50,0.05103026902334861,0.5176907010817046,0.06309423610461673,0.36818479379033014
HYB-s1-b300-a0.50,0.07486718164336234,0.46442423649815845,0.09148984713666439,0.3692187347218148
HYB-s2-b300-a0.50,0.06876501514571219,0.4227220500678946,0.15918665784617528,0.34932627694021795
HYB-s3-b300-a0.50,0.0710339897315916,0.44011178267368556,0.1191915253135764,0.36966270228114645
HYB-s4-b300-a0.50,0.06775618089804339,0.4568545917545047,0.11642974567256552,0.3589594816748864
HYB-s5-b300-a0.50,0.0755804325505912,0.46533964826284235,0.09674427847514325,0.36233564071142316
HYB-s6-b300-a0.50,0.06918295920830317,0.391383055756698,0.20027757663528845,0.33915640839971034
HYB-s7-b300-a0.50,0.06632714561234329,0.4655858244937319,0.09691417550626807,0.3711728543876567
HYB-s8-b300-a0.50,0.05400610097740148,0.47584510987984807,0.13848596152648945,0.331662827616261
HYB-s9-b300-a0.50,0.09056616832779624,0.4531076965669989,0.0694905869324474,0.38683554817275745
HYB-s10-b300-a0.50,0.059291112848579616,0.4586591086786552,0.14721787855095125,0.3348318999218139
HYB-s11-b300-a0.50,0.05291507164876859,0.5449032826315254,0.05135675327755005,0.3508248924421559
HYB-s12-b300-a0.50,0.07368975343823565,0.4741048197249412,0.09750960227976707,0.3546958245570561
HYB-s13-b300-a0.50,0.055884347450835335,0.45139017323222985,0.13565748104309228,0.35706799827384256
HYB-s14-b300-a0.50,0.052842911877394635,0.4475402298850575,0.14133333333333334,0.35828352490421456
HYB-s15-b300-a0.50,0.08677403308046262,0.4528043775649795,0.08012063176221863,0.3803009575923393
HYB-s16-b300-a0.50,0.059167161288307145,0.4780231795320359,0.10287088813220456,0.3599387710474524
HYB-s17-b300-a0.50,0.07811916905087697,0.4281627068043289,0.11102127130240079,0.38269685284239335
HYB-s18-b300-a0.50,0.041918429003021146,0.3234201913393756,0.3640483383685801,0.27061304128902314
HYB-s19-b300-a0.50,0.056453060491832706,0.46191587387063965,0.10458924190749716,0.37704182373003053
SHD-s0-b300,0.04094743478130347,0.40470114977034616,0.2429527783615022,0.3113986370868482
SHD-s1-b300,0.06656663048336632,0.36801609092650533,0.23389311027392887,0.33152416831619946
SHD-s2-b300,0.059375186667463116,0.33286542022579296,0.2883041634310973,0.3194552296756466
SHD-s3-b300,0.056219909923901225,0.3988196924988352,0.1751203603043951,0.36984003727286846
SHD-s4-b300,0.053593845559597,0.2747610004184504,0.44461969292174974,0.22702546110020277
SHD-s5-b300,0.07429725210587752,0.36915165473073164,0.1947818405527337,0.3617692526106572
SHD-s6-b300,0.05442237199952702,0.3104824405817666,0.362953766110914,0.27214142130779234
SHD-s7-b300,0.04913966826848551,0.41398232832119053,0.17767787939854285,0.35920012401178114
SHD-s8-b300,0.037456420894920336,0.38905696257239175,0.23842452531189673,0.33506209122079117
SHD-s9-b300,0.05004403623553095,0.4039066431806744,0.18356819325616508,0.3624811273276296
SHD-s10-b300,0.048291208608721645,0.26228038128134445,0.4809525391079079,0.20847587100202597
SHD-s11-b300,0.06139075758087962,0.504817281363037,0.08464893005645516,0.3491430309996281
SHD-s12-b300,0.06951582364078983,0.36179484867610373,0.22411564932527875,0.34457367835782765
SHD-s13-b300,0.04204872548146829,0.24113475177304963,0.4917059853408113,0.22511053740467077
SHD-s14-b300,0.049584570723080514,0.29757415996529746,0.39374019820481165,0.25910107110681035
SHD-s15-b300,0.056552824572708583,0.3091533953174384,0.35769738255239497,0.276596397557458
SHD-s16-b300,0.045584132920511326,0.397811225897428,0.22629594433033934,0.33030869685172126
SHD-s17-b300,0.06546498960087155,0.29186887194216105,0.34950975537288304,0.29315638308408437
SHD-s18-b300,0.0403698826909265,0.2596959540339957,0.4527771127603543,0.24715705051472348
SHD-s19-b300,0.04977818747479403,0.43299533329492423,0.14351558449040733,0.3737108947398744
RES-s0-b200,0.05649487123184541,0.521095391950814,0.05508328366636343,0.3673264531509771
RES-s1-b200,0.03907262805631764,0.5261840875516295,0.07148240827278483,0.363260876119268
RES-s2-b200,0.05578602303385454,0.5279800411940472,0.04281860114298976,0.37341533462910853
GATE-s0-b200,0.0506613505474337,0.5318017846971711,0.06575533194101639,0.35178153281437885
GATE-s1-b200,0.05046436836884975,0.570076042198912,0.030957891256649935,0.34850169817558835
GATE-s2-b200,0.048765558049377676,0.5687760515346723,0.02850730171685079,0.3539510886990993
