cond,pool_score,pool_score_vs_rl,family
BT-v1,0.19305555555555556,0.19,BT
BT-v2,0.428888888888889,0.3579166666666667,BT
BT-v3,0.22527777777777777,0.26625,BT
RL-s0-b300-a1.00,0.5527777777777776,0.5276315789473685,RL
RL-s10-b300-a1.00,0.5597222222222221,0.5131578947368421,RL
RL-s11-b300-a1.00,0.5666666666666668,0.5263157894736842,RL
RL-s12-b300-a1.00,0.5308333333333334,0.4916666666666667,RL
RL-s13-b300-a1.00,0.5058333333333334,0.47324561403508775,RL
RL-s14-b300-a1.00,0.5027777777777778,0.46710526315789475,RL
RL-s15-b300-a1.00,0.5355555555555556,0.5074561403508773,RL
RL-s16-b300-a1.00,0.5000000000000001,0.4666666666666667,RL
RL-s17-b300-a1.00,0.5227777777777779,0.5026315789473684,RL
RL-s18-b300-a1.00,0.47222222222222227,0.4587719298245614,RL
RL-s19-b300-a1.00,0.5636111111111111,0.5245614035087719,RL
RL-s1-b300-a1.00,0.5375000000000001,0.48421052631578954,RL
RL-s2-b300-a1.00,0.5658333333333333,0.531140350877193,RL
RL-s3-b300-a1.00,0.5425000000000001,0.5109649122807017,RL
RL-s4-b300-a1.00,0.5680555555555556,0.549561403508772,RL
RL-s5-b300-a1.00,0.5141666666666667,0.4798245614035087,RL
RL-s6-b300-a1.00,0.5622222222222223,0.5280701754385966,RL
RL-s7-b300-a1.00,0.5158333333333333,0.4780701754385964,RL
RL-s8-b300-a1.00,0.4972222222222221,0.4776315789473683,RL
RL-s9-b300-a1.00,0.5416666666666666,0.5013157894736842,RL
BTO-s0-b300,0.3550000000000001,0.3516666666666667,BTO
BTO-s1-b300,0.34388888888888886,0.3258333333333333,BTO
BTO-s2-b300,0.3911111111111111,0.36874999999999997,BTO
POOL-s0-b1000,0.5786111111111111,0.5254166666666666,Pool
POOL-s1-b1000,0.6086111111111111,0.5579166666666666,Pool
POOL-s2-b1000,0.5713888888888888,0.5179166666666667,Pool
POOL-s3-b1000,0.5691666666666666,0.5254166666666666,Pool
POOL-s4-b1000,0.5772222222222222,0.52625,Pool
