cond,d_star,d_star_090,d_star_095,d_star_099,fidelity_at_4,n_leaves,n_samples
POOL-s0-b100,5.0,3.0,5.0,17.0,0.9427397481276012,32.0,29229
POOL-s0-b300,17.0,6.0,17.0,17.0,0.8598882996709661,3212.0,27156
POOL-s0-b500,17.0,7.0,17.0,17.0,0.854001420869697,4462.0,25913
POOL-s1-b100,6.0,2.0,6.0,17.0,0.9408348968812781,63.0,23340
POOL-s1-b300,10.0,4.0,10.0,17.0,0.9174992113292701,512.0,28268
POOL-s1-b500,8.0,4.0,8.0,17.0,0.9084040970836473,197.0,27020
POOL-s2-b100,17.0,5.0,17.0,17.0,0.8913263000401852,3529.0,26034
POOL-s2-b300,17.0,4.0,17.0,17.0,0.9036738150775907,3231.0,28198
POOL-s2-b500,17.0,17.0,17.0,17.0,0.8267415000130249,2808.0,26867
POOL-s3-b100,17.0,6.0,17.0,17.0,0.8601085004700302,3940.0,26078
POOL-s3-b300,17.0,6.0,17.0,17.0,0.8925351411477548,3233.0,27196
POOL-s3-b500,17.0,17.0,17.0,17.0,0.5492106870064326,3730.0,22848
POOL-s4-b100,17.0,5.0,17.0,17.0,0.8781360479173234,3463.0,26125
POOL-s4-b300,17.0,7.0,17.0,17.0,0.8603118308598647,2947.0,25476
POOL-s4-b500,17.0,5.0,17.0,17.0,0.8973300349645303,3931.0,25226
